{"val_mean_iou":0.2890441119670868,"learning_rate":3.99999953515362e-05,"accuracy":0.5215462446212769,"mean_iou":0.3340066075325012,"_wandb":{"runtime":283},"best_val_loss":0.6903914213180542,"fbeta_score":0.5029524564743042,"best_epoch":10,"_step":50,"val_loss":0.6927481293678284,"epoch":49,"_timestamp":1.7302255980885901e+09,"val_fbeta_score":0.41988900303840637,"loss":0.6930498480796814,"val_accuracy":0.5355259776115417,"_runtime":283.767151}