{"fbeta_score":0.507941722869873,"accuracy":0.5077897906303406,"_timestamp":1.7302217106875e+09,"loss":0.6929221749305725,"val_mean_iou":0.32567691802978516,"val_loss":0.6929998397827148,"best_epoch":3,"_runtime":187.291183,"epoch":29,"val_accuracy":0.517565906047821,"val_fbeta_score":0.48957961797714233,"_step":30,"mean_iou":0.33743444085121155,"learning_rate":1.5999997913240804e-06,"_wandb":{"runtime":187},"best_val_loss":0.6915484666824341}