{"best_epoch":12,"_timestamp":1.730225312444435e+09,"val_accuracy":0.5413539409637451,"val_fbeta_score":0.3802683651447296,"_runtime":289.820324,"_wandb":{"runtime":289},"learning_rate":7.99999907030724e-05,"epoch":49,"best_val_loss":0.6909392476081848,"mean_iou":0.3170640468597412,"loss":0.693091094493866,"val_loss":0.6927891373634338,"accuracy":0.527841329574585,"_step":50,"val_mean_iou":0.27067697048187256,"fbeta_score":0.47621095180511475}