{"val_mean_iou":0.3494250476360321,"fbeta_score":0.5039600729942322,"_step":23,"learning_rate":4.0000002627493814e-05,"val_fbeta_score":0.5084725618362427,"_runtime":143.775407,"val_accuracy":0.5684901475906372,"mean_iou":0.3358774781227112,"epoch":23,"accuracy":0.503044843673706,"loss":0.6948501467704773,"_timestamp":1.730220943720534e+09,"_wandb":{"runtime":143},"best_val_loss":0.6871944069862366,"best_epoch":13,"val_loss":0.6917421221733093}