{"accuracy":0.5073574185371399,"val_accuracy":0.5413539409637451,"val_mean_iou":0.27067697048187256,"learning_rate":1.6000001323845936e-06,"_timestamp":1.730225020891902e+09,"val_loss":0.6926560997962952,"epoch":25,"_runtime":153.874965,"mean_iou":0.33632588386535645,"loss":0.69831383228302,"_step":26,"fbeta_score":0.5068935751914978,"best_epoch":1,"_wandb":{"runtime":153},"best_val_loss":0.6897104382514954,"val_fbeta_score":0.3802683651447296}