{"best_epoch":5,"fbeta_score":0.5021058917045593,"loss":0.6958053708076477,"accuracy":0.5120221376419067,"epoch":15,"val_loss":0.6928226351737976,"_step":15,"val_fbeta_score":0.4956836700439453,"val_accuracy":0.5207990407943726,"val_mean_iou":0.3304477334022522,"mean_iou":0.3321443498134613,"_runtime":114.336871,"_wandb":{"runtime":114},"learning_rate":0.0009999999310821295,"best_val_loss":0.6907939314842224,"_timestamp":1.7302207968085601e+09}