{"val_accuracy":0.5413539409637451,"_wandb":{"runtime":68},"val_fbeta_score":0.3802683651447296,"mean_iou":0.33300358057022095,"best_val_loss":0.6923377513885498,"_timestamp":1.730222892852997e+09,"_step":11,"loss":0.6930620074272156,"learning_rate":0.0009999999310821295,"_runtime":68.335591,"fbeta_score":0.5034630298614502,"best_epoch":0,"val_mean_iou":0.27067697048187256,"epoch":10,"accuracy":0.5081863403320312,"val_loss":0.6931278705596924}