OID,Latitude (N),Longitude (E),LOLA 1024ppd Elevation - Numeric
1,20.49072265625,218.62255859375,4820.5
2,20.49072265625,218.62353515625,4820.0
3,20.49072265625,218.62451171875,4819.0
4,20.49072265625,218.62548828125,4818.0
5,20.49072265625,218.62646484375003,4817.5
6,20.49072265625,218.62744140625,4816.5
7,20.49072265625,218.62841796875,4815.5
8,20.49072265625,218.62939453125,4814.5
9,20.49072265625,218.63037109374997,4813.5
10,20.49072265625,218.63134765625,4812.5
11,20.49072265625,218.63232421875,4811.5
12,20.49072265625,218.63330078125,4810.5
13,20.49072265625,218.63427734375,4809.0
14,20.49072265625,218.63525390625,4808.0
15,20.49072265625,218.63623046875003,4807.0
16,20.49072265625,218.63720703125,4805.5
17,20.49072265625,218.63818359375,4804.0
18,20.49072265625,218.63916015625,4803.0
19,20.49072265625,218.64013671875003,4801.5
20,20.49072265625,218.64111328125,4800.0
21,20.49072265625,218.64208984375,4798.5
22,20.49072265625,218.64306640625,4796.5
23,20.49072265625,218.64404296875,4794.5
24,20.49072265625,218.64501953125,4792.0
25,20.49072265625,218.64599609375,4789.5
26,20.49072265625,218.64697265625,4796.5
27,20.49072265625,218.64794921875,4799.0
28,20.49072265625,218.64892578125003,4802.0
29,20.49072265625,218.64990234375,4804.5
30,20.49072265625,218.65087890625,4807.5
31,20.49072265625,218.65185546875003,4810.0
32,20.49072265625,218.65283203125,4812.5
33,20.49072265625,218.65380859375,4815.0
34,20.49072265625,218.65478515625,4817.5
35,20.49072265625,218.65576171875,4819.5
36,20.49072265625,218.65673828125,4822.0
37,20.49072265625,218.65771484375003,4824.0
38,20.49072265625,218.65869140625,4826.0
39,20.49072265625,218.65966796875,4828.0
40,20.49072265625,218.66064453125,4830.0
41,20.49072265625,218.66162109374997,4831.5
42,20.49072265625,218.66259765625,4833.0
43,20.49072265625,218.66357421875,4834.5
44,20.49072265625,218.66455078125,4835.5
45,20.49072265625,218.66552734375,4836.5
46,20.49072265625,218.66650390625,4836.5
47,20.49072265625,218.66748046875003,4836.0
48,20.49072265625,218.66845703125,4834.5
49,20.49072265625,218.66943359375,4832.0
50,20.49072265625,218.67041015625,4828.0
51,20.49072265625,218.67138671875003,4825.0
52,20.49072265625,218.67236328125,4831.5
53,20.49072265625,218.67333984375,4838.5
54,20.49072265625,218.67431640625003,4845.0
55,20.49072265625,218.67529296875,4850.0
56,20.49072265625,218.67626953125,4854.0
57,20.49072265625,218.67724609375,4857.5
58,20.49072265625,218.67822265625,4860.5
59,20.49072265625,218.67919921875,4863.0
60,20.49072265625,218.68017578125003,4865.5
61,20.49072265625,218.68115234374997,4867.5
62,20.49072265625,218.68212890625,4869.5
63,20.49072265625,218.68310546875,4871.5
64,20.49072265625,218.68408203125003,4873.5
65,20.49072265625,218.68505859375,4875.5
66,20.49072265625,218.68603515625,4877.5
67,20.49072265625,218.68701171875,4879.5
68,20.49072265625,218.68798828125,4881.5
69,20.49072265625,218.68896484375,4883.5
70,20.49072265625,218.68994140625,4885.0
71,20.49072265625,218.69091796875,4887.0
72,20.49072265625,218.69189453125,4889.0
73,20.49072265625,218.69287109374997,4891.0
74,20.49072265625,218.69384765625003,4893.0
75,20.49072265625,218.69482421875,4895.0
76,20.49072265625,218.69580078125,4897.0
77,20.49072265625,218.69677734375,4899.0
78,20.49072265625,218.69775390625,4901.0
79,20.49072265625,218.69873046875,4903.5
80,20.49072265625,218.69970703125,4906.0
81,20.49072265625,218.70068359375,4908.5
82,20.49072265625,218.70166015625,4911.0
83,20.49072265625,218.70263671875003,4913.5
84,20.49072265625,218.70361328125,4916.0
85,20.49072265625,218.70458984375,4918.5
86,20.49072265625,218.70556640625003,4920.5
87,20.49072265625,218.70654296874997,4923.5
88,20.49072265625,218.70751953125,4929.0
89,20.49072265625,218.70849609375,4932.5
90,20.49072265625,218.70947265625,4934.0
91,20.49072265625,218.71044921875,4935.0
92,20.49072265625,218.71142578125,4936.0
93,20.49072265625,218.71240234375,4937.5
94,20.49072265625,218.71337890625,4938.5
95,20.49072265625,218.71435546875,4940.0
96,20.49072265625,218.71533203125003,4941.5
97,20.49072265625,218.71630859375003,4942.5
98,20.49072265625,218.71728515625,4944.0
99,20.49072265625,218.71826171875,4945.0
100,20.49072265625,218.71923828125,4946.0
101,20.49072265625,218.72021484375,4946.5
102,20.49072265625,218.72119140625,4947.0
103,20.49072265625,218.72216796875,4947.5
104,20.49072265625,218.72314453125,4949.0
105,20.49072265625,218.72412109375,4952.0
106,20.49072265625,218.72509765625003,4956.0
107,20.49072265625,218.72607421875,4960.0
108,20.49072265625,218.72705078125,4964.0
109,20.49072265625,218.72802734375003,4967.5
110,20.49072265625,218.72900390625003,4968.5
111,20.49072265625,218.72998046875,4969.0
112,20.49072265625,218.73095703125,4969.0
113,20.49072265625,218.73193359375,4969.5
114,20.49072265625,218.73291015625,4970.0
115,20.49072265625,218.73388671875,4970.5
116,20.49072265625,218.73486328125,4971.0
117,20.49072265625,218.73583984375,4971.5
118,20.49072265625,218.73681640625,4971.5
119,20.49072265625,218.73779296875003,4971.5
120,20.49072265625,218.73876953125,4971.5
121,20.49072265625,218.73974609375,4971.0
122,20.49072265625,218.74072265625003,4970.0
123,20.49072265625,218.74169921875,4968.5
124,20.49072265625,218.74267578125,4970.5
125,20.49072265625,218.74365234375,4972.0
126,20.49072265625,218.74462890625,4973.0
127,20.489746093750007,218.62255859375,4819.5
128,20.48974609375,218.62353515625,4819.0
129,20.48974609375,218.62451171875,4818.0
130,20.489746093750007,218.62548828125,4817.0
131,20.489746093750007,218.62646484375003,4816.5
132,20.489746093750007,218.62744140625,4815.5
133,20.489746093750007,218.62841796875,4814.5
134,20.48974609375,218.62939453125003,4813.5
135,20.489746093750007,218.63037109374997,4812.5
136,20.489746093750007,218.63134765625,4811.0
137,20.489746093750007,218.63232421875,4810.0
138,20.489746093750007,218.63330078125,4809.0
139,20.48974609375,218.63427734375,4807.5
140,20.489746093750007,218.63525390625,4806.5
141,20.489746093750007,218.63623046875,4805.0
142,20.489746093750007,218.63720703125,4803.5
143,20.489746093750007,218.63818359375,4802.0
144,20.489746093750007,218.63916015625,4800.5
145,20.489746093750007,218.64013671875003,4799.0
146,20.489746093750007,218.64111328125,4797.5
147,20.48974609375,218.64208984375,4795.5
148,20.489746093750007,218.64306640625,4793.5
149,20.489746093750007,218.64404296875,4791.5
150,20.48974609375,218.64501953125,4788.5
151,20.489746093750007,218.64599609375,4784.0
152,20.489746093750007,218.64697265625,4791.0
153,20.489746093750007,218.64794921875,4796.0
154,20.489746093750007,218.64892578125003,4799.5
155,20.489746093750007,218.64990234375,4802.5
156,20.489746093750007,218.65087890625,4805.0
157,20.489746093750007,218.65185546875003,4808.0
158,20.489746093750007,218.65283203125,4810.5
159,20.48974609375,218.65380859375,4813.0
160,20.489746093750007,218.65478515625,4815.5
161,20.489746093750007,218.65576171875,4817.5
162,20.489746093750007,218.65673828125,4820.0
163,20.489746093750007,218.65771484375003,4822.0
164,20.489746093750007,218.65869140625,4824.5
165,20.489746093750007,218.65966796875,4826.5
166,20.489746093750007,218.66064453125,4828.0
167,20.48974609375,218.66162109374997,4830.0
168,20.489746093750007,218.66259765625,4831.5
169,20.489746093750007,218.66357421875,4833.0
170,20.48974609375,218.66455078125,4834.0
171,20.489746093750007,218.66552734375,4835.0
172,20.489746093750007,218.66650390625,4835.5
173,20.489746093750007,218.66748046875,4835.0
174,20.489746093750007,218.66845703125,4833.5
175,20.489746093750007,218.66943359375,4831.0
176,20.48974609375,218.67041015625,4828.0
177,20.489746093750007,218.67138671875003,4826.5
178,20.489746093750007,218.67236328125,4831.5
179,20.48974609375,218.67333984375,4838.0
180,20.489746093750007,218.67431640625003,4844.0
181,20.489746093750007,218.67529296875,4849.0
182,20.48974609375,218.67626953125,4853.0
183,20.489746093750007,218.67724609375,4856.5
184,20.48974609375,218.67822265625,4859.5
185,20.489746093750007,218.67919921875,4862.0
186,20.489746093750007,218.68017578125003,4864.0
187,20.489746093750007,218.68115234375,4866.5
188,20.489746093750007,218.68212890625,4868.5
189,20.489746093750007,218.68310546875003,4870.5
190,20.48974609375,218.68408203124997,4872.5
191,20.489746093750007,218.68505859375,4874.5
192,20.489746093750007,218.68603515625,4876.5
193,20.489746093750007,218.68701171875,4878.5
194,20.489746093750007,218.68798828125,4880.0
195,20.48974609375,218.68896484375,4882.0
196,20.48974609375,218.68994140625,4884.0
197,20.48974609375,218.69091796875,4886.0
198,20.48974609375,218.69189453125,4887.5
199,20.489746093750007,218.69287109374997,4889.5
200,20.489746093750007,218.69384765625003,4891.5
201,20.489746093750007,218.69482421875,4893.5
202,20.48974609375,218.69580078125,4895.5
203,20.48974609375,218.69677734375,4897.5
204,20.48974609375,218.69775390625,4899.5
205,20.489746093750007,218.69873046875,4902.0
206,20.48974609375,218.69970703125,4904.0
207,20.48974609375,218.70068359375,4906.5
208,20.489746093750007,218.70166015625,4909.0
209,20.489746093750007,218.70263671875003,4911.5
210,20.48974609375,218.70361328125,4914.0
211,20.489746093750007,218.70458984375,4917.0
212,20.48974609375,218.70556640625003,4920.5
213,20.48974609375,218.70654296874997,4925.0
214,20.48974609375,218.70751953125,4929.5
215,20.489746093750007,218.70849609375,4933.5
216,20.48974609375,218.70947265625,4935.0
217,20.48974609375,218.71044921875,4936.0
218,20.48974609375,218.71142578125,4937.0
219,20.48974609375,218.71240234375,4938.0
220,20.489746093750007,218.71337890625,4939.0
221,20.489746093750007,218.71435546875,4940.0
222,20.48974609375,218.71533203124997,4941.5
223,20.489746093750007,218.71630859375003,4943.0
224,20.48974609375,218.71728515625,4944.0
225,20.489746093750007,218.71826171875003,4945.5
226,20.489746093750007,218.71923828125,4946.5
227,20.489746093750007,218.72021484375003,4947.5
228,20.489746093750007,218.72119140625,4948.0
229,20.48974609375,218.72216796875,4948.5
230,20.48974609375,218.72314453125,4949.5
231,20.489746093750007,218.72412109375,4953.0
232,20.489746093750007,218.72509765625003,4957.0
233,20.489746093750007,218.72607421875,4960.5
234,20.489746093750007,218.72705078125,4964.0
235,20.489746093750007,218.72802734375,4967.0
236,20.48974609375,218.72900390624997,4968.0
237,20.48974609375,218.72998046875,4968.5
238,20.48974609375,218.73095703125,4969.0
239,20.489746093750007,218.73193359375,4969.5
240,20.489746093750007,218.73291015625,4970.0
241,20.489746093750007,218.73388671875,4970.5
242,20.48974609375,218.73486328125,4971.0
243,20.489746093750007,218.73583984375,4971.5
244,20.48974609375,218.73681640625,4972.0
245,20.489746093750007,218.73779296874997,4972.0
246,20.489746093750007,218.73876953125,4972.0
247,20.489746093750007,218.73974609375,4971.5
248,20.489746093750007,218.74072265625003,4971.5
249,20.489746093750007,218.74169921875,4971.5
250,20.48974609375,218.74267578125,4972.0
251,20.489746093750007,218.74365234375,4972.5
252,20.48974609375,218.74462890625,4973.0
253,20.488769531250004,218.62255859375,4819.0
254,20.488769531250004,218.62353515625,4818.0
255,20.488769531250004,218.62451171875,4817.0
256,20.488769531250004,218.62548828125,4816.0
257,20.488769531250004,218.62646484375003,4815.5
258,20.488769531250004,218.62744140625,4814.5
259,20.488769531250004,218.62841796875,4813.0
260,20.488769531250004,218.62939453125,4812.0
261,20.488769531250004,218.63037109374997,4811.0
262,20.488769531250004,218.63134765625,4810.0
263,20.488769531250004,218.63232421875,4808.5
264,20.488769531250004,218.63330078125,4807.5
265,20.488769531250004,218.63427734375,4806.0
266,20.488769531250004,218.63525390625,4804.5
267,20.488769531250004,218.63623046875003,4803.0
268,20.488769531250004,218.63720703125,4802.0
269,20.488769531250004,218.63818359375,4800.5
270,20.488769531250004,218.63916015625,4798.5
271,20.488769531250004,218.64013671875003,4797.0
272,20.488769531250004,218.64111328125,4795.0
273,20.488769531250004,218.64208984375,4793.5
274,20.488769531250004,218.64306640625,4791.5
275,20.488769531250004,218.64404296875,4789.5
276,20.488769531250004,218.64501953125,4788.5
277,20.488769531250004,218.64599609375,4790.0
278,20.488769531250004,218.64697265625,4792.0
279,20.488769531250004,218.64794921875,4794.5
280,20.488769531250004,218.64892578125003,4797.5
281,20.488769531250004,218.64990234375,4800.0
282,20.488769531250004,218.65087890625,4803.0
283,20.488769531250004,218.65185546875003,4806.0
284,20.488769531250004,218.65283203125,4808.5
285,20.488769531250004,218.65380859375,4811.0
286,20.488769531250004,218.65478515625,4813.5
287,20.488769531250004,218.65576171875,4816.0
288,20.488769531250004,218.65673828125,4818.5
289,20.488769531250004,218.65771484375,4820.5
290,20.488769531250004,218.65869140625,4822.5
291,20.488769531250004,218.65966796875,4825.0
292,20.488769531250004,218.66064453125,4827.0
293,20.488769531250004,218.66162109374997,4828.5
294,20.488769531250004,218.66259765625,4830.5
295,20.488769531250004,218.66357421875,4832.0
296,20.488769531250004,218.66455078125,4833.5
297,20.488769531250004,218.66552734375,4834.5
298,20.488769531250004,218.66650390625,4835.0
299,20.488769531250004,218.66748046875,4835.0
300,20.488769531250004,218.66845703125,4834.5
301,20.488769531250004,218.66943359375,4833.0
302,20.488769531250004,218.67041015625,4830.5
303,20.488769531250004,218.67138671875003,4829.0
304,20.488769531250004,218.67236328125,4834.5
305,20.488769531250004,218.67333984375,4840.0
306,20.488769531250004,218.67431640625003,4845.0
307,20.488769531250004,218.67529296875,4849.5
308,20.488769531250004,218.67626953125,4853.0
309,20.488769531250004,218.67724609375,4856.0
310,20.488769531250004,218.67822265625,4858.5
311,20.488769531250004,218.67919921875,4861.0
312,20.488769531250004,218.68017578125003,4863.5
313,20.488769531250004,218.68115234375,4865.5
314,20.488769531250004,218.68212890625,4867.5
315,20.488769531250004,218.68310546875003,4869.5
316,20.488769531250004,218.68408203125003,4871.5
317,20.488769531250004,218.68505859375,4873.5
318,20.488769531250004,218.68603515625,4875.5
319,20.488769531250004,218.68701171875,4877.0
320,20.488769531250004,218.68798828125,4879.0
321,20.488769531250004,218.68896484375,4881.0
322,20.488769531250004,218.68994140625,4883.0
323,20.488769531250004,218.69091796875,4884.5
324,20.488769531250004,218.69189453125,4886.5
325,20.488769531250004,218.69287109374997,4888.5
326,20.488769531250004,218.69384765625003,4890.0
327,20.488769531250004,218.69482421875,4892.0
328,20.488769531250004,218.69580078125,4894.0
329,20.488769531250004,218.69677734375,4896.0
330,20.488769531250004,218.69775390625,4898.0
331,20.488769531250004,218.69873046875,4900.0
332,20.488769531250004,218.69970703125,4902.5
333,20.488769531250004,218.70068359375,4904.5
334,20.488769531250004,218.70166015625,4907.0
335,20.488769531250004,218.70263671875003,4909.5
336,20.488769531250004,218.70361328125,4912.0
337,20.488769531250004,218.70458984375,4915.0
338,20.488769531250004,218.70556640625003,4917.5
339,20.488769531250004,218.70654296875003,4921.5
340,20.488769531250004,218.70751953125,4928.0
341,20.488769531250004,218.70849609375,4934.5
342,20.488769531250004,218.70947265625,4936.5
343,20.488769531250004,218.71044921875,4937.0
344,20.488769531250004,218.71142578125,4937.5
345,20.488769531250004,218.71240234375,4938.0
346,20.488769531250004,218.71337890625,4939.0
347,20.488769531250004,218.71435546875,4940.5
348,20.488769531250004,218.71533203125003,4941.5
349,20.488769531250004,218.71630859375003,4943.0
350,20.488769531250004,218.71728515625,4944.5
351,20.488769531250004,218.71826171875,4946.0
352,20.488769531250004,218.71923828125,4947.0
353,20.488769531250004,218.72021484375,4948.5
354,20.488769531250004,218.72119140625,4950.0
355,20.488769531250004,218.72216796875,4951.5
356,20.488769531250004,218.72314453125,4953.5
357,20.488769531250004,218.72412109375,4955.5
358,20.488769531250004,218.72509765625003,4958.0
359,20.488769531250004,218.72607421875,4961.0
360,20.488769531250004,218.72705078125,4964.0
361,20.488769531250004,218.72802734375003,4966.5
362,20.488769531250004,218.72900390625003,4967.5
363,20.488769531250004,218.72998046875,4968.5
364,20.488769531250004,218.73095703125,4969.0
365,20.488769531250004,218.73193359375,4969.5
366,20.488769531250004,218.73291015625,4970.5
367,20.488769531250004,218.73388671875003,4971.0
368,20.488769531250004,218.73486328125,4971.5
369,20.488769531250004,218.73583984375,4972.0
370,20.488769531250004,218.73681640625,4972.0
371,20.488769531250004,218.73779296875003,4972.5
372,20.488769531250004,218.73876953125,4972.5
373,20.488769531250004,218.73974609375,4972.0
374,20.488769531250004,218.74072265625003,4972.0
375,20.488769531250004,218.74169921875,4972.0
376,20.488769531250004,218.74267578125,4972.5
377,20.488769531250004,218.74365234375,4973.0
378,20.488769531250004,218.74462890625,4973.5
379,20.487792968750004,218.62255859375,4818.0
380,20.487792968750004,218.62353515625,4817.5
381,20.48779296875,218.62451171875,4816.5
382,20.48779296875,218.62548828125,4815.5
383,20.48779296875,218.62646484375003,4814.5
384,20.48779296875,218.62744140625,4813.0
385,20.48779296875,218.62841796875,4812.0
386,20.48779296875,218.62939453125,4811.0
387,20.487792968750004,218.63037109374997,4810.0
388,20.48779296875,218.63134765625,4808.5
389,20.48779296875,218.63232421875,4807.5
390,20.48779296875,218.63330078125,4806.0
391,20.48779296875,218.63427734375,4804.5
392,20.48779296875,218.63525390625,4803.0
393,20.48779296875,218.63623046875003,4801.5
394,20.48779296875,218.63720703125,4800.0
395,20.48779296875,218.63818359375,4798.5
396,20.48779296875,218.63916015625,4797.0
397,20.48779296875,218.64013671875003,4795.0
398,20.48779296875,218.64111328125,4793.0
399,20.48779296875,218.64208984375,4791.0
400,20.48779296875,218.64306640625,4789.0
401,20.48779296875,218.64404296875,4787.0
402,20.48779296875,218.64501953125,4785.0
403,20.48779296875,218.64599609375,4784.5
404,20.48779296875,218.64697265625,4787.5
405,20.48779296875,218.64794921875,4791.5
406,20.48779296875,218.64892578125003,4795.0
407,20.48779296875,218.64990234375,4798.0
408,20.48779296875,218.65087890625,4801.0
409,20.48779296875,218.65185546875003,4804.0
410,20.48779296875,218.65283203125,4806.5
411,20.48779296875,218.65380859375,4809.5
412,20.48779296875,218.65478515625,4812.0
413,20.48779296875,218.65576171875,4814.5
414,20.48779296875,218.65673828125,4816.5
415,20.48779296875,218.65771484375003,4819.0
416,20.48779296875,218.65869140625,4821.5
417,20.48779296875,218.65966796875,4823.5
418,20.48779296875,218.66064453125,4825.5
419,20.48779296875,218.66162109374997,4827.5
420,20.48779296875,218.66259765625,4829.5
421,20.48779296875,218.66357421875,4831.0
422,20.48779296875,218.66455078125,4832.5
423,20.48779296875,218.66552734375,4834.0
424,20.48779296875,218.66650390625,4835.5
425,20.48779296875,218.66748046875003,4836.5
426,20.48779296875,218.66845703125,4837.0
427,20.48779296875,218.66943359375,4837.0
428,20.48779296875,218.67041015625,4837.0
429,20.48779296875,218.67138671875003,4838.0
430,20.48779296875,218.67236328125,4841.0
431,20.48779296875,218.67333984375,4844.5
432,20.487792968750004,218.67431640625003,4847.5
433,20.487792968750004,218.67529296875,4850.5
434,20.48779296875,218.67626953125,4853.5
435,20.48779296875,218.67724609375,4856.0
436,20.48779296875,218.67822265625,4858.5
437,20.48779296875,218.67919921875,4860.5
438,20.48779296875,218.68017578125003,4862.5
439,20.48779296875,218.68115234374997,4864.5
440,20.487792968750004,218.68212890625,4866.5
441,20.48779296875,218.68310546875,4868.5
442,20.48779296875,218.68408203124997,4870.5
443,20.48779296875,218.68505859375,4872.5
444,20.487792968750004,218.68603515625,4874.5
445,20.48779296875,218.68701171875,4876.0
446,20.48779296875,218.68798828125,4878.0
447,20.48779296875,218.68896484375,4879.5
448,20.48779296875,218.68994140625,4881.5
449,20.48779296875,218.69091796875,4883.5
450,20.48779296875,218.69189453125,4885.0
451,20.48779296875,218.69287109374997,4887.0
452,20.48779296875,218.69384765625003,4889.0
453,20.48779296875,218.69482421875,4890.5
454,20.48779296875,218.69580078125,4892.5
455,20.48779296875,218.69677734375,4894.5
456,20.48779296875,218.69775390625,4896.5
457,20.48779296875,218.69873046875,4898.5
458,20.48779296875,218.69970703125,4900.5
459,20.48779296875,218.70068359375,4902.5
460,20.48779296875,218.70166015625,4904.5
461,20.48779296875,218.70263671875003,4907.0
462,20.48779296875,218.70361328125,4910.0
463,20.48779296875,218.70458984375,4914.0
464,20.48779296875,218.70556640625003,4917.5
465,20.48779296875,218.70654296874997,4920.5
466,20.48779296875,218.70751953125,4926.5
467,20.487792968750004,218.70849609375,4932.0
468,20.48779296875,218.70947265625,4936.0
469,20.48779296875,218.71044921875,4936.5
470,20.48779296875,218.71142578125,4937.0
471,20.48779296875,218.71240234375,4938.0
472,20.48779296875,218.71337890625,4939.0
473,20.48779296875,218.71435546875,4940.0
474,20.48779296875,218.71533203125003,4941.5
475,20.487792968750004,218.71630859375003,4943.0
476,20.48779296875,218.71728515625,4944.5
477,20.48779296875,218.71826171875,4946.0
478,20.487792968750004,218.71923828125,4948.0
479,20.48779296875,218.72021484375,4949.5
480,20.48779296875,218.72119140625,4951.0
481,20.48779296875,218.72216796875,4953.0
482,20.48779296875,218.72314453125,4954.5
483,20.48779296875,218.72412109375,4957.0
484,20.48779296875,218.72509765625003,4959.0
485,20.48779296875,218.72607421875,4961.5
486,20.48779296875,218.72705078125,4963.5
487,20.48779296875,218.72802734375003,4965.0
488,20.48779296875,218.72900390624997,4966.5
489,20.48779296875,218.72998046875,4968.0
490,20.48779296875,218.73095703125,4969.0
491,20.48779296875,218.73193359375,4969.5
492,20.48779296875,218.73291015625,4970.5
493,20.48779296875,218.73388671875,4971.0
494,20.48779296875,218.73486328125,4971.5
495,20.48779296875,218.73583984375,4972.0
496,20.48779296875,218.73681640625,4972.5
497,20.48779296875,218.73779296874997,4973.0
498,20.487792968750004,218.73876953125,4973.0
499,20.48779296875,218.73974609375,4973.0
500,20.48779296875,218.74072265625,4972.5
501,20.48779296875,218.74169921875,4972.5
502,20.48779296875,218.74267578125,4973.0
503,20.48779296875,218.74365234375,4973.5
504,20.48779296875,218.74462890625,4974.0
505,20.48681640625,218.62255859375,4817.5
506,20.486816406249996,218.62353515625,4816.5
507,20.486816406249996,218.62451171875,4815.5
508,20.48681640625,218.62548828125,4814.5
509,20.48681640625,218.62646484375003,4813.5
510,20.486816406249996,218.62744140625,4812.5
511,20.48681640625,218.62841796875,4811.0
512,20.486816406249996,218.62939453125,4810.0
513,20.486816406249996,218.63037109374997,4808.5
514,20.48681640625,218.63134765625,4807.5
515,20.486816406249996,218.63232421875,4806.0
516,20.48681640625,218.63330078125,4804.5
517,20.486816406249996,218.63427734375,4803.5
518,20.48681640625,218.63525390625,4802.0
519,20.486816406249996,218.63623046875003,4800.0
520,20.48681640625,218.63720703125,4798.5
521,20.486816406249996,218.63818359375,4797.0
522,20.486816406249996,218.63916015625,4795.0
523,20.48681640625,218.64013671875003,4793.5
524,20.48681640625,218.64111328125,4791.0
525,20.48681640625,218.64208984375,4789.0
526,20.486816406249996,218.64306640625,4787.0
527,20.48681640625,218.64404296875,4784.5
528,20.486816406249996,218.64501953125,4783.5
529,20.486816406249996,218.64599609375,4785.0
530,20.48681640625,218.64697265625,4788.0
531,20.486816406249996,218.64794921875,4790.5
532,20.48681640625,218.64892578125003,4793.0
533,20.48681640625,218.64990234375,4796.0
534,20.486816406249996,218.65087890625,4799.0
535,20.486816406249996,218.65185546875003,4802.0
536,20.486816406249996,218.65283203125,4805.0
537,20.486816406249996,218.65380859375,4807.5
538,20.486816406249996,218.65478515625,4810.0
539,20.486816406249996,218.65576171875,4813.0
540,20.48681640625,218.65673828125,4815.0
541,20.486816406249996,218.65771484375,4817.5
542,20.486816406249996,218.65869140625,4820.0
543,20.486816406249996,218.65966796875,4822.0
544,20.48681640625,218.66064453125,4824.5
545,20.486816406249996,218.66162109374997,4826.5
546,20.48681640625,218.66259765625,4828.5
547,20.48681640625,218.66357421875,4830.5
548,20.486816406249996,218.66455078125,4832.5
549,20.48681640625,218.66552734375,4834.0
550,20.486816406249996,218.66650390625,4836.0
551,20.486816406249996,218.66748046875,4838.0
552,20.48681640625,218.66845703125,4840.0
553,20.48681640625,218.66943359375,4842.0
554,20.486816406249996,218.67041015625,4844.5
555,20.48681640625,218.67138671875003,4847.0
556,20.48681640625,218.67236328125,4848.0
557,20.486816406249996,218.67333984375,4849.0
558,20.48681640625,218.67431640625003,4851.0
559,20.486816406249996,218.67529296875,4852.5
560,20.486816406249996,218.67626953125,4854.5
561,20.48681640625,218.67724609375,4856.5
562,20.486816406249996,218.67822265625,4858.5
563,20.48681640625,218.67919921875,4860.0
564,20.48681640625,218.68017578125003,4862.0
565,20.48681640625,218.68115234374997,4864.0
566,20.48681640625,218.68212890625,4866.0
567,20.486816406249996,218.68310546875003,4868.0
568,20.486816406249996,218.68408203125003,4869.5
569,20.48681640625,218.68505859375,4871.5
570,20.486816406249996,218.68603515625,4873.0
571,20.486816406249996,218.68701171875,4875.0
572,20.48681640625,218.68798828125,4877.0
573,20.486816406249996,218.68896484375,4878.5
574,20.486816406249996,218.68994140625,4880.5
575,20.486816406249996,218.69091796875,4882.0
576,20.48681640625,218.69189453125,4884.0
577,20.486816406249996,218.69287109374997,4885.5
578,20.48681640625,218.69384765625003,4887.5
579,20.486816406249996,218.69482421875,4889.5
580,20.48681640625,218.69580078125,4891.0
581,20.486816406249996,218.69677734375,4893.0
582,20.48681640625,218.69775390625,4895.0
583,20.486816406249996,218.69873046875,4896.5
584,20.486816406249996,218.69970703125,4898.5
585,20.486816406249996,218.70068359375,4900.5
586,20.486816406249996,218.70166015625,4902.0
587,20.486816406249996,218.70263671875003,4904.0
588,20.486816406249996,218.70361328125,4906.0
589,20.48681640625,218.70458984375,4909.0
590,20.486816406249996,218.70556640625003,4914.0
591,20.486816406249996,218.70654296874997,4918.0
592,20.486816406249996,218.70751953125,4923.5
593,20.48681640625,218.70849609375,4929.0
594,20.486816406249996,218.70947265625,4932.5
595,20.486816406249996,218.71044921875,4934.5
596,20.486816406249996,218.71142578125,4935.5
597,20.48681640625,218.71240234375,4937.0
598,20.48681640625,218.71337890625,4938.5
599,20.486816406249996,218.71435546875,4940.0
600,20.486816406249996,218.71533203125003,4941.5
601,20.48681640625,218.71630859375003,4943.0
602,20.486816406249996,218.71728515625,4945.0
603,20.48681640625,218.71826171875,4946.5
604,20.486816406249996,218.71923828125,4948.5
605,20.48681640625,218.72021484375,4950.5
606,20.48681640625,218.72119140625,4952.5
607,20.486816406249996,218.72216796875,4955.0
608,20.486816406249996,218.72314453125,4957.0
609,20.48681640625,218.72412109375,4958.5
610,20.486816406249996,218.72509765625003,4960.5
611,20.486816406249996,218.72607421875,4962.0
612,20.48681640625,218.72705078125,4963.5
613,20.48681640625,218.72802734375003,4964.5
614,20.486816406249996,218.72900390625003,4966.5
615,20.486816406249996,218.72998046875,4967.5
616,20.486816406249996,218.73095703125,4968.5
617,20.486816406249996,218.73193359375,4969.5
618,20.486816406249996,218.73291015625,4970.5
619,20.48681640625,218.73388671875003,4971.5
620,20.486816406249996,218.73486328125,4972.0
621,20.486816406249996,218.73583984375,4972.5
622,20.486816406249996,218.73681640625,4973.0
623,20.486816406249996,218.73779296874997,4973.5
624,20.486816406249996,218.73876953125,4974.0
625,20.486816406249996,218.73974609375,4974.0
626,20.48681640625,218.74072265625003,4974.0
627,20.486816406249996,218.74169921875,4974.0
628,20.48681640625,218.74267578125,4974.5
629,20.486816406249996,218.74365234375,4974.5
630,20.486816406249996,218.74462890625,4975.0
631,20.485839843750004,218.62255859375,4817.0
632,20.485839843750004,218.62353515625,4816.0
633,20.485839843750004,218.62451171875,4815.0
634,20.485839843750004,218.62548828125,4813.5
635,20.485839843750004,218.62646484375003,4812.5
636,20.485839843750004,218.62744140625,4811.5
637,20.485839843750004,218.62841796875,4810.0
638,20.485839843750004,218.62939453125,4809.0
639,20.485839843750004,218.63037109374997,4807.5
640,20.485839843750004,218.63134765625,4806.5
641,20.485839843750004,218.63232421875,4805.0
642,20.485839843750004,218.63330078125,4803.5
643,20.485839843750004,218.63427734375,4802.0
644,20.485839843750004,218.63525390625,4800.5
645,20.485839843750004,218.63623046875003,4799.0
646,20.485839843750004,218.63720703125,4797.0
647,20.485839843750004,218.63818359375,4795.5
648,20.485839843750004,218.63916015625,4793.5
649,20.485839843750004,218.64013671875003,4791.5
650,20.485839843750004,218.64111328125,4789.5
651,20.485839843750004,218.64208984375,4787.5
652,20.485839843750004,218.64306640625,4785.0
653,20.485839843750004,218.64404296875,4783.0
654,20.485839843750004,218.64501953125,4782.0
655,20.485839843750004,218.64599609375,4783.0
656,20.485839843750004,218.64697265625,4783.5
657,20.485839843750004,218.64794921875,4787.5
658,20.485839843750004,218.64892578125003,4791.0
659,20.485839843750004,218.64990234375,4794.5
660,20.485839843750004,218.65087890625,4797.5
661,20.485839843750004,218.65185546875003,4800.5
662,20.485839843750004,218.65283203125,4803.5
663,20.485839843750004,218.65380859375,4806.0
664,20.485839843750004,218.65478515625,4808.5
665,20.485839843750004,218.65576171875,4811.5
666,20.485839843750004,218.65673828125,4814.0
667,20.485839843750004,218.65771484375003,4816.5
668,20.485839843750004,218.65869140625,4818.5
669,20.485839843750004,218.65966796875,4821.0
670,20.485839843750004,218.66064453125,4823.5
671,20.485839843750004,218.66162109374997,4825.5
672,20.485839843750004,218.66259765625,4827.5
673,20.485839843750004,218.66357421875,4830.0
674,20.485839843750004,218.66455078125,4832.0
675,20.485839843750004,218.66552734375,4834.5
676,20.485839843750004,218.66650390625,4837.0
677,20.485839843750004,218.66748046875003,4839.5
678,20.485839843750004,218.66845703125,4842.5
679,20.485839843750004,218.66943359375,4846.0
680,20.485839843750004,218.67041015625,4850.0
681,20.485839843750004,218.67138671875003,4854.0
682,20.485839843750004,218.67236328125,4854.0
683,20.485839843750004,218.67333984375,4853.5
684,20.485839843750004,218.67431640625003,4853.5
685,20.485839843750004,218.67529296875,4854.0
686,20.485839843750004,218.67626953125,4855.5
687,20.485839843750004,218.67724609375,4856.5
688,20.485839843750004,218.67822265625,4858.5
689,20.485839843750004,218.67919921875,4860.0
690,20.485839843750004,218.68017578125003,4861.5
691,20.485839843750004,218.68115234375,4863.5
692,20.485839843750004,218.68212890625,4865.0
693,20.485839843750004,218.68310546875003,4867.0
694,20.485839843750004,218.68408203124997,4868.5
695,20.485839843750004,218.68505859375,4870.5
696,20.485839843750004,218.68603515625,4872.0
697,20.485839843750004,218.68701171875,4874.0
698,20.485839843750004,218.68798828125,4875.5
699,20.485839843750004,218.68896484375,4877.5
700,20.485839843750004,218.68994140625003,4879.0
701,20.485839843750004,218.69091796875,4881.0
702,20.485839843750004,218.69189453125,4882.5
703,20.485839843750004,218.69287109374997,4884.5
704,20.485839843750004,218.69384765625003,4886.0
705,20.485839843750004,218.69482421875,4888.0
706,20.485839843750004,218.69580078125,4889.5
707,20.485839843750004,218.69677734375,4891.5
708,20.485839843750004,218.69775390625,4893.5
709,20.485839843750004,218.69873046875,4895.0
710,20.485839843750004,218.69970703125,4896.5
711,20.485839843750004,218.70068359375,4898.5
712,20.485839843750004,218.70166015625,4900.0
713,20.485839843750004,218.70263671875003,4901.0
714,20.485839843750004,218.70361328125,4902.0
715,20.485839843750004,218.70458984375,4904.0
716,20.485839843750004,218.70556640625003,4914.0
717,20.485839843750004,218.70654296874997,4918.0
718,20.485839843750004,218.70751953125,4922.0
719,20.485839843750004,218.70849609375,4926.0
720,20.485839843750004,218.70947265625,4930.5
721,20.485839843750004,218.71044921875,4932.0
722,20.485839843750004,218.71142578125,4934.0
723,20.485839843750004,218.71240234375,4935.5
724,20.485839843750004,218.71337890625,4937.5
725,20.485839843750004,218.71435546875,4939.5
726,20.485839843750004,218.71533203124997,4941.0
727,20.485839843750004,218.71630859375003,4943.0
728,20.485839843750004,218.71728515625,4945.0
729,20.485839843750004,218.71826171875,4947.0
730,20.485839843750004,218.71923828125,4949.0
731,20.485839843750004,218.72021484375,4951.5
732,20.485839843750004,218.72119140625,4954.0
733,20.485839843750004,218.72216796875,4956.5
734,20.485839843750004,218.72314453125,4959.0
735,20.485839843750004,218.72412109375,4960.0
736,20.485839843750004,218.72509765625003,4961.5
737,20.485839843750004,218.72607421875,4962.5
738,20.485839843750004,218.72705078125,4964.0
739,20.485839843750004,218.72802734375003,4965.5
740,20.485839843750004,218.72900390625003,4966.5
741,20.485839843750004,218.72998046875,4967.5
742,20.485839843750004,218.73095703125,4969.0
743,20.485839843750004,218.73193359375,4970.0
744,20.485839843750004,218.73291015625,4971.0
745,20.485839843750004,218.73388671875003,4971.5
746,20.485839843750004,218.73486328125,4972.5
747,20.485839843750004,218.73583984375,4973.0
748,20.485839843750004,218.73681640625,4974.0
749,20.485839843750004,218.73779296874997,4974.5
750,20.485839843750004,218.73876953125,4975.0
751,20.485839843750004,218.73974609375,4975.5
752,20.485839843750004,218.74072265625003,4976.0
753,20.485839843750004,218.74169921875,4976.0
754,20.485839843750004,218.74267578125,4974.5
755,20.485839843750004,218.74365234375,4975.5
756,20.485839843750004,218.74462890625,4976.0
757,20.48486328125,218.62255859375,4816.0
758,20.484863281250004,218.62353515625,4815.0
759,20.48486328125,218.62451171875,4814.0
760,20.484863281250004,218.62548828125,4813.0
761,20.484863281250004,218.62646484375003,4812.0
762,20.484863281250004,218.62744140625,4810.5
763,20.484863281250004,218.62841796875,4809.5
764,20.484863281250004,218.62939453125003,4808.0
765,20.484863281250004,218.63037109374997,4807.0
766,20.484863281250004,218.63134765625,4805.5
767,20.48486328125,218.63232421875,4804.0
768,20.484863281250004,218.63330078125,4802.5
769,20.48486328125,218.63427734375,4801.0
770,20.484863281250004,218.63525390625,4799.5
771,20.484863281250004,218.63623046875,4797.5
772,20.484863281250004,218.63720703125,4796.0
773,20.48486328125,218.63818359375,4794.0
774,20.484863281250004,218.63916015625,4792.5
775,20.484863281250004,218.64013671875003,4790.5
776,20.484863281250004,218.64111328125,4788.0
777,20.484863281250004,218.64208984375,4786.0
778,20.484863281250004,218.64306640625,4783.5
779,20.484863281250004,218.64404296875,4781.5
780,20.48486328125,218.64501953125,4780.0
781,20.484863281250004,218.64599609375,4781.5
782,20.48486328125,218.64697265625,4784.0
783,20.484863281250004,218.64794921875,4786.5
784,20.484863281250004,218.64892578125003,4789.5
785,20.484863281250004,218.64990234375,4793.0
786,20.484863281250004,218.65087890625,4796.0
787,20.484863281250004,218.65185546875003,4799.0
788,20.484863281250004,218.65283203125,4802.0
789,20.484863281250004,218.65380859375,4804.5
790,20.48486328125,218.65478515625,4807.5
791,20.484863281250004,218.65576171875,4810.0
792,20.48486328125,218.65673828125,4812.5
793,20.48486328125,218.65771484375003,4815.0
794,20.48486328125,218.65869140625,4817.5
795,20.484863281250004,218.65966796875,4820.0
796,20.484863281250004,218.66064453125,4822.5
797,20.484863281250004,218.66162109374997,4824.5
798,20.484863281250004,218.66259765625,4827.0
799,20.484863281250004,218.66357421875,4829.5
800,20.484863281250004,218.66455078125,4832.0
801,20.484863281250004,218.66552734375,4834.5
802,20.484863281250004,218.66650390625,4837.0
803,20.484863281250004,218.66748046875,4840.5
804,20.484863281250004,218.66845703125,4844.0
805,20.484863281250004,218.66943359375,4849.0
806,20.484863281250004,218.67041015625,4854.5
807,20.484863281250004,218.67138671875003,4860.0
808,20.484863281250004,218.67236328125,4858.0
809,20.484863281250004,218.67333984375,4856.5
810,20.484863281250004,218.67431640625003,4855.5
811,20.484863281250004,218.67529296875,4855.5
812,20.484863281250004,218.67626953125,4856.0
813,20.484863281250004,218.67724609375,4857.0
814,20.484863281250004,218.67822265625,4858.0
815,20.484863281250004,218.67919921875,4859.5
816,20.484863281250004,218.68017578125003,4861.0
817,20.484863281250004,218.68115234375,4863.0
818,20.484863281250004,218.68212890625,4864.5
819,20.484863281250004,218.68310546875,4866.0
820,20.484863281250004,218.68408203125003,4868.0
821,20.484863281250004,218.68505859375,4869.5
822,20.484863281250004,218.68603515625,4871.0
823,20.48486328125,218.68701171875,4873.0
824,20.484863281250004,218.68798828125,4874.5
825,20.484863281250004,218.68896484375,4876.0
826,20.48486328125,218.68994140625,4878.0
827,20.484863281250004,218.69091796875,4879.5
828,20.484863281250004,218.69189453125,4881.5
829,20.484863281250004,218.69287109374997,4883.0
830,20.484863281250004,218.69384765625003,4885.0
831,20.48486328125,218.69482421875,4886.5
832,20.48486328125,218.69580078125,4888.5
833,20.484863281250004,218.69677734375,4890.0
834,20.48486328125,218.69775390625,4891.5
835,20.484863281250004,218.69873046875,4893.5
836,20.484863281250004,218.69970703125,4895.0
837,20.484863281250004,218.70068359375,4896.5
838,20.48486328125,218.70166015625,4898.0
839,20.484863281250004,218.70263671875003,4899.5
840,20.484863281250004,218.70361328125,4900.5
841,20.484863281250004,218.70458984375,4902.5
842,20.484863281250004,218.70556640625003,4907.0
843,20.48486328125,218.70654296874997,4914.5
844,20.484863281250004,218.70751953125,4918.5
845,20.484863281250004,218.70849609375,4921.5
846,20.48486328125,218.70947265625,4923.0
847,20.48486328125,218.71044921875,4928.0
848,20.48486328125,218.71142578125,4931.5
849,20.484863281250004,218.71240234375,4934.5
850,20.48486328125,218.71337890625,4936.5
851,20.484863281250004,218.71435546875,4938.5
852,20.48486328125,218.71533203125003,4940.5
853,20.484863281250004,218.71630859375003,4943.0
854,20.484863281250004,218.71728515625,4945.0
855,20.484863281250004,218.71826171875,4947.0
856,20.484863281250004,218.71923828125,4949.5
857,20.484863281250004,218.72021484375,4952.0
858,20.484863281250004,218.72119140625,4955.0
859,20.48486328125,218.72216796875,4957.5
860,20.484863281250004,218.72314453125,4959.5
861,20.484863281250004,218.72412109375,4961.0
862,20.48486328125,218.72509765625003,4962.5
863,20.484863281250004,218.72607421875,4963.0
864,20.484863281250004,218.72705078125,4964.0
865,20.484863281250004,218.72802734375003,4965.0
866,20.484863281250004,218.72900390624997,4966.5
867,20.484863281250004,218.72998046875,4967.5
868,20.484863281250004,218.73095703125,4969.0
869,20.484863281250004,218.73193359375,4970.0
870,20.48486328125,218.73291015625,4971.0
871,20.484863281250004,218.73388671875,4972.0
872,20.484863281250004,218.73486328125,4973.0
873,20.484863281250004,218.73583984375,4974.0
874,20.484863281250004,218.73681640625,4974.5
875,20.484863281250004,218.73779296875003,4975.5
876,20.484863281250004,218.73876953125,4976.0
877,20.484863281250004,218.73974609375,4977.0
878,20.484863281250004,218.74072265625003,4977.5
879,20.48486328125,218.74169921875,4977.5
880,20.484863281250004,218.74267578125,4977.0
881,20.484863281250004,218.74365234375,4977.0
882,20.48486328125,218.74462890625,4977.5
883,20.483886718749996,218.62255859375,4815.5
884,20.483886718749996,218.62353515625,4814.5
885,20.483886718749996,218.62451171875,4813.5
886,20.483886718749996,218.62548828125,4812.5
887,20.483886718750004,218.62646484375003,4811.0
888,20.483886718749996,218.62744140625,4810.0
889,20.483886718749996,218.62841796875,4808.5
890,20.483886718749996,218.62939453125003,4807.5
891,20.483886718750004,218.63037109374997,4806.0
892,20.483886718749996,218.63134765625,4804.5
893,20.483886718749996,218.63232421875,4803.0
894,20.483886718750004,218.63330078125,4801.5
895,20.483886718749996,218.63427734375,4800.0
896,20.483886718749996,218.63525390625,4798.5
897,20.483886718749996,218.63623046875003,4796.5
898,20.483886718750004,218.63720703125,4795.0
899,20.483886718749996,218.63818359375,4793.0
900,20.483886718749996,218.63916015625,4791.5
901,20.483886718749996,218.64013671875003,4789.5
902,20.483886718749996,218.64111328125,4787.0
903,20.483886718749996,218.64208984375,4785.0
904,20.483886718749996,218.64306640625,4782.5
905,20.483886718750004,218.64404296875,4780.5
906,20.483886718749996,218.64501953125,4779.0
907,20.483886718750004,218.64599609375,4780.0
908,20.483886718749996,218.64697265625,4782.0
909,20.483886718749996,218.64794921875,4785.0
910,20.483886718749996,218.64892578125003,4788.0
911,20.483886718749996,218.64990234375,4791.5
912,20.483886718749996,218.65087890625,4794.5
913,20.483886718749996,218.65185546875003,4797.5
914,20.483886718749996,218.65283203125,4800.5
915,20.483886718749996,218.65380859375,4803.5
916,20.483886718749996,218.65478515625,4806.0
917,20.483886718750004,218.65576171875,4809.0
918,20.483886718749996,218.65673828125,4811.5
919,20.483886718749996,218.65771484375,4814.0
920,20.483886718749996,218.65869140625,4816.5
921,20.483886718749996,218.65966796875,4819.0
922,20.483886718749996,218.66064453125,4821.5
923,20.483886718749996,218.66162109374997,4824.0
924,20.483886718749996,218.66259765625,4826.0
925,20.483886718749996,218.66357421875,4828.5
926,20.483886718749996,218.66455078125,4831.5
927,20.483886718749996,218.66552734375,4834.0
928,20.483886718749996,218.66650390625,4837.0
929,20.483886718749996,218.66748046875,4840.5
930,20.483886718749996,218.66845703125,4844.5
931,20.483886718749996,218.66943359375,4849.0
932,20.483886718750004,218.67041015625,4854.5
933,20.483886718749996,218.67138671875003,4858.5
934,20.483886718749996,218.67236328125,4858.0
935,20.483886718749996,218.67333984375,4856.5
936,20.483886718749996,218.67431640625003,4855.5
937,20.483886718749996,218.67529296875,4855.5
938,20.483886718749996,218.67626953125,4856.0
939,20.483886718749996,218.67724609375,4857.0
940,20.483886718749996,218.67822265625,4858.0
941,20.483886718749996,218.67919921875,4859.0
942,20.483886718750004,218.68017578125,4860.5
943,20.483886718749996,218.68115234374997,4862.0
944,20.483886718749996,218.68212890625,4863.5
945,20.483886718750004,218.68310546875003,4865.0
946,20.483886718749996,218.68408203124997,4867.0
947,20.483886718750004,218.68505859375,4868.5
948,20.483886718749996,218.68603515625,4870.0
949,20.483886718749996,218.68701171875,4871.5
950,20.483886718749996,218.68798828125,4873.5
951,20.483886718749996,218.68896484375,4875.0
952,20.483886718749996,218.68994140625003,4876.5
953,20.483886718749996,218.69091796875,4878.5
954,20.483886718749996,218.69189453125,4880.0
955,20.483886718749996,218.69287109374997,4881.5
956,20.483886718749996,218.69384765625003,4883.5
957,20.483886718749996,218.69482421875,4885.0
958,20.483886718749996,218.69580078125,4887.0
959,20.483886718749996,218.69677734375,4888.5
960,20.483886718749996,218.69775390625,4890.0
961,20.483886718749996,218.69873046875,4892.0
962,20.483886718749996,218.69970703125,4893.5
963,20.483886718749996,218.70068359375,4895.0
964,20.483886718749996,218.70166015625,4897.0
965,20.483886718749996,218.70263671875003,4898.5
966,20.483886718749996,218.70361328125,4900.5
967,20.483886718749996,218.70458984375,4904.0
968,20.483886718749996,218.70556640625003,4909.5
969,20.483886718749996,218.70654296874997,4912.5
970,20.483886718749996,218.70751953125,4916.0
971,20.483886718749996,218.70849609375,4920.0
972,20.483886718749996,218.70947265625,4923.5
973,20.483886718749996,218.71044921875,4927.5
974,20.483886718749996,218.71142578125,4931.0
975,20.483886718749996,218.71240234375,4933.5
976,20.483886718749996,218.71337890625,4936.0
977,20.483886718749996,218.71435546875,4938.0
978,20.483886718749996,218.71533203125003,4940.5
979,20.483886718749996,218.71630859375003,4942.5
980,20.483886718749996,218.71728515625,4944.5
981,20.483886718749996,218.71826171875,4947.0
982,20.483886718750004,218.71923828125,4950.0
983,20.483886718749996,218.72021484375,4952.5
984,20.483886718749996,218.72119140625,4955.5
985,20.483886718749996,218.72216796875,4959.0
986,20.483886718749996,218.72314453125,4961.5
987,20.483886718749996,218.72412109375,4962.5
988,20.483886718749996,218.72509765625003,4963.0
989,20.483886718749996,218.72607421875,4963.5
990,20.483886718750004,218.72705078125,4964.5
991,20.483886718749996,218.72802734375003,4965.5
992,20.483886718749996,218.72900390625003,4966.5
993,20.483886718749996,218.72998046875,4968.0
994,20.483886718749996,218.73095703125,4969.0
995,20.483886718749996,218.73193359375,4970.5
996,20.483886718750004,218.73291015625,4971.5
997,20.483886718749996,218.73388671875,4972.5
998,20.483886718749996,218.73486328125,4973.5
999,20.483886718749996,218.73583984375,4974.5
1000,20.483886718749996,218.73681640625,4975.5
1001,20.483886718749996,218.73779296874997,4976.5
1002,20.483886718750004,218.73876953125,4977.5
1003,20.483886718749996,218.73974609375,4978.5
1004,20.483886718750004,218.74072265625003,4979.5
1005,20.483886718749996,218.74169921875,4980.0
1006,20.483886718749996,218.74267578125,4979.5
1007,20.483886718750004,218.74365234375,4979.0
1008,20.483886718749996,218.74462890625,4979.0
1009,20.48291015625,218.62255859375,4815.0
1010,20.48291015625,218.62353515625,4814.0
1011,20.48291015625,218.62451171875,4813.0
1012,20.482910156250004,218.62548828125,4811.5
1013,20.482910156250004,218.62646484375003,4810.5
1014,20.48291015625,218.62744140625,4809.0
1015,20.482910156250004,218.62841796875,4808.0
1016,20.48291015625,218.62939453125,4806.5
1017,20.48291015625,218.63037109374997,4805.0
1018,20.482910156250004,218.63134765625,4803.5
1019,20.48291015625,218.63232421875,4802.0
1020,20.482910156250004,218.63330078125,4800.5
1021,20.48291015625,218.63427734375,4799.0
1022,20.48291015625,218.63525390625,4797.5
1023,20.482910156250004,218.63623046875003,4796.0
1024,20.482910156250004,218.63720703125,4794.0
1025,20.48291015625,218.63818359375,4792.0
1026,20.48291015625,218.63916015625,4790.5
1027,20.482910156250004,218.64013671875003,4788.5
1028,20.482910156250004,218.64111328125,4786.5
1029,20.48291015625,218.64208984375,4784.0
1030,20.48291015625,218.64306640625,4782.0
1031,20.482910156250004,218.64404296875,4779.5
1032,20.48291015625,218.64501953125,4778.0
1033,20.482910156250004,218.64599609375,4780.0
1034,20.482910156250004,218.64697265625,4781.5
1035,20.482910156250004,218.64794921875,4784.0
1036,20.482910156250004,218.64892578125003,4787.0
1037,20.482910156250004,218.64990234375,4790.0
1038,20.482910156250004,218.65087890625,4793.5
1039,20.48291015625,218.65185546875003,4796.5
1040,20.482910156250004,218.65283203125,4799.5
1041,20.48291015625,218.65380859375,4802.0
1042,20.482910156250004,218.65478515625,4805.0
1043,20.482910156250004,218.65576171875,4807.5
1044,20.482910156250004,218.65673828125,4810.5
1045,20.48291015625,218.65771484375003,4813.0
1046,20.48291015625,218.65869140625,4815.5
1047,20.482910156250004,218.65966796875,4818.0
1048,20.48291015625,218.66064453125,4820.5
1049,20.48291015625,218.66162109374997,4823.0
1050,20.48291015625,218.66259765625,4825.5
1051,20.482910156250004,218.66357421875,4828.0
1052,20.48291015625,218.66455078125,4830.5
1053,20.48291015625,218.66552734375,4833.5
1054,20.48291015625,218.66650390625,4836.5
1055,20.48291015625,218.66748046875,4840.0
1056,20.48291015625,218.66845703125,4843.5
1057,20.482910156250004,218.66943359375,4848.0
1058,20.48291015625,218.67041015625,4852.5
1059,20.48291015625,218.67138671875003,4857.0
1060,20.48291015625,218.67236328124997,4856.0
1061,20.48291015625,218.67333984375,4855.5
1062,20.482910156250004,218.67431640625003,4855.0
1063,20.482910156250004,218.67529296875,4855.0
1064,20.48291015625,218.67626953125,4855.5
1065,20.48291015625,218.67724609375,4856.5
1066,20.48291015625,218.67822265625,4857.5
1067,20.482910156250004,218.67919921875,4858.5
1068,20.482910156250004,218.68017578125003,4860.0
1069,20.482910156250004,218.68115234375,4861.5
1070,20.482910156250004,218.68212890625,4863.0
1071,20.48291015625,218.68310546875,4864.5
1072,20.48291015625,218.68408203124997,4866.0
1073,20.482910156250004,218.68505859375,4867.5
1074,20.48291015625,218.68603515625,4869.0
1075,20.482910156250004,218.68701171875,4870.5
1076,20.48291015625,218.68798828125,4872.0
1077,20.48291015625,218.68896484375,4874.0
1078,20.482910156250004,218.68994140625,4875.5
1079,20.48291015625,218.69091796875,4877.0
1080,20.48291015625,218.69189453125,4878.5
1081,20.482910156250004,218.69287109374997,4880.5
1082,20.48291015625,218.69384765625003,4882.0
1083,20.482910156250004,218.69482421875,4883.5
1084,20.48291015625,218.69580078125,4885.5
1085,20.482910156250004,218.69677734375,4887.0
1086,20.482910156250004,218.69775390625,4889.0
1087,20.48291015625,218.69873046875,4890.5
1088,20.482910156250004,218.69970703125,4892.0
1089,20.48291015625,218.70068359375,4894.0
1090,20.48291015625,218.70166015625,4895.5
1091,20.48291015625,218.70263671875003,4897.5
1092,20.482910156250004,218.70361328125,4900.0
1093,20.482910156250004,218.70458984375,4903.5
1094,20.48291015625,218.70556640625,4907.5
1095,20.482910156250004,218.70654296874997,4909.0
1096,20.482910156250004,218.70751953125,4914.5
1097,20.482910156250004,218.70849609375,4920.0
1098,20.482910156250004,218.70947265625,4924.5
1099,20.48291015625,218.71044921875,4928.0
1100,20.48291015625,218.71142578125,4931.0
1101,20.48291015625,218.71240234375,4933.5
1102,20.482910156250004,218.71337890625,4935.5
1103,20.482910156250004,218.71435546875,4937.5
1104,20.48291015625,218.71533203125003,4940.0
1105,20.482910156250004,218.71630859375003,4942.0
1106,20.48291015625,218.71728515625,4944.5
1107,20.48291015625,218.71826171875,4947.0
1108,20.48291015625,218.71923828125,4949.5
1109,20.48291015625,218.72021484375,4952.5
1110,20.482910156250004,218.72119140625,4956.0
1111,20.48291015625,218.72216796875,4959.5
1112,20.48291015625,218.72314453125,4963.0
1113,20.482910156250004,218.72412109375,4963.5
1114,20.48291015625,218.72509765625003,4963.5
1115,20.48291015625,218.72607421875,4964.0
1116,20.48291015625,218.72705078125,4965.0
1117,20.48291015625,218.72802734375003,4965.5
1118,20.48291015625,218.72900390625003,4967.0
1119,20.482910156250004,218.72998046875,4968.0
1120,20.48291015625,218.73095703125,4969.5
1121,20.48291015625,218.73193359375,4970.5
1122,20.48291015625,218.73291015625,4971.5
1123,20.48291015625,218.73388671875,4973.0
1124,20.48291015625,218.73486328125,4974.0
1125,20.48291015625,218.73583984375,4975.0
1126,20.48291015625,218.73681640625,4976.0
1127,20.482910156250004,218.73779296874997,4977.0
1128,20.48291015625,218.73876953125,4978.5
1129,20.48291015625,218.73974609375,4979.5
1130,20.482910156250004,218.74072265625003,4981.0
1131,20.48291015625,218.74169921875,4981.5
1132,20.48291015625,218.74267578125,4981.5
1133,20.482910156250004,218.74365234375,4981.0
1134,20.48291015625,218.74462890625,4980.5
1135,20.48193359375,218.62255859375,4814.5
1136,20.48193359375,218.62353515625,4813.5
1137,20.48193359375,218.62451171875,4812.5
1138,20.48193359375,218.62548828125,4811.0
1139,20.481933593750004,218.62646484375003,4810.0
1140,20.481933593750004,218.62744140625,4808.5
1141,20.481933593750004,218.62841796875,4807.0
1142,20.48193359375,218.62939453125,4806.0
1143,20.48193359375,218.63037109374997,4804.5
1144,20.48193359375,218.63134765625,4803.0
1145,20.481933593750004,218.63232421875,4801.5
1146,20.481933593750004,218.63330078125,4800.0
1147,20.48193359375,218.63427734375,4798.5
1148,20.48193359375,218.63525390625,4796.5
1149,20.481933593750004,218.63623046875003,4795.0
1150,20.481933593750004,218.63720703125,4793.5
1151,20.48193359375,218.63818359375,4791.5
1152,20.481933593750004,218.63916015625,4789.5
1153,20.48193359375,218.64013671875003,4787.5
1154,20.48193359375,218.64111328125,4785.5
1155,20.481933593750004,218.64208984375,4783.5
1156,20.48193359375,218.64306640625,4781.5
1157,20.481933593750004,218.64404296875,4780.0
1158,20.48193359375,218.64501953125,4779.0
1159,20.481933593750004,218.64599609375,4780.0
1160,20.48193359375,218.64697265625,4780.5
1161,20.48193359375,218.64794921875,4783.0
1162,20.48193359375,218.64892578125003,4786.0
1163,20.48193359375,218.64990234375,4789.0
1164,20.48193359375,218.65087890625,4792.0
1165,20.481933593750004,218.65185546875003,4795.5
1166,20.48193359375,218.65283203125,4798.0
1167,20.48193359375,218.65380859375,4801.0
1168,20.48193359375,218.65478515625,4804.0
1169,20.48193359375,218.65576171875,4806.5
1170,20.48193359375,218.65673828125,4809.5
1171,20.48193359375,218.65771484375003,4812.0
1172,20.48193359375,218.65869140625,4814.5
1173,20.48193359375,218.65966796875,4817.0
1174,20.48193359375,218.66064453125,4819.5
1175,20.48193359375,218.66162109374997,4822.0
1176,20.48193359375,218.66259765625,4824.5
1177,20.48193359375,218.66357421875,4827.0
1178,20.48193359375,218.66455078125,4830.0
1179,20.48193359375,218.66552734375,4832.5
1180,20.48193359375,218.66650390625,4835.5
1181,20.48193359375,218.66748046875003,4838.5
1182,20.48193359375,218.66845703125,4841.5
1183,20.48193359375,218.66943359375,4845.0
1184,20.48193359375,218.67041015625,4847.5
1185,20.48193359375,218.67138671875003,4849.5
1186,20.48193359375,218.67236328125,4851.5
1187,20.48193359375,218.67333984375,4852.5
1188,20.481933593750004,218.67431640625003,4853.0
1189,20.48193359375,218.67529296875,4854.0
1190,20.48193359375,218.67626953125,4854.5
1191,20.48193359375,218.67724609375,4855.5
1192,20.48193359375,218.67822265625,4856.5
1193,20.481933593750004,218.67919921875,4858.0
1194,20.481933593750004,218.68017578125003,4859.0
1195,20.481933593750004,218.68115234374997,4860.5
1196,20.48193359375,218.68212890625,4862.0
1197,20.481933593750004,218.68310546875003,4863.5
1198,20.48193359375,218.68408203125003,4865.0
1199,20.48193359375,218.68505859375,4866.5
1200,20.481933593750004,218.68603515625,4868.0
1201,20.48193359375,218.68701171875,4869.5
1202,20.48193359375,218.68798828125,4871.0
1203,20.48193359375,218.68896484375,4872.5
1204,20.48193359375,218.68994140625,4874.0
1205,20.48193359375,218.69091796875,4876.0
1206,20.48193359375,218.69189453125,4877.5
1207,20.48193359375,218.69287109374997,4879.0
1208,20.481933593750004,218.69384765625003,4880.5
1209,20.48193359375,218.69482421875,4882.5
1210,20.48193359375,218.69580078125,4884.0
1211,20.48193359375,218.69677734375,4885.5
1212,20.48193359375,218.69775390625,4887.5
1213,20.48193359375,218.69873046875,4889.0
1214,20.48193359375,218.69970703125,4890.5
1215,20.48193359375,218.70068359375,4892.5
1216,20.48193359375,218.70166015625,4894.5
1217,20.48193359375,218.70263671875003,4896.5
1218,20.48193359375,218.70361328125,4899.0
1219,20.48193359375,218.70458984375,4902.0
1220,20.48193359375,218.70556640625,4907.0
1221,20.48193359375,218.70654296874997,4909.0
1222,20.48193359375,218.70751953125,4914.5
1223,20.481933593750004,218.70849609375,4921.5
1224,20.481933593750004,218.70947265625,4928.5
1225,20.48193359375,218.71044921875,4930.0
1226,20.48193359375,218.71142578125,4931.5
1227,20.48193359375,218.71240234375,4933.5
1228,20.48193359375,218.71337890625,4935.0
1229,20.48193359375,218.71435546875,4937.0
1230,20.48193359375,218.71533203124997,4939.0
1231,20.481933593750004,218.71630859375003,4941.5
1232,20.48193359375,218.71728515625,4944.0
1233,20.48193359375,218.71826171875,4946.5
1234,20.481933593750004,218.71923828125,4949.0
1235,20.48193359375,218.72021484375,4952.0
1236,20.481933593750004,218.72119140625,4955.5
1237,20.48193359375,218.72216796875,4958.5
1238,20.48193359375,218.72314453125,4961.5
1239,20.481933593750004,218.72412109375,4962.5
1240,20.48193359375,218.72509765625003,4963.5
1241,20.48193359375,218.72607421875,4964.0
1242,20.481933593750004,218.72705078125,4965.0
1243,20.481933593750004,218.72802734375003,4966.0
1244,20.48193359375,218.72900390624997,4967.5
1245,20.48193359375,218.72998046875,4968.5
1246,20.48193359375,218.73095703125,4970.0
1247,20.48193359375,218.73193359375,4971.0
1248,20.48193359375,218.73291015625,4972.0
1249,20.48193359375,218.73388671875,4973.0
1250,20.48193359375,218.73486328125,4974.5
1251,20.48193359375,218.73583984375,4975.5
1252,20.48193359375,218.73681640625,4976.5
1253,20.48193359375,218.73779296875003,4978.0
1254,20.48193359375,218.73876953125,4979.5
1255,20.48193359375,218.73974609375,4981.0
1256,20.481933593750004,218.74072265625003,4982.0
1257,20.48193359375,218.74169921875,4982.5
1258,20.48193359375,218.74267578125,4982.5
1259,20.48193359375,218.74365234375,4982.0
1260,20.48193359375,218.74462890625,4981.5
1261,20.480957031250004,218.62255859375,4814.0
1262,20.480957031250004,218.62353515625,4813.0
1263,20.480957031250004,218.62451171875,4812.0
1264,20.480957031250004,218.62548828125,4810.5
1265,20.480957031250004,218.62646484375003,4809.5
1266,20.480957031250004,218.62744140625,4808.0
1267,20.480957031250004,218.62841796875,4806.5
1268,20.480957031250004,218.62939453125,4805.0
1269,20.480957031250004,218.63037109374997,4804.0
1270,20.480957031250004,218.63134765625,4802.5
1271,20.480957031250004,218.63232421875,4801.0
1272,20.480957031250004,218.63330078125,4799.5
1273,20.480957031250004,218.63427734375,4797.5
1274,20.480957031250004,218.63525390625,4796.0
1275,20.480957031250004,218.63623046875003,4794.5
1276,20.480957031250004,218.63720703125,4792.5
1277,20.480957031250004,218.63818359375,4791.0
1278,20.480957031250004,218.63916015625,4789.0
1279,20.480957031250004,218.64013671875003,4787.0
1280,20.480957031250004,218.64111328125,4785.0
1281,20.480957031250004,218.64208984375,4783.0
1282,20.480957031250004,218.64306640625,4781.5
1283,20.480957031250004,218.64404296875,4780.0
1284,20.480957031250004,218.64501953125,4779.0
1285,20.480957031250004,218.64599609375,4780.5
1286,20.480957031250004,218.64697265625,4781.0
1287,20.480957031250004,218.64794921875,4782.5
1288,20.480957031250004,218.64892578125003,4785.0
1289,20.480957031250004,218.64990234375,4788.0
1290,20.480957031250004,218.65087890625,4791.5
1291,20.480957031250004,218.65185546875,4794.5
1292,20.480957031250004,218.65283203125,4797.5
1293,20.480957031250004,218.65380859375,4800.0
1294,20.480957031250004,218.65478515625,4803.0
1295,20.480957031250004,218.65576171875,4805.5
1296,20.480957031250004,218.65673828125,4808.5
1297,20.480957031250004,218.65771484375003,4811.0
1298,20.480957031250004,218.65869140625,4813.5
1299,20.480957031250004,218.65966796875,4816.0
1300,20.480957031250004,218.66064453125,4818.5
1301,20.480957031250004,218.66162109374997,4821.0
1302,20.480957031250004,218.66259765625,4823.5
1303,20.480957031250004,218.66357421875,4826.5
1304,20.480957031250004,218.66455078125,4829.0
1305,20.480957031250004,218.66552734375,4831.5
1306,20.480957031250004,218.66650390625,4834.5
1307,20.480957031250004,218.66748046875,4837.0
1308,20.480957031250004,218.66845703125,4840.0
1309,20.480957031250004,218.66943359375,4842.5
1310,20.480957031250004,218.67041015625,4845.0
1311,20.480957031250004,218.67138671875003,4847.5
1312,20.480957031250004,218.67236328124997,4849.0
1313,20.480957031250004,218.67333984375,4850.0
1314,20.480957031250004,218.67431640625003,4851.5
1315,20.480957031250004,218.67529296875,4852.5
1316,20.480957031250004,218.67626953125,4853.5
1317,20.480957031250004,218.67724609375,4854.5
1318,20.480957031250004,218.67822265625,4855.5
1319,20.480957031250004,218.67919921875,4857.0
1320,20.480957031250004,218.68017578125,4858.5
1321,20.480957031250004,218.68115234375,4859.5
1322,20.480957031250004,218.68212890625,4861.0
1323,20.480957031250004,218.68310546875003,4862.5
1324,20.480957031250004,218.68408203125003,4864.0
1325,20.480957031250004,218.68505859375,4865.5
1326,20.480957031250004,218.68603515625,4867.0
1327,20.480957031250004,218.68701171875,4868.5
1328,20.480957031250004,218.68798828125,4870.0
1329,20.480957031250004,218.68896484375,4871.5
1330,20.480957031250004,218.68994140625003,4873.0
1331,20.480957031250004,218.69091796875,4874.5
1332,20.480957031250004,218.69189453125,4876.0
1333,20.480957031250004,218.69287109374997,4877.5
1334,20.480957031250004,218.69384765625003,4879.5
1335,20.480957031250004,218.69482421875,4881.0
1336,20.480957031250004,218.69580078125,4882.5
1337,20.480957031250004,218.69677734375,4884.0
1338,20.480957031250004,218.69775390625,4886.0
1339,20.480957031250004,218.69873046875,4887.5
1340,20.480957031250004,218.69970703125,4889.0
1341,20.480957031250004,218.70068359375,4891.0
1342,20.480957031250004,218.70166015625,4893.0
1343,20.480957031250004,218.70263671875003,4894.5
1344,20.480957031250004,218.70361328125,4897.0
1345,20.480957031250004,218.70458984375,4899.5
1346,20.480957031250004,218.70556640625003,4903.0
1347,20.480957031250004,218.70654296875003,4906.5
1348,20.480957031250004,218.70751953125,4912.5
1349,20.480957031250004,218.70849609375,4919.5
1350,20.480957031250004,218.70947265625,4925.0
1351,20.480957031250004,218.71044921875,4929.0
1352,20.480957031250004,218.71142578125,4931.0
1353,20.480957031250004,218.71240234375,4933.0
1354,20.480957031250004,218.71337890625,4934.5
1355,20.480957031250004,218.71435546875,4936.5
1356,20.480957031250004,218.71533203124997,4938.5
1357,20.480957031250004,218.71630859375003,4940.5
1358,20.480957031250004,218.71728515625,4943.0
1359,20.480957031250004,218.71826171875,4945.5
1360,20.480957031250004,218.71923828125,4948.0
1361,20.480957031250004,218.72021484375,4951.0
1362,20.480957031250004,218.72119140625,4954.0
1363,20.480957031250004,218.72216796875,4957.0
1364,20.480957031250004,218.72314453125,4960.0
1365,20.480957031250004,218.72412109375,4961.0
1366,20.480957031250004,218.72509765625003,4962.5
1367,20.480957031250004,218.72607421875,4964.0
1368,20.480957031250004,218.72705078125,4965.0
1369,20.480957031250004,218.72802734375003,4966.5
1370,20.480957031250004,218.72900390625003,4968.0
1371,20.480957031250004,218.72998046875,4969.5
1372,20.480957031250004,218.73095703125,4970.5
1373,20.480957031250004,218.73193359375,4971.5
1374,20.480957031250004,218.73291015625,4972.5
1375,20.480957031250004,218.73388671875,4973.5
1376,20.480957031250004,218.73486328125,4974.5
1377,20.480957031250004,218.73583984375,4976.0
1378,20.480957031250004,218.73681640625,4977.0
1379,20.480957031250004,218.73779296874997,4978.5
1380,20.480957031250004,218.73876953125,4980.0
1381,20.480957031250004,218.73974609375,4982.0
1382,20.480957031250004,218.74072265625003,4984.0
1383,20.480957031250004,218.74169921875,4986.0
1384,20.480957031250004,218.74267578125,4985.0
1385,20.480957031250004,218.74365234375,4983.5
1386,20.480957031250004,218.74462890625,4982.5
1387,20.47998046875,218.62255859375,4814.0
1388,20.47998046875,218.62353515625,4812.5
1389,20.47998046875,218.62451171875,4811.5
1390,20.47998046875,218.62548828125,4810.0
1391,20.479980468750004,218.62646484375003,4809.0
1392,20.47998046875,218.62744140625,4807.5
1393,20.479980468750004,218.62841796875,4806.0
1394,20.47998046875,218.62939453125,4804.5
1395,20.479980468750004,218.63037109374997,4803.5
1396,20.47998046875,218.63134765625,4802.0
1397,20.479980468750004,218.63232421875,4800.5
1398,20.47998046875,218.63330078125,4798.5
1399,20.47998046875,218.63427734375,4797.0
1400,20.47998046875,218.63525390625,4795.5
1401,20.479980468750004,218.63623046875003,4794.0
1402,20.479980468750004,218.63720703125,4792.0
1403,20.47998046875,218.63818359375,4790.5
1404,20.47998046875,218.63916015625,4788.5
1405,20.47998046875,218.64013671875003,4786.5
1406,20.47998046875,218.64111328125,4785.0
1407,20.47998046875,218.64208984375,4783.0
1408,20.47998046875,218.64306640625,4781.0
1409,20.479980468750004,218.64404296875,4779.5
1410,20.47998046875,218.64501953125,4778.5
1411,20.479980468750004,218.64599609375,4778.0
1412,20.479980468750004,218.64697265625,4779.5
1413,20.47998046875,218.64794921875,4781.5
1414,20.47998046875,218.64892578125003,4784.0
1415,20.479980468750004,218.64990234375,4787.5
1416,20.47998046875,218.65087890625,4790.5
1417,20.47998046875,218.65185546875003,4793.5
1418,20.479980468750004,218.65283203125,4796.5
1419,20.47998046875,218.65380859375,4799.5
1420,20.47998046875,218.65478515625,4802.0
1421,20.47998046875,218.65576171875,4805.0
1422,20.479980468750004,218.65673828125,4807.5
1423,20.47998046875,218.65771484375003,4810.0
1424,20.47998046875,218.65869140625,4812.5
1425,20.47998046875,218.65966796875,4815.5
1426,20.47998046875,218.66064453125,4818.0
1427,20.47998046875,218.66162109374997,4820.5
1428,20.47998046875,218.66259765625,4823.0
1429,20.47998046875,218.66357421875,4825.5
1430,20.47998046875,218.66455078125,4828.0
1431,20.47998046875,218.66552734375,4830.5
1432,20.47998046875,218.66650390625,4833.0
1433,20.47998046875,218.66748046875,4835.5
1434,20.47998046875,218.66845703125,4838.0
1435,20.479980468750004,218.66943359375,4840.5
1436,20.47998046875,218.67041015625,4842.0
1437,20.47998046875,218.67138671875003,4843.5
1438,20.47998046875,218.67236328125,4846.0
1439,20.47998046875,218.67333984375,4848.0
1440,20.47998046875,218.67431640625003,4849.5
1441,20.479980468750004,218.67529296875,4851.0
1442,20.47998046875,218.67626953125,4852.0
1443,20.47998046875,218.67724609375,4853.5
1444,20.47998046875,218.67822265625,4854.5
1445,20.47998046875,218.67919921875,4856.0
1446,20.479980468750004,218.68017578125,4857.5
1447,20.479980468750004,218.68115234375,4858.5
1448,20.47998046875,218.68212890625,4860.0
1449,20.47998046875,218.68310546875003,4861.5
1450,20.47998046875,218.68408203125003,4863.0
1451,20.47998046875,218.68505859375,4864.5
1452,20.47998046875,218.68603515625,4865.5
1453,20.479980468750004,218.68701171875,4867.0
1454,20.47998046875,218.68798828125,4868.5
1455,20.47998046875,218.68896484375,4870.0
1456,20.47998046875,218.68994140625003,4871.5
1457,20.47998046875,218.69091796875,4873.0
1458,20.479980468750004,218.69189453125,4874.5
1459,20.47998046875,218.69287109374997,4876.5
1460,20.479980468750004,218.69384765625003,4878.0
1461,20.47998046875,218.69482421875,4879.5
1462,20.479980468750004,218.69580078125,4881.0
1463,20.47998046875,218.69677734375,4882.5
1464,20.47998046875,218.69775390625,4884.5
1465,20.47998046875,218.69873046875,4886.0
1466,20.47998046875,218.69970703125,4887.5
1467,20.47998046875,218.70068359375,4889.5
1468,20.47998046875,218.70166015625,4891.0
1469,20.47998046875,218.70263671875003,4893.0
1470,20.47998046875,218.70361328125,4895.0
1471,20.479980468750004,218.70458984375,4898.0
1472,20.47998046875,218.70556640625003,4903.0
1473,20.47998046875,218.70654296874997,4903.5
1474,20.479980468750004,218.70751953125,4911.0
1475,20.47998046875,218.70849609375,4920.0
1476,20.47998046875,218.70947265625,4928.5
1477,20.47998046875,218.71044921875,4929.5
1478,20.47998046875,218.71142578125,4930.5
1479,20.47998046875,218.71240234375,4932.0
1480,20.47998046875,218.71337890625,4933.5
1481,20.47998046875,218.71435546875,4935.5
1482,20.47998046875,218.71533203125003,4937.5
1483,20.47998046875,218.71630859375003,4939.5
1484,20.47998046875,218.71728515625,4942.0
1485,20.47998046875,218.71826171875,4944.5
1486,20.479980468750004,218.71923828125,4947.0
1487,20.47998046875,218.72021484375,4949.5
1488,20.479980468750004,218.72119140625,4952.0
1489,20.47998046875,218.72216796875,4954.5
1490,20.47998046875,218.72314453125,4956.0
1491,20.479980468750004,218.72412109375,4958.5
1492,20.47998046875,218.72509765625003,4961.5
1493,20.47998046875,218.72607421875,4964.0
1494,20.479980468750004,218.72705078125,4966.5
1495,20.47998046875,218.72802734375003,4968.5
1496,20.47998046875,218.72900390624997,4969.5
1497,20.479980468750004,218.72998046875,4970.5
1498,20.47998046875,218.73095703125,4971.5
1499,20.47998046875,218.73193359375,4972.0
1500,20.47998046875,218.73291015625,4973.0
1501,20.479980468750004,218.73388671875003,4974.0
1502,20.47998046875,218.73486328125,4975.0
1503,20.47998046875,218.73583984375,4976.0
1504,20.479980468750004,218.73681640625,4977.5
1505,20.47998046875,218.73779296875003,4979.0
1506,20.47998046875,218.73876953125,4980.5
1507,20.479980468750004,218.73974609375,4982.5
1508,20.479980468750004,218.74072265625,4984.0
1509,20.47998046875,218.74169921875,4985.0
1510,20.47998046875,218.74267578125,4985.0
1511,20.47998046875,218.74365234375,4984.0
1512,20.47998046875,218.74462890625,4983.0
1513,20.47900390625,218.62255859375,4813.5
1514,20.47900390625,218.62353515625,4812.0
1515,20.47900390625,218.62451171875,4811.0
1516,20.47900390625,218.62548828125,4809.5
1517,20.47900390625,218.62646484375003,4808.5
1518,20.47900390625,218.62744140625,4807.0
1519,20.47900390625,218.62841796875,4805.5
1520,20.47900390625,218.62939453125003,4804.0
1521,20.47900390625,218.63037109374997,4803.0
1522,20.47900390625,218.63134765625,4801.5
1523,20.47900390625,218.63232421875,4800.0
1524,20.47900390625,218.63330078125,4798.5
1525,20.47900390625,218.63427734375,4796.5
1526,20.47900390625,218.63525390625,4795.0
1527,20.47900390625,218.63623046875,4793.5
1528,20.47900390625,218.63720703125,4791.5
1529,20.47900390625,218.63818359375,4790.0
1530,20.47900390625,218.63916015625,4788.0
1531,20.47900390625,218.64013671875003,4786.5
1532,20.47900390625,218.64111328125,4784.5
1533,20.47900390625,218.64208984375,4782.5
1534,20.47900390625,218.64306640625,4781.0
1535,20.47900390625,218.64404296875,4779.0
1536,20.47900390625,218.64501953125,4778.0
1537,20.47900390625,218.64599609375,4777.0
1538,20.47900390625,218.64697265625,4778.0
1539,20.47900390625,218.64794921875,4780.0
1540,20.47900390625,218.64892578125003,4783.0
1541,20.47900390625,218.64990234375,4786.5
1542,20.47900390625,218.65087890625,4789.5
1543,20.47900390625,218.65185546875003,4792.5
1544,20.47900390625,218.65283203125,4795.5
1545,20.47900390625,218.65380859375,4798.5
1546,20.47900390625,218.65478515625,4801.5
1547,20.47900390625,218.65576171875,4804.0
1548,20.47900390625,218.65673828125,4807.0
1549,20.47900390625,218.65771484375003,4809.5
1550,20.47900390625,218.65869140625,4812.0
1551,20.47900390625,218.65966796875,4814.5
1552,20.47900390625,218.66064453125,4817.0
1553,20.47900390625,218.66162109374997,4819.5
1554,20.47900390625,218.66259765625,4822.0
1555,20.47900390625,218.66357421875,4824.5
1556,20.47900390625,218.66455078125,4827.0
1557,20.47900390625,218.66552734375,4829.5
1558,20.47900390625,218.66650390625,4832.0
1559,20.47900390625,218.66748046875,4834.0
1560,20.47900390625,218.66845703125,4836.5
1561,20.47900390625,218.66943359375,4838.5
1562,20.47900390625,218.67041015625,4841.0
1563,20.47900390625,218.67138671875003,4843.0
1564,20.47900390625,218.67236328125,4844.5
1565,20.47900390625,218.67333984375,4846.5
1566,20.47900390625,218.67431640625003,4848.0
1567,20.47900390625,218.67529296875,4849.5
1568,20.47900390625,218.67626953125,4851.0
1569,20.47900390625,218.67724609375,4852.5
1570,20.47900390625,218.67822265625,4853.5
1571,20.47900390625,218.67919921875,4855.0
1572,20.47900390625,218.68017578125,4856.5
1573,20.47900390625,218.68115234375,4857.5
1574,20.47900390625,218.68212890625,4859.0
1575,20.47900390625,218.68310546875003,4860.5
1576,20.47900390625,218.68408203124997,4862.0
1577,20.47900390625,218.68505859375,4863.0
1578,20.47900390625,218.68603515625,4864.5
1579,20.47900390625,218.68701171875,4866.0
1580,20.47900390625,218.68798828125,4867.5
1581,20.47900390625,218.68896484375,4869.0
1582,20.47900390625,218.68994140625,4870.5
1583,20.47900390625,218.69091796875,4872.0
1584,20.47900390625,218.69189453125,4873.5
1585,20.47900390625,218.69287109374997,4875.0
1586,20.47900390625,218.69384765625003,4876.5
1587,20.47900390625,218.69482421875,4878.0
1588,20.47900390625,218.69580078125,4879.5
1589,20.47900390625,218.69677734375,4881.0
1590,20.47900390625,218.69775390625,4882.5
1591,20.47900390625,218.69873046875,4884.5
1592,20.47900390625,218.69970703125,4886.0
1593,20.47900390625,218.70068359375,4887.5
1594,20.47900390625,218.70166015625,4889.5
1595,20.47900390625,218.70263671875003,4891.5
1596,20.47900390625,218.70361328125,4893.0
1597,20.47900390625,218.70458984375,4895.5
1598,20.47900390625,218.70556640625003,4898.0
1599,20.47900390625,218.70654296874997,4905.0
1600,20.47900390625,218.70751953125,4910.5
1601,20.47900390625,218.70849609375,4917.5
1602,20.47900390625,218.70947265625,4922.5
1603,20.47900390625,218.71044921875,4926.5
1604,20.47900390625,218.71142578125,4929.0
1605,20.47900390625,218.71240234375,4930.5
1606,20.47900390625,218.71337890625,4932.5
1607,20.47900390625,218.71435546875,4934.0
1608,20.47900390625,218.71533203125003,4936.0
1609,20.47900390625,218.71630859375003,4938.5
1610,20.47900390625,218.71728515625,4940.5
1611,20.47900390625,218.71826171875,4943.0
1612,20.47900390625,218.71923828125,4945.5
1613,20.47900390625,218.72021484375,4948.0
1614,20.47900390625,218.72119140625,4950.0
1615,20.47900390625,218.72216796875,4951.0
1616,20.47900390625,218.72314453125,4951.0
1617,20.47900390625,218.72412109375,4956.0
1618,20.47900390625,218.72509765625003,4960.5
1619,20.47900390625,218.72607421875,4964.0
1620,20.47900390625,218.72705078125,4967.5
1621,20.47900390625,218.72802734375003,4970.5
1622,20.47900390625,218.72900390624997,4971.5
1623,20.47900390625,218.72998046875,4971.5
1624,20.47900390625,218.73095703125,4972.0
1625,20.47900390625,218.73193359375,4972.5
1626,20.47900390625,218.73291015625,4973.0
1627,20.47900390625,218.73388671875,4974.0
1628,20.47900390625,218.73486328125,4975.0
1629,20.47900390625,218.73583984375,4976.0
1630,20.47900390625,218.73681640625,4977.5
1631,20.47900390625,218.73779296874997,4979.0
1632,20.47900390625,218.73876953125,4981.0
1633,20.47900390625,218.73974609375,4982.5
1634,20.47900390625,218.74072265625003,4984.0
1635,20.47900390625,218.74169921875,4985.5
1636,20.47900390625,218.74267578125,4985.0
1637,20.47900390625,218.74365234375,4984.5
1638,20.47900390625,218.74462890625,4983.5
1639,20.478027343750004,218.62255859375,4813.0
1640,20.478027343750004,218.62353515625,4812.0
1641,20.478027343750004,218.62451171875,4810.5
1642,20.478027343750004,218.62548828125,4809.5
1643,20.478027343750004,218.62646484375003,4808.0
1644,20.478027343750004,218.62744140625,4806.5
1645,20.478027343750004,218.62841796875,4805.5
1646,20.478027343750004,218.62939453125,4804.0
1647,20.478027343750004,218.63037109374997,4802.5
1648,20.478027343749996,218.63134765625,4801.0
1649,20.478027343750004,218.63232421875,4799.5
1650,20.478027343750004,218.63330078125,4798.0
1651,20.478027343749996,218.63427734375,4796.5
1652,20.478027343750004,218.63525390625,4794.5
1653,20.478027343750004,218.63623046875003,4793.0
1654,20.478027343750004,218.63720703125,4791.5
1655,20.478027343749996,218.63818359375,4789.5
1656,20.478027343750004,218.63916015625,4788.0
1657,20.478027343750004,218.64013671875003,4786.0
1658,20.478027343750004,218.64111328125,4784.0
1659,20.478027343749996,218.64208984375,4782.5
1660,20.478027343749996,218.64306640625,4780.5
1661,20.478027343750004,218.64404296875,4779.0
1662,20.478027343750004,218.64501953125,4777.5
1663,20.478027343750004,218.64599609375,4777.0
1664,20.478027343750004,218.64697265625,4776.5
1665,20.478027343749996,218.64794921875,4779.0
1666,20.478027343750004,218.64892578125003,4782.0
1667,20.478027343750004,218.64990234375,4785.5
1668,20.478027343750004,218.65087890625,4789.0
1669,20.478027343750004,218.65185546875,4792.0
1670,20.478027343750004,218.65283203125,4795.0
1671,20.478027343750004,218.65380859375,4798.0
1672,20.478027343749996,218.65478515625,4800.5
1673,20.478027343750004,218.65576171875,4803.5
1674,20.478027343750004,218.65673828125,4806.0
1675,20.478027343750004,218.65771484375003,4808.5
1676,20.478027343749996,218.65869140625,4811.0
1677,20.478027343750004,218.65966796875,4813.5
1678,20.478027343750004,218.66064453125,4816.0
1679,20.478027343749996,218.66162109374997,4818.5
1680,20.478027343750004,218.66259765625,4821.0
1681,20.478027343750004,218.66357421875,4823.5
1682,20.478027343749996,218.66455078125,4826.0
1683,20.478027343750004,218.66552734375,4828.5
1684,20.478027343750004,218.66650390625,4830.5
1685,20.478027343750004,218.66748046875003,4833.0
1686,20.478027343749996,218.66845703125,4835.0
1687,20.478027343750004,218.66943359375,4837.5
1688,20.478027343750004,218.67041015625,4839.0
1689,20.478027343749996,218.67138671875003,4841.0
1690,20.478027343750004,218.67236328125,4843.0
1691,20.478027343750004,218.67333984375,4845.0
1692,20.478027343750004,218.67431640625003,4846.5
1693,20.478027343750004,218.67529296875,4848.0
1694,20.478027343750004,218.67626953125,4849.5
1695,20.478027343749996,218.67724609375,4851.0
1696,20.478027343749996,218.67822265625,4852.5
1697,20.478027343750004,218.67919921875,4854.0
1698,20.478027343750004,218.68017578125003,4855.0
1699,20.478027343750004,218.68115234375,4856.5
1700,20.478027343750004,218.68212890625,4858.0
1701,20.478027343750004,218.68310546875003,4859.5
1702,20.478027343750004,218.68408203124997,4860.5
1703,20.478027343750004,218.68505859375,4862.0
1704,20.478027343750004,218.68603515625,4863.5
1705,20.478027343750004,218.68701171875,4865.0
1706,20.478027343750004,218.68798828125,4866.0
1707,20.478027343750004,218.68896484375,4867.5
1708,20.478027343749996,218.68994140625,4869.0
1709,20.478027343750004,218.69091796875,4870.5
1710,20.478027343749996,218.69189453125,4872.0
1711,20.478027343749996,218.69287109374997,4873.5
1712,20.478027343750004,218.69384765625003,4875.0
1713,20.478027343749996,218.69482421875,4876.5
1714,20.478027343749996,218.69580078125,4878.0
1715,20.478027343749996,218.69677734375,4879.5
1716,20.478027343749996,218.69775390625,4881.0
1717,20.478027343750004,218.69873046875,4883.0
1718,20.478027343750004,218.69970703125,4884.5
1719,20.478027343750004,218.70068359375,4886.0
1720,20.478027343750004,218.70166015625,4888.0
1721,20.478027343750004,218.70263671875003,4889.5
1722,20.478027343749996,218.70361328125,4892.0
1723,20.478027343750004,218.70458984375,4894.0
1724,20.478027343750004,218.70556640625003,4896.5
1725,20.478027343749996,218.70654296874997,4900.5
1726,20.478027343750004,218.70751953125,4908.5
1727,20.478027343750004,218.70849609375,4916.5
1728,20.478027343750004,218.70947265625,4923.5
1729,20.478027343749996,218.71044921875,4926.0
1730,20.478027343749996,218.71142578125,4927.5
1731,20.478027343749996,218.71240234375,4929.0
1732,20.478027343750004,218.71337890625,4931.0
1733,20.478027343750004,218.71435546875,4932.5
1734,20.478027343749996,218.71533203125003,4934.5
1735,20.478027343749996,218.71630859375003,4937.0
1736,20.478027343749996,218.71728515625,4939.5
1737,20.478027343749996,218.71826171875,4942.0
1738,20.478027343750004,218.71923828125,4944.5
1739,20.478027343749996,218.72021484375,4947.0
1740,20.478027343750004,218.72119140625,4949.5
1741,20.478027343749996,218.72216796875,4951.5
1742,20.478027343750004,218.72314453125,4953.5
1743,20.478027343750004,218.72412109375,4957.0
1744,20.478027343749996,218.72509765625003,4960.5
1745,20.478027343750004,218.72607421875,4964.5
1746,20.478027343750004,218.72705078125,4968.5
1747,20.478027343749996,218.72802734375003,4972.0
1748,20.478027343749996,218.72900390624997,4972.5
1749,20.478027343750004,218.72998046875,4972.5
1750,20.478027343749996,218.73095703125,4972.5
1751,20.478027343750004,218.73193359375,4972.5
1752,20.478027343750004,218.73291015625,4973.0
1753,20.478027343750004,218.73388671875,4973.5
1754,20.478027343749996,218.73486328125,4974.5
1755,20.478027343749996,218.73583984375,4976.0
1756,20.478027343750004,218.73681640625,4977.5
1757,20.478027343750004,218.73779296874997,4979.0
1758,20.478027343750004,218.73876953125,4981.0
1759,20.478027343750004,218.73974609375,4982.5
1760,20.478027343750004,218.74072265625003,4984.5
1761,20.478027343749996,218.74169921875,4986.0
1762,20.478027343749996,218.74267578125,4985.5
1763,20.478027343750004,218.74365234375,4984.5
1764,20.478027343749996,218.74462890625,4984.0
1765,20.477050781250004,218.62255859375,4813.0
1766,20.47705078125,218.62353515625,4811.5
1767,20.47705078125,218.62451171875,4810.5
1768,20.47705078125,218.62548828125,4809.0
1769,20.477050781250004,218.62646484375003,4807.5
1770,20.47705078125,218.62744140625,4806.5
1771,20.477050781250004,218.62841796875,4805.0
1772,20.47705078125,218.62939453125,4803.5
1773,20.477050781250004,218.63037109375,4802.0
1774,20.477050781250004,218.63134765625,4800.5
1775,20.477050781250004,218.63232421875,4799.0
1776,20.477050781250004,218.63330078125,4797.5
1777,20.47705078125,218.63427734375,4796.0
1778,20.47705078125,218.63525390625,4794.5
1779,20.477050781250004,218.63623046875003,4792.5
1780,20.477050781250004,218.63720703125,4791.0
1781,20.47705078125,218.63818359375,4789.5
1782,20.477050781250004,218.63916015625,4787.5
1783,20.477050781250004,218.64013671875003,4786.0
1784,20.47705078125,218.64111328125,4784.0
1785,20.47705078125,218.64208984375,4782.5
1786,20.47705078125,218.64306640625,4780.5
1787,20.477050781250004,218.64404296875,4779.0
1788,20.47705078125,218.64501953125,4777.0
1789,20.477050781250004,218.64599609375,4777.0
1790,20.47705078125,218.64697265625,4776.0
1791,20.47705078125,218.64794921875,4778.0
1792,20.477050781250004,218.64892578125003,4781.5
1793,20.477050781250004,218.64990234375,4785.0
1794,20.47705078125,218.65087890625,4788.5
1795,20.47705078125,218.65185546875003,4791.5
1796,20.477050781250004,218.65283203125,4794.5
1797,20.47705078125,218.65380859375,4797.5
1798,20.47705078125,218.65478515625,4800.0
1799,20.47705078125,218.65576171875,4803.0
1800,20.47705078125,218.65673828125,4805.5
1801,20.47705078125,218.65771484375003,4808.0
1802,20.47705078125,218.65869140625,4810.5
1803,20.47705078125,218.65966796875,4813.0
1804,20.47705078125,218.66064453125,4815.5
1805,20.47705078125,218.66162109374997,4818.0
1806,20.477050781250004,218.66259765625,4820.5
1807,20.47705078125,218.66357421875,4822.5
1808,20.47705078125,218.66455078125,4825.0
1809,20.47705078125,218.66552734375,4827.5
1810,20.47705078125,218.66650390625,4829.5
1811,20.477050781250004,218.66748046875,4832.0
1812,20.47705078125,218.66845703125,4834.0
1813,20.477050781250004,218.66943359375,4836.0
1814,20.477050781250004,218.67041015625,4838.0
1815,20.47705078125,218.67138671875003,4840.0
1816,20.477050781250004,218.67236328125,4842.0
1817,20.477050781250004,218.67333984375,4843.5
1818,20.477050781250004,218.67431640625003,4845.5
1819,20.47705078125,218.67529296875,4847.0
1820,20.47705078125,218.67626953125,4848.5
1821,20.477050781250004,218.67724609375,4850.0
1822,20.47705078125,218.67822265625,4851.5
1823,20.47705078125,218.67919921875,4853.0
1824,20.477050781250004,218.68017578125,4854.0
1825,20.47705078125,218.68115234375,4855.5
1826,20.477050781250004,218.68212890625,4857.0
1827,20.477050781250004,218.68310546875003,4858.0
1828,20.47705078125,218.68408203125003,4859.5
1829,20.47705078125,218.68505859375,4861.0
1830,20.47705078125,218.68603515625,4862.0
1831,20.47705078125,218.68701171875,4863.5
1832,20.47705078125,218.68798828125,4865.0
1833,20.477050781250004,218.68896484375,4866.5
1834,20.477050781250004,218.68994140625,4868.0
1835,20.47705078125,218.69091796875,4869.0
1836,20.47705078125,218.69189453125,4870.5
1837,20.47705078125,218.69287109374997,4872.0
1838,20.477050781250004,218.69384765625003,4873.5
1839,20.47705078125,218.69482421875,4875.0
1840,20.47705078125,218.69580078125,4876.5
1841,20.477050781250004,218.69677734375,4878.0
1842,20.47705078125,218.69775390625,4879.5
1843,20.47705078125,218.69873046875,4881.0
1844,20.47705078125,218.69970703125,4882.5
1845,20.47705078125,218.70068359375,4884.5
1846,20.47705078125,218.70166015625,4886.0
1847,20.477050781250004,218.70263671875003,4888.0
1848,20.47705078125,218.70361328125,4890.0
1849,20.47705078125,218.70458984375,4892.5
1850,20.47705078125,218.70556640625003,4895.5
1851,20.47705078125,218.70654296874997,4901.5
1852,20.477050781250004,218.70751953125,4907.0
1853,20.477050781250004,218.70849609375,4913.5
1854,20.47705078125,218.70947265625,4919.0
1855,20.47705078125,218.71044921875,4923.0
1856,20.47705078125,218.71142578125,4925.5
1857,20.47705078125,218.71240234375,4927.5
1858,20.47705078125,218.71337890625,4929.0
1859,20.477050781250004,218.71435546875,4931.0
1860,20.47705078125,218.71533203125003,4933.0
1861,20.477050781250004,218.71630859375003,4935.5
1862,20.47705078125,218.71728515625,4938.0
1863,20.47705078125,218.71826171875,4940.5
1864,20.477050781250004,218.71923828125,4943.5
1865,20.47705078125,218.72021484375,4946.5
1866,20.47705078125,218.72119140625,4949.5
1867,20.47705078125,218.72216796875,4952.0
1868,20.477050781250004,218.72314453125,4954.5
1869,20.477050781250004,218.72412109375,4957.5
1870,20.47705078125,218.72509765625003,4961.0
1871,20.477050781250004,218.72607421875,4965.0
1872,20.47705078125,218.72705078125,4969.0
1873,20.47705078125,218.72802734375003,4973.0
1874,20.477050781250004,218.72900390624997,4972.5
1875,20.477050781250004,218.72998046875,4972.5
1876,20.47705078125,218.73095703125,4972.0
1877,20.47705078125,218.73193359375,4972.0
1878,20.47705078125,218.73291015625,4972.5
1879,20.47705078125,218.73388671875003,4973.5
1880,20.477050781250004,218.73486328125,4974.0
1881,20.47705078125,218.73583984375,4975.5
1882,20.477050781250004,218.73681640625,4977.0
1883,20.47705078125,218.73779296874997,4978.5
1884,20.477050781250004,218.73876953125,4980.5
1885,20.47705078125,218.73974609375,4982.5
1886,20.477050781250004,218.74072265625,4985.0
1887,20.47705078125,218.74169921875,4987.0
1888,20.47705078125,218.74267578125,4986.0
1889,20.47705078125,218.74365234375,4984.5
1890,20.47705078125,218.74462890625,4983.5
1891,20.476074218750007,218.62255859375,4812.5
1892,20.47607421875,218.62353515625,4811.0
1893,20.47607421875,218.62451171875,4810.0
1894,20.47607421875,218.62548828125,4808.5
1895,20.476074218750007,218.62646484375003,4807.5
1896,20.47607421875,218.62744140625,4806.0
1897,20.476074218750007,218.62841796875,4804.5
1898,20.47607421875,218.62939453125,4803.5
1899,20.476074218750007,218.63037109374997,4802.0
1900,20.476074218750007,218.63134765625,4800.5
1901,20.47607421875,218.63232421875,4799.0
1902,20.47607421875,218.63330078125,4797.5
1903,20.47607421875,218.63427734375,4795.5
1904,20.47607421875,218.63525390625,4794.0
1905,20.476074218750007,218.63623046875003,4792.5
1906,20.476074218750007,218.63720703125,4791.0
1907,20.47607421875,218.63818359375,4789.0
1908,20.476074218750007,218.63916015625,4787.5
1909,20.476074218750007,218.64013671875003,4785.5
1910,20.476074218750007,218.64111328125,4784.0
1911,20.47607421875,218.64208984375,4782.0
1912,20.47607421875,218.64306640625,4780.5
1913,20.47607421875,218.64404296875,4779.5
1914,20.47607421875,218.64501953125,4779.0
1915,20.476074218750007,218.64599609375,4777.5
1916,20.476074218750007,218.64697265625,4773.0
1917,20.47607421875,218.64794921875,4777.0
1918,20.476074218750007,218.64892578125003,4781.5
1919,20.47607421875,218.64990234375,4785.0
1920,20.47607421875,218.65087890625,4788.5
1921,20.47607421875,218.65185546875003,4791.5
1922,20.476074218750007,218.65283203125,4794.5
1923,20.47607421875,218.65380859375,4797.0
1924,20.476074218750007,218.65478515625,4800.0
1925,20.47607421875,218.65576171875,4802.5
1926,20.47607421875,218.65673828125,4805.0
1927,20.47607421875,218.65771484375,4807.5
1928,20.47607421875,218.65869140625,4810.0
1929,20.476074218750007,218.65966796875,4812.5
1930,20.47607421875,218.66064453125,4814.5
1931,20.47607421875,218.66162109374997,4817.0
1932,20.47607421875,218.66259765625,4819.5
1933,20.47607421875,218.66357421875,4822.0
1934,20.47607421875,218.66455078125,4824.0
1935,20.47607421875,218.66552734375,4826.5
1936,20.47607421875,218.66650390625,4828.5
1937,20.47607421875,218.66748046875,4831.0
1938,20.47607421875,218.66845703125,4833.0
1939,20.476074218750007,218.66943359375,4834.5
1940,20.47607421875,218.67041015625,4836.5
1941,20.47607421875,218.67138671875003,4838.0
1942,20.47607421875,218.67236328124997,4840.0
1943,20.476074218750007,218.67333984375,4842.0
1944,20.476074218750007,218.67431640625003,4844.0
1945,20.47607421875,218.67529296875,4846.0
1946,20.47607421875,218.67626953125,4847.5
1947,20.47607421875,218.67724609375,4849.0
1948,20.47607421875,218.67822265625,4850.5
1949,20.476074218750007,218.67919921875,4851.5
1950,20.476074218750007,218.68017578125003,4853.0
1951,20.476074218750007,218.68115234375,4854.5
1952,20.47607421875,218.68212890625,4855.5
1953,20.47607421875,218.68310546875,4857.0
1954,20.47607421875,218.68408203125003,4858.5
1955,20.47607421875,218.68505859375,4859.5
1956,20.476074218750007,218.68603515625,4861.0
1957,20.47607421875,218.68701171875,4862.5
1958,20.47607421875,218.68798828125,4863.5
1959,20.47607421875,218.68896484375,4865.0
1960,20.47607421875,218.68994140625003,4866.5
1961,20.47607421875,218.69091796875,4868.0
1962,20.47607421875,218.69189453125,4869.5
1963,20.47607421875,218.69287109374997,4870.5
1964,20.476074218750007,218.69384765625003,4872.0
1965,20.476074218750007,218.69482421875,4873.5
1966,20.47607421875,218.69580078125,4875.0
1967,20.47607421875,218.69677734375,4876.5
1968,20.47607421875,218.69775390625,4878.0
1969,20.47607421875,218.69873046875,4879.5
1970,20.47607421875,218.69970703125,4881.0
1971,20.47607421875,218.70068359375,4882.5
1972,20.47607421875,218.70166015625,4884.0
1973,20.476074218750007,218.70263671875003,4885.5
1974,20.47607421875,218.70361328125,4887.5
1975,20.476074218750007,218.70458984375,4889.5
1976,20.47607421875,218.70556640625,4889.5
1977,20.47607421875,218.70654296874997,4895.5
1978,20.47607421875,218.70751953125,4904.0
1979,20.476074218750007,218.70849609375,4913.0
1980,20.47607421875,218.70947265625,4921.0
1981,20.47607421875,218.71044921875,4922.5
1982,20.47607421875,218.71142578125,4924.0
1983,20.47607421875,218.71240234375,4925.5
1984,20.47607421875,218.71337890625,4927.0
1985,20.47607421875,218.71435546875,4929.0
1986,20.47607421875,218.71533203125003,4931.0
1987,20.476074218750007,218.71630859375003,4933.5
1988,20.47607421875,218.71728515625,4936.0
1989,20.47607421875,218.71826171875,4939.0
1990,20.476074218750007,218.71923828125,4942.0
1991,20.476074218750007,218.72021484375,4945.5
1992,20.476074218750007,218.72119140625,4949.0
1993,20.47607421875,218.72216796875,4952.5
1994,20.47607421875,218.72314453125,4955.0
1995,20.476074218750007,218.72412109375,4957.0
1996,20.47607421875,218.72509765625003,4960.0
1997,20.47607421875,218.72607421875,4964.0
1998,20.47607421875,218.72705078125,4967.5
1999,20.476074218750007,218.72802734375003,4970.0
2000,20.47607421875,218.72900390625003,4971.0
2001,20.47607421875,218.72998046875,4971.5
2002,20.47607421875,218.73095703125,4971.5
2003,20.47607421875,218.73193359375,4971.5
2004,20.47607421875,218.73291015625,4972.0
2005,20.47607421875,218.73388671875003,4972.5
2006,20.47607421875,218.73486328125,4973.5
2007,20.47607421875,218.73583984375,4974.5
2008,20.476074218750007,218.73681640625,4976.0
2009,20.47607421875,218.73779296874997,4977.5
2010,20.47607421875,218.73876953125,4979.5
2011,20.476074218750007,218.73974609375,4982.0
2012,20.476074218750007,218.74072265625003,4984.5
2013,20.47607421875,218.74169921875,4986.0
2014,20.47607421875,218.74267578125,4985.5
2015,20.476074218750007,218.74365234375,4984.0
2016,20.47607421875,218.74462890625,4983.0
2017,20.475097656250007,218.62255859375,4812.5
2018,20.475097656250007,218.62353515625,4811.0
2019,20.475097656250007,218.62451171875,4810.0
2020,20.475097656250007,218.62548828125,4808.5
2021,20.475097656250007,218.62646484375003,4807.0
2022,20.47509765625,218.62744140625,4806.0
2023,20.475097656250007,218.62841796875,4804.5
2024,20.47509765625,218.62939453125,4803.0
2025,20.475097656250007,218.63037109374997,4801.5
2026,20.475097656250007,218.63134765625,4800.0
2027,20.475097656250007,218.63232421875,4798.5
2028,20.475097656250007,218.63330078125,4797.0
2029,20.475097656250007,218.63427734375,4795.5
2030,20.47509765625,218.63525390625,4794.0
2031,20.475097656250007,218.63623046875003,4792.5
2032,20.475097656250007,218.63720703125,4790.5
2033,20.47509765625,218.63818359375,4789.0
2034,20.475097656250007,218.63916015625,4787.0
2035,20.475097656250007,218.64013671875003,4785.5
2036,20.475097656250007,218.64111328125,4783.5
2037,20.475097656250007,218.64208984375,4782.0
2038,20.47509765625,218.64306640625,4780.5
2039,20.475097656250007,218.64404296875,4779.5
2040,20.47509765625,218.64501953125,4780.0
2041,20.475097656250007,218.64599609375,4781.0
2042,20.475097656250007,218.64697265625,4779.0
2043,20.475097656250007,218.64794921875,4780.5
2044,20.475097656250007,218.64892578125003,4783.0
2045,20.475097656250007,218.64990234375,4786.0
2046,20.475097656250007,218.65087890625,4789.0
2047,20.475097656250007,218.65185546875003,4791.5
2048,20.475097656250007,218.65283203125,4794.5
2049,20.47509765625,218.65380859375,4797.0
2050,20.475097656250007,218.65478515625,4799.5
2051,20.475097656250007,218.65576171875,4802.0
2052,20.475097656250007,218.65673828125,4804.5
2053,20.475097656250007,218.65771484375003,4807.0
2054,20.47509765625,218.65869140625,4809.0
2055,20.475097656250007,218.65966796875,4811.5
2056,20.475097656250007,218.66064453125,4814.0
2057,20.47509765625,218.66162109374997,4816.5
2058,20.475097656250007,218.66259765625,4818.5
2059,20.475097656250007,218.66357421875,4821.0
2060,20.47509765625,218.66455078125,4823.5
2061,20.475097656250007,218.66552734375,4825.5
2062,20.475097656250007,218.66650390625,4828.0
2063,20.475097656250007,218.66748046875,4830.0
2064,20.475097656250007,218.66845703125,4832.0
2065,20.475097656250007,218.66943359375,4833.5
2066,20.475097656250007,218.67041015625,4834.5
2067,20.475097656250007,218.67138671875003,4835.5
2068,20.47509765625,218.67236328125,4838.5
2069,20.475097656250007,218.67333984375,4841.0
2070,20.475097656250007,218.67431640625003,4843.0
2071,20.475097656250007,218.67529296875,4845.0
2072,20.47509765625,218.67626953125,4846.5
2073,20.475097656250007,218.67724609375,4848.0
2074,20.47509765625,218.67822265625,4849.0
2075,20.475097656250007,218.67919921875,4850.5
2076,20.475097656250007,218.68017578125003,4852.0
2077,20.475097656250007,218.68115234375,4853.0
2078,20.475097656250007,218.68212890625,4854.5
2079,20.475097656250007,218.68310546875003,4856.0
2080,20.475097656250007,218.68408203124997,4857.0
2081,20.47509765625,218.68505859375,4858.5
2082,20.475097656250007,218.68603515625,4859.5
2083,20.475097656250007,218.68701171875,4861.0
2084,20.47509765625,218.68798828125,4862.5
2085,20.475097656250007,218.68896484375,4864.0
2086,20.475097656250007,218.68994140625,4865.0
2087,20.47509765625,218.69091796875,4866.5
2088,20.475097656250007,218.69189453125,4868.0
2089,20.475097656250007,218.69287109374997,4869.5
2090,20.475097656250007,218.69384765625003,4870.5
2091,20.47509765625,218.69482421875,4872.0
2092,20.475097656250007,218.69580078125,4873.5
2093,20.47509765625,218.69677734375,4875.0
2094,20.47509765625,218.69775390625,4876.5
2095,20.47509765625,218.69873046875,4878.0
2096,20.475097656250007,218.69970703125,4879.5
2097,20.47509765625,218.70068359375,4880.5
2098,20.475097656250007,218.70166015625,4882.0
2099,20.475097656250007,218.70263671875003,4883.5
2100,20.475097656250007,218.70361328125,4884.5
2101,20.475097656250007,218.70458984375,4886.5
2102,20.475097656250007,218.70556640625003,4889.5
2103,20.47509765625,218.70654296874997,4896.5
2104,20.475097656250007,218.70751953125,4902.5
2105,20.475097656250007,218.70849609375,4909.5
2106,20.47509765625,218.70947265625,4915.0
2107,20.475097656250007,218.71044921875,4919.0
2108,20.475097656250007,218.71142578125,4921.5
2109,20.47509765625,218.71240234375,4923.0
2110,20.47509765625,218.71337890625,4925.0
2111,20.475097656250007,218.71435546875,4927.0
2112,20.475097656250007,218.71533203125003,4929.0
2113,20.475097656250007,218.71630859375003,4931.5
2114,20.475097656250007,218.71728515625,4934.0
2115,20.47509765625,218.71826171875,4937.0
2116,20.475097656250007,218.71923828125,4940.5
2117,20.475097656250007,218.72021484375,4944.0
2118,20.47509765625,218.72119140625,4948.5
2119,20.47509765625,218.72216796875,4952.0
2120,20.475097656250007,218.72314453125,4952.0
2121,20.475097656250007,218.72412109375,4955.5
2122,20.475097656250007,218.72509765625003,4959.0
2123,20.475097656250007,218.72607421875,4962.5
2124,20.475097656250007,218.72705078125,4966.5
2125,20.475097656250007,218.72802734375003,4970.0
2126,20.475097656250007,218.72900390625003,4970.0
2127,20.475097656250007,218.72998046875,4970.0
2128,20.47509765625,218.73095703125,4970.0
2129,20.47509765625,218.73193359375,4970.0
2130,20.475097656250007,218.73291015625,4970.5
2131,20.475097656250007,218.73388671875003,4971.5
2132,20.475097656250007,218.73486328125,4972.0
2133,20.475097656250007,218.73583984375,4973.5
2134,20.475097656250007,218.73681640625,4975.0
2135,20.475097656250007,218.73779296874997,4976.5
2136,20.475097656250007,218.73876953125,4978.5
2137,20.475097656250007,218.73974609375,4981.0
2138,20.475097656250007,218.74072265625003,4983.0
2139,20.47509765625,218.74169921875,4984.5
2140,20.47509765625,218.74267578125,4984.0
2141,20.475097656250007,218.74365234375,4983.0
2142,20.47509765625,218.74462890625,4982.0
2143,20.47412109375,218.62255859375,4812.0
2144,20.474121093749996,218.62353515625,4811.0
2145,20.47412109375,218.62451171875,4809.5
2146,20.47412109375,218.62548828125,4808.5
2147,20.47412109375,218.62646484375003,4807.0
2148,20.47412109375,218.62744140625,4805.5
2149,20.47412109375,218.62841796875,4804.5
2150,20.474121093749996,218.62939453125,4803.0
2151,20.47412109375,218.63037109375,4801.5
2152,20.47412109375,218.63134765625,4800.0
2153,20.474121093749996,218.63232421875,4798.5
2154,20.47412109375,218.63330078125,4797.0
2155,20.47412109375,218.63427734375,4795.5
2156,20.47412109375,218.63525390625,4794.0
2157,20.47412109375,218.63623046875003,4792.5
2158,20.47412109375,218.63720703125,4790.5
2159,20.47412109375,218.63818359375,4789.0
2160,20.47412109375,218.63916015625,4787.0
2161,20.47412109375,218.64013671875003,4785.5
2162,20.47412109375,218.64111328125,4783.5
2163,20.47412109375,218.64208984375,4781.5
2164,20.474121093749996,218.64306640625,4779.5
2165,20.47412109375,218.64404296875,4777.5
2166,20.474121093749996,218.64501953125,4776.5
2167,20.47412109375,218.64599609375,4777.5
2168,20.47412109375,218.64697265625,4782.0
2169,20.474121093749996,218.64794921875,4783.0
2170,20.47412109375,218.64892578125003,4785.0
2171,20.47412109375,218.64990234375,4787.0
2172,20.47412109375,218.65087890625,4789.5
2173,20.47412109375,218.65185546875003,4792.0
2174,20.47412109375,218.65283203125,4794.5
2175,20.47412109375,218.65380859375,4797.0
2176,20.47412109375,218.65478515625,4799.0
2177,20.47412109375,218.65576171875,4801.5
2178,20.474121093749996,218.65673828125,4804.0
2179,20.47412109375,218.65771484375003,4806.5
2180,20.47412109375,218.65869140625,4808.5
2181,20.47412109375,218.65966796875,4811.0
2182,20.47412109375,218.66064453125,4813.5
2183,20.47412109375,218.66162109374997,4815.5
2184,20.47412109375,218.66259765625,4818.0
2185,20.47412109375,218.66357421875,4820.5
2186,20.47412109375,218.66455078125,4822.5
2187,20.47412109375,218.66552734375,4825.0
2188,20.474121093749996,218.66650390625,4827.0
2189,20.47412109375,218.66748046875,4829.0
2190,20.47412109375,218.66845703125,4831.0
2191,20.47412109375,218.66943359375,4833.0
2192,20.47412109375,218.67041015625,4834.5
2193,20.47412109375,218.67138671875003,4836.0
2194,20.474121093749996,218.67236328125,4838.5
2195,20.47412109375,218.67333984375,4840.5
2196,20.47412109375,218.67431640625003,4842.5
2197,20.47412109375,218.67529296875,4844.0
2198,20.474121093749996,218.67626953125,4845.5
2199,20.47412109375,218.67724609375,4847.0
2200,20.474121093749996,218.67822265625,4848.0
2201,20.47412109375,218.67919921875,4849.5
2202,20.47412109375,218.68017578125,4851.0
2203,20.47412109375,218.68115234375,4852.0
2204,20.47412109375,218.68212890625,4853.5
2205,20.47412109375,218.68310546875003,4854.5
2206,20.474121093749996,218.68408203125003,4856.0
2207,20.47412109375,218.68505859375,4857.0
2208,20.47412109375,218.68603515625,4858.5
2209,20.47412109375,218.68701171875,4860.0
2210,20.47412109375,218.68798828125,4861.0
2211,20.47412109375,218.68896484375,4862.5
2212,20.47412109375,218.68994140625003,4864.0
2213,20.474121093749996,218.69091796875,4865.0
2214,20.47412109375,218.69189453125,4866.5
2215,20.474121093749996,218.69287109374997,4868.0
2216,20.47412109375,218.69384765625003,4869.5
2217,20.474121093749996,218.69482421875,4870.5
2218,20.47412109375,218.69580078125,4872.0
2219,20.474121093749996,218.69677734375,4873.5
2220,20.47412109375,218.69775390625,4875.0
2221,20.47412109375,218.69873046875,4876.5
2222,20.47412109375,218.69970703125,4877.5
2223,20.47412109375,218.70068359375,4879.0
2224,20.47412109375,218.70166015625,4880.0
2225,20.47412109375,218.70263671875003,4881.5
2226,20.474121093749996,218.70361328125,4882.0
2227,20.47412109375,218.70458984375,4883.0
2228,20.47412109375,218.70556640625003,4886.5
2229,20.474121093749996,218.70654296874997,4890.5
2230,20.47412109375,218.70751953125,4899.0
2231,20.47412109375,218.70849609375,4907.5
2232,20.47412109375,218.70947265625,4914.5
2233,20.47412109375,218.71044921875,4917.0
2234,20.47412109375,218.71142578125,4918.5
2235,20.47412109375,218.71240234375,4920.5
2236,20.47412109375,218.71337890625,4922.0
2237,20.47412109375,218.71435546875,4924.0
2238,20.47412109375,218.71533203125003,4926.5
2239,20.47412109375,218.71630859375003,4929.0
2240,20.47412109375,218.71728515625,4932.0
2241,20.474121093749996,218.71826171875,4935.0
2242,20.47412109375,218.71923828125,4938.5
2243,20.47412109375,218.72021484375,4942.0
2244,20.47412109375,218.72119140625,4946.0
2245,20.47412109375,218.72216796875,4950.0
2246,20.47412109375,218.72314453125,4952.5
2247,20.47412109375,218.72412109375,4954.5
2248,20.474121093749996,218.72509765625003,4957.5
2249,20.47412109375,218.72607421875,4960.5
2250,20.47412109375,218.72705078125,4964.0
2251,20.47412109375,218.72802734375003,4966.0
2252,20.474121093749996,218.72900390625003,4967.5
2253,20.47412109375,218.72998046875,4968.0
2254,20.47412109375,218.73095703125,4968.5
2255,20.474121093749996,218.73193359375,4968.5
2256,20.47412109375,218.73291015625,4969.0
2257,20.47412109375,218.73388671875,4970.0
2258,20.47412109375,218.73486328125,4970.5
2259,20.474121093749996,218.73583984375,4972.0
2260,20.47412109375,218.73681640625,4973.0
2261,20.47412109375,218.73779296874997,4975.0
2262,20.47412109375,218.73876953125,4977.0
2263,20.47412109375,218.73974609375,4979.0
2264,20.47412109375,218.74072265625003,4981.5
2265,20.474121093749996,218.74169921875,4983.5
2266,20.47412109375,218.74267578125,4982.5
2267,20.47412109375,218.74365234375,4981.5
2268,20.474121093749996,218.74462890625,4980.5
2269,20.47314453125,218.62255859375,4812.0
2270,20.473144531250007,218.62353515625,4810.5
2271,20.47314453125,218.62451171875,4809.5
2272,20.473144531250007,218.62548828125,4808.0
2273,20.473144531250007,218.62646484375003,4807.0
2274,20.47314453125,218.62744140625,4805.5
2275,20.47314453125,218.62841796875,4804.0
2276,20.473144531250007,218.62939453125,4803.0
2277,20.473144531250007,218.63037109375,4801.5
2278,20.473144531250007,218.63134765625,4800.0
2279,20.473144531250007,218.63232421875,4798.5
2280,20.473144531250007,218.63330078125,4797.0
2281,20.473144531250007,218.63427734375,4795.5
2282,20.473144531250007,218.63525390625,4794.0
2283,20.473144531250007,218.63623046875003,4792.5
2284,20.473144531250007,218.63720703125,4790.5
2285,20.473144531250007,218.63818359375,4789.0
2286,20.47314453125,218.63916015625,4787.0
2287,20.473144531250007,218.64013671875003,4785.5
2288,20.47314453125,218.64111328125,4783.5
2289,20.473144531250007,218.64208984375,4781.5
2290,20.47314453125,218.64306640625,4779.5
2291,20.473144531250007,218.64404296875,4777.0
2292,20.47314453125,218.64501953125,4775.0
2293,20.473144531250007,218.64599609375,4782.5
2294,20.473144531250007,218.64697265625,4784.0
2295,20.47314453125,218.64794921875,4785.0
2296,20.473144531250007,218.64892578125003,4786.5
2297,20.473144531250007,218.64990234375,4788.0
2298,20.47314453125,218.65087890625,4790.0
2299,20.47314453125,218.65185546875003,4792.5
2300,20.473144531250007,218.65283203125,4794.5
2301,20.47314453125,218.65380859375,4796.5
2302,20.473144531250007,218.65478515625,4799.0
2303,20.47314453125,218.65576171875,4801.0
2304,20.473144531250007,218.65673828125,4803.5
2305,20.47314453125,218.65771484375003,4805.5
2306,20.47314453125,218.65869140625,4808.0
2307,20.473144531250007,218.65966796875,4810.5
2308,20.473144531250007,218.66064453125,4812.5
2309,20.473144531250007,218.66162109374997,4815.0
2310,20.473144531250007,218.66259765625,4817.0
2311,20.473144531250007,218.66357421875,4819.5
2312,20.47314453125,218.66455078125,4822.0
2313,20.473144531250007,218.66552734375,4824.0
2314,20.47314453125,218.66650390625,4826.5
2315,20.473144531250007,218.66748046875,4828.5
2316,20.473144531250007,218.66845703125,4831.0
2317,20.473144531250007,218.66943359375,4833.0
2318,20.47314453125,218.67041015625,4835.5
2319,20.473144531250007,218.67138671875003,4838.0
2320,20.47314453125,218.67236328125,4839.0
2321,20.47314453125,218.67333984375,4840.5
2322,20.473144531250007,218.67431640625003,4842.0
2323,20.473144531250007,218.67529296875,4843.5
2324,20.47314453125,218.67626953125,4844.5
2325,20.473144531250007,218.67724609375,4846.0
2326,20.47314453125,218.67822265625,4847.0
2327,20.473144531250007,218.67919921875,4848.5
2328,20.473144531250007,218.68017578125,4849.5
2329,20.473144531250007,218.68115234375,4851.0
2330,20.473144531250007,218.68212890625,4852.0
2331,20.473144531250007,218.68310546875003,4853.5
2332,20.47314453125,218.68408203124997,4854.5
2333,20.473144531250007,218.68505859375,4856.0
2334,20.473144531250007,218.68603515625,4857.0
2335,20.47314453125,218.68701171875,4858.5
2336,20.473144531250007,218.68798828125,4860.0
2337,20.473144531250007,218.68896484375,4861.0
2338,20.47314453125,218.68994140625,4862.5
2339,20.47314453125,218.69091796875,4864.0
2340,20.473144531250007,218.69189453125,4865.0
2341,20.473144531250007,218.69287109374997,4866.5
2342,20.473144531250007,218.69384765625003,4868.0
2343,20.473144531250007,218.69482421875,4869.5
2344,20.473144531250007,218.69580078125,4870.5
2345,20.47314453125,218.69677734375,4872.0
2346,20.473144531250007,218.69775390625,4873.5
2347,20.47314453125,218.69873046875,4874.5
2348,20.473144531250007,218.69970703125,4876.0
2349,20.47314453125,218.70068359375,4877.5
2350,20.473144531250007,218.70166015625,4878.5
2351,20.47314453125,218.70263671875003,4880.0
2352,20.473144531250007,218.70361328125,4881.5
2353,20.473144531250007,218.70458984375,4883.5
2354,20.473144531250007,218.70556640625003,4887.0
2355,20.47314453125,218.70654296874997,4892.5
2356,20.47314453125,218.70751953125,4898.0
2357,20.473144531250007,218.70849609375,4904.5
2358,20.47314453125,218.70947265625,4909.5
2359,20.473144531250007,218.71044921875,4913.5
2360,20.473144531250007,218.71142578125,4915.5
2361,20.473144531250007,218.71240234375,4917.0
2362,20.47314453125,218.71337890625,4919.0
2363,20.47314453125,218.71435546875,4921.5
2364,20.47314453125,218.71533203125003,4924.0
2365,20.473144531250007,218.71630859375003,4926.5
2366,20.47314453125,218.71728515625,4929.5
2367,20.473144531250007,218.71826171875,4932.5
2368,20.473144531250007,218.71923828125,4935.5
2369,20.473144531250007,218.72021484375,4939.0
2370,20.473144531250007,218.72119140625,4943.0
2371,20.47314453125,218.72216796875,4946.5
2372,20.47314453125,218.72314453125,4949.5
2373,20.473144531250007,218.72412109375,4952.0
2374,20.47314453125,218.72509765625003,4955.0
2375,20.47314453125,218.72607421875,4958.5
2376,20.473144531250007,218.72705078125,4962.5
2377,20.47314453125,218.72802734375003,4966.5
2378,20.473144531250007,218.72900390624997,4966.5
2379,20.473144531250007,218.72998046875,4966.5
2380,20.473144531250007,218.73095703125,4966.5
2381,20.473144531250007,218.73193359375,4966.5
2382,20.473144531250007,218.73291015625,4967.5
2383,20.473144531250007,218.73388671875,4968.0
2384,20.47314453125,218.73486328125,4969.0
2385,20.473144531250007,218.73583984375,4970.0
2386,20.47314453125,218.73681640625,4971.5
2387,20.473144531250007,218.73779296874997,4973.0
2388,20.473144531250007,218.73876953125,4974.5
2389,20.473144531250007,218.73974609375,4976.5
2390,20.473144531250007,218.74072265625003,4979.0
2391,20.47314453125,218.74169921875,4980.5
2392,20.47314453125,218.74267578125,4980.0
2393,20.473144531250007,218.74365234375,4979.0
2394,20.47314453125,218.74462890625,4978.0
2395,20.472167968750004,218.62255859375,4812.0
2396,20.472167968750004,218.62353515625,4810.5
2397,20.47216796875,218.62451171875,4809.5
2398,20.472167968750004,218.62548828125,4808.0
2399,20.472167968750004,218.62646484375003,4807.0
2400,20.47216796875,218.62744140625,4805.5
2401,20.472167968750004,218.62841796875,4804.0
2402,20.472167968750004,218.62939453125,4803.0
2403,20.472167968750004,218.63037109375,4801.5
2404,20.472167968750004,218.63134765625,4800.0
2405,20.47216796875,218.63232421875,4798.5
2406,20.472167968750004,218.63330078125,4797.0
2407,20.472167968750004,218.63427734375,4795.5
2408,20.472167968750004,218.63525390625,4794.0
2409,20.472167968750004,218.63623046875003,4792.5
2410,20.472167968750004,218.63720703125,4790.5
2411,20.472167968750004,218.63818359375,4789.0
2412,20.472167968750004,218.63916015625,4787.5
2413,20.472167968750004,218.64013671875003,4785.5
2414,20.472167968750004,218.64111328125,4784.0
2415,20.472167968750004,218.64208984375,4782.5
2416,20.47216796875,218.64306640625,4781.0
2417,20.472167968750004,218.64404296875,4780.0
2418,20.47216796875,218.64501953125,4781.5
2419,20.472167968750004,218.64599609375,4785.5
2420,20.472167968750004,218.64697265625,4784.5
2421,20.47216796875,218.64794921875,4786.0
2422,20.472167968750004,218.64892578125003,4787.5
2423,20.472167968750004,218.64990234375,4789.0
2424,20.472167968750004,218.65087890625,4790.5
2425,20.472167968750004,218.65185546875003,4792.5
2426,20.472167968750004,218.65283203125,4794.5
2427,20.472167968750004,218.65380859375,4796.5
2428,20.472167968750004,218.65478515625,4798.5
2429,20.47216796875,218.65576171875,4801.0
2430,20.472167968750004,218.65673828125,4803.0
2431,20.47216796875,218.65771484375,4805.0
2432,20.472167968750004,218.65869140625,4807.5
2433,20.472167968750004,218.65966796875,4809.5
2434,20.472167968750004,218.66064453125,4812.0
2435,20.472167968750004,218.66162109374997,4814.0
2436,20.472167968750004,218.66259765625,4816.5
2437,20.472167968750004,218.66357421875,4819.0
2438,20.47216796875,218.66455078125,4821.0
2439,20.47216796875,218.66552734375,4823.5
2440,20.472167968750004,218.66650390625,4826.0
2441,20.472167968750004,218.66748046875003,4828.0
2442,20.472167968750004,218.66845703125,4830.5
2443,20.472167968750004,218.66943359375,4833.0
2444,20.472167968750004,218.67041015625,4835.0
2445,20.47216796875,218.67138671875003,4836.5
2446,20.472167968750004,218.67236328125,4838.5
2447,20.472167968750004,218.67333984375,4840.0
2448,20.472167968750004,218.67431640625003,4841.5
2449,20.472167968750004,218.67529296875,4842.5
2450,20.47216796875,218.67626953125,4844.0
2451,20.47216796875,218.67724609375,4845.0
2452,20.47216796875,218.67822265625,4846.0
2453,20.472167968750004,218.67919921875,4847.5
2454,20.472167968750004,218.68017578125,4848.5
2455,20.472167968750004,218.68115234374997,4849.5
2456,20.472167968750004,218.68212890625,4851.0
2457,20.472167968750004,218.68310546875003,4852.0
2458,20.47216796875,218.68408203125003,4853.5
2459,20.47216796875,218.68505859375,4854.5
2460,20.472167968750004,218.68603515625,4856.0
2461,20.472167968750004,218.68701171875,4857.0
2462,20.472167968750004,218.68798828125,4858.5
2463,20.472167968750004,218.68896484375,4860.0
2464,20.47216796875,218.68994140625003,4861.0
2465,20.47216796875,218.69091796875,4862.5
2466,20.472167968750004,218.69189453125,4864.0
2467,20.47216796875,218.69287109374997,4865.0
2468,20.472167968750004,218.69384765625003,4866.5
2469,20.47216796875,218.69482421875,4868.0
2470,20.472167968750004,218.69580078125,4869.0
2471,20.472167968750004,218.69677734375,4870.5
2472,20.472167968750004,218.69775390625,4872.0
2473,20.47216796875,218.69873046875,4873.0
2474,20.472167968750004,218.69970703125,4874.5
2475,20.47216796875,218.70068359375,4876.0
2476,20.472167968750004,218.70166015625,4877.0
2477,20.472167968750004,218.70263671875003,4879.0
2478,20.472167968750004,218.70361328125,4880.5
2479,20.472167968750004,218.70458984375,4883.0
2480,20.472167968750004,218.70556640625,4884.0
2481,20.47216796875,218.70654296874997,4887.5
2482,20.47216796875,218.70751953125,4894.5
2483,20.472167968750004,218.70849609375,4901.5
2484,20.47216796875,218.70947265625,4909.0
2485,20.47216796875,218.71044921875,4910.5
2486,20.47216796875,218.71142578125,4912.0
2487,20.47216796875,218.71240234375,4913.5
2488,20.47216796875,218.71337890625,4916.0
2489,20.472167968750004,218.71435546875,4918.5
2490,20.47216796875,218.71533203125003,4921.0
2491,20.472167968750004,218.71630859375003,4923.5
2492,20.472167968750004,218.71728515625,4926.5
2493,20.472167968750004,218.71826171875,4929.5
2494,20.472167968750004,218.71923828125,4932.5
2495,20.472167968750004,218.72021484375003,4936.0
2496,20.47216796875,218.72119140625,4939.5
2497,20.472167968750004,218.72216796875,4942.5
2498,20.472167968750004,218.72314453125,4946.5
2499,20.472167968750004,218.72412109375,4949.0
2500,20.472167968750004,218.72509765625003,4952.0
2501,20.472167968750004,218.72607421875,4955.5
2502,20.472167968750004,218.72705078125,4958.5
2503,20.472167968750004,218.72802734375,4961.5
2504,20.47216796875,218.72900390624997,4963.0
2505,20.472167968750004,218.72998046875,4963.5
2506,20.47216796875,218.73095703125,4964.0
2507,20.47216796875,218.73193359375,4964.5
2508,20.472167968750004,218.73291015625,4965.0
2509,20.472167968750004,218.73388671875,4966.0
2510,20.47216796875,218.73486328125,4967.0
2511,20.47216796875,218.73583984375,4968.0
2512,20.472167968750004,218.73681640625,4969.0
2513,20.472167968750004,218.73779296874997,4970.5
2514,20.472167968750004,218.73876953125,4972.0
2515,20.472167968750004,218.73974609375,4973.5
2516,20.472167968750004,218.74072265625,4975.5
2517,20.472167968750004,218.74169921875,4977.5
2518,20.47216796875,218.74267578125,4977.0
2519,20.472167968750004,218.74365234375,4976.0
2520,20.47216796875,218.74462890625,4975.5
2521,20.47119140625,218.62255859375,4811.5
2522,20.47119140625,218.62353515625,4810.5
2523,20.47119140625,218.62451171875,4809.5
2524,20.47119140625,218.62548828125,4808.0
2525,20.47119140625,218.62646484375003,4807.0
2526,20.47119140625,218.62744140625,4805.5
2527,20.47119140625,218.62841796875,4804.0
2528,20.47119140625,218.62939453125003,4803.0
2529,20.47119140625,218.63037109375,4801.5
2530,20.47119140625,218.63134765625,4800.0
2531,20.47119140625,218.63232421875,4798.5
2532,20.47119140625,218.63330078125,4797.0
2533,20.47119140625,218.63427734375,4795.5
2534,20.47119140625,218.63525390625,4794.0
2535,20.47119140625,218.63623046875003,4792.5
2536,20.47119140625,218.63720703125,4791.0
2537,20.47119140625,218.63818359375,4789.5
2538,20.47119140625,218.63916015625,4787.5
2539,20.47119140625,218.64013671875003,4786.0
2540,20.47119140625,218.64111328125,4784.5
2541,20.47119140625,218.64208984375,4783.0
2542,20.47119140625,218.64306640625,4782.0
2543,20.47119140625,218.64404296875,4782.5
2544,20.47119140625,218.64501953125,4785.0
2545,20.47119140625,218.64599609375,4786.5
2546,20.47119140625,218.64697265625,4786.5
2547,20.47119140625,218.64794921875,4787.0
2548,20.47119140625,218.64892578125003,4788.0
2549,20.47119140625,218.64990234375,4789.5
2550,20.47119140625,218.65087890625,4791.0
2551,20.47119140625,218.65185546875003,4792.5
2552,20.47119140625,218.65283203125,4794.5
2553,20.47119140625,218.65380859375,4796.5
2554,20.47119140625,218.65478515625,4798.5
2555,20.47119140625,218.65576171875,4800.5
2556,20.47119140625,218.65673828125,4802.5
2557,20.47119140625,218.65771484375003,4804.5
2558,20.47119140625,218.65869140625,4807.0
2559,20.47119140625,218.65966796875,4809.0
2560,20.47119140625,218.66064453125,4811.0
2561,20.47119140625,218.66162109374997,4813.5
2562,20.47119140625,218.66259765625,4816.0
2563,20.47119140625,218.66357421875,4818.0
2564,20.47119140625,218.66455078125,4820.5
2565,20.47119140625,218.66552734375,4823.0
2566,20.47119140625,218.66650390625,4825.5
2567,20.47119140625,218.66748046875003,4828.0
2568,20.47119140625,218.66845703125,4830.5
2569,20.47119140625,218.66943359375,4832.5
2570,20.47119140625,218.67041015625,4835.0
2571,20.47119140625,218.67138671875003,4837.5
2572,20.47119140625,218.67236328125,4838.5
2573,20.47119140625,218.67333984375,4840.0
2574,20.47119140625,218.67431640625003,4841.0
2575,20.47119140625,218.67529296875,4842.0
2576,20.47119140625,218.67626953125,4843.0
2577,20.47119140625,218.67724609375,4844.0
2578,20.47119140625,218.67822265625,4845.0
2579,20.47119140625,218.67919921875,4846.0
2580,20.47119140625,218.68017578125,4847.5
2581,20.47119140625,218.68115234374997,4848.5
2582,20.47119140625,218.68212890625,4849.5
2583,20.47119140625,218.68310546875003,4851.0
2584,20.47119140625,218.68408203125003,4852.0
2585,20.47119140625,218.68505859375,4853.5
2586,20.47119140625,218.68603515625,4854.5
2587,20.47119140625,218.68701171875,4856.0
2588,20.47119140625,218.68798828125,4857.0
2589,20.47119140625,218.68896484375,4858.5
2590,20.47119140625,218.68994140625,4860.0
2591,20.47119140625,218.69091796875,4861.0
2592,20.47119140625,218.69189453125,4862.5
2593,20.47119140625,218.69287109374997,4864.0
2594,20.47119140625,218.69384765625003,4865.0
2595,20.47119140625,218.69482421875,4866.5
2596,20.47119140625,218.69580078125,4868.0
2597,20.47119140625,218.69677734375,4869.0
2598,20.47119140625,218.69775390625,4870.5
2599,20.47119140625,218.69873046875,4871.5
2600,20.47119140625,218.69970703125,4873.0
2601,20.47119140625,218.70068359375,4874.0
2602,20.47119140625,218.70166015625,4875.5
2603,20.47119140625,218.70263671875003,4877.0
2604,20.47119140625,218.70361328125,4879.0
2605,20.47119140625,218.70458984375,4881.0
2606,20.47119140625,218.70556640625003,4883.0
2607,20.47119140625,218.70654296874997,4888.0
2608,20.47119140625,218.70751953125,4891.5
2609,20.47119140625,218.70849609375,4896.0
2610,20.47119140625,218.70947265625,4899.5
2611,20.47119140625,218.71044921875,4903.5
2612,20.47119140625,218.71142578125,4907.0
2613,20.47119140625,218.71240234375,4909.5
2614,20.47119140625,218.71337890625,4912.5
2615,20.47119140625,218.71435546875,4915.0
2616,20.47119140625,218.71533203125003,4918.0
2617,20.47119140625,218.71630859375003,4920.5
2618,20.47119140625,218.71728515625,4923.5
2619,20.47119140625,218.71826171875,4926.5
2620,20.47119140625,218.71923828125,4929.5
2621,20.47119140625,218.72021484375,4932.5
2622,20.47119140625,218.72119140625,4935.5
2623,20.47119140625,218.72216796875,4938.0
2624,20.47119140625,218.72314453125,4940.5
2625,20.47119140625,218.72412109375,4944.5
2626,20.47119140625,218.72509765625003,4948.5
2627,20.47119140625,218.72607421875,4952.0
2628,20.47119140625,218.72705078125,4954.5
2629,20.47119140625,218.72802734375,4956.5
2630,20.47119140625,218.72900390624997,4959.0
2631,20.47119140625,218.72998046875,4960.5
2632,20.47119140625,218.73095703125,4961.5
2633,20.47119140625,218.73193359375,4962.0
2634,20.47119140625,218.73291015625,4963.0
2635,20.47119140625,218.73388671875003,4963.5
2636,20.47119140625,218.73486328125,4964.5
2637,20.47119140625,218.73583984375,4965.5
2638,20.47119140625,218.73681640625,4966.5
2639,20.47119140625,218.73779296874997,4967.5
2640,20.47119140625,218.73876953125,4969.0
2641,20.47119140625,218.73974609375,4970.0
2642,20.47119140625,218.74072265625003,4971.5
2643,20.47119140625,218.74169921875,4972.0
2644,20.47119140625,218.74267578125,4972.5
2645,20.47119140625,218.74365234375,4972.5
2646,20.47119140625,218.74462890625,4972.5
2647,20.47021484375,218.62255859375,4811.5
2648,20.47021484375,218.62353515625,4810.5
2649,20.47021484375,218.62451171875,4809.5
2650,20.47021484375,218.62548828125,4808.0
2651,20.47021484375,218.62646484375003,4807.0
2652,20.47021484375,218.62744140625,4805.5
2653,20.47021484375,218.62841796875,4804.5
2654,20.47021484375,218.62939453125,4803.0
2655,20.47021484375,218.63037109374997,4801.5
2656,20.47021484375,218.63134765625,4800.0
2657,20.47021484375,218.63232421875,4799.0
2658,20.47021484375,218.63330078125,4797.5
2659,20.47021484375,218.63427734375,4796.0
2660,20.47021484375,218.63525390625,4794.5
2661,20.47021484375,218.63623046875003,4792.5
2662,20.47021484375,218.63720703125,4791.0
2663,20.47021484375,218.63818359375,4789.5
2664,20.47021484375,218.63916015625,4788.0
2665,20.47021484375,218.64013671875003,4786.0
2666,20.47021484375,218.64111328125,4784.5
2667,20.47021484375,218.64208984375,4783.0
2668,20.47021484375,218.64306640625,4781.5
2669,20.47021484375,218.64404296875,4780.5
2670,20.47021484375,218.64501953125,4781.5
2671,20.47021484375,218.64599609375,4785.5
2672,20.47021484375,218.64697265625,4787.5
2673,20.47021484375,218.64794921875,4788.0
2674,20.47021484375,218.64892578125003,4788.5
2675,20.47021484375,218.64990234375,4790.0
2676,20.47021484375,218.65087890625,4791.0
2677,20.47021484375,218.65185546875,4792.5
2678,20.47021484375,218.65283203125,4794.5
2679,20.47021484375,218.65380859375,4796.0
2680,20.47021484375,218.65478515625,4798.0
2681,20.47021484375,218.65576171875,4800.0
2682,20.47021484375,218.65673828125,4802.0
2683,20.47021484375,218.65771484375,4804.0
2684,20.47021484375,218.65869140625,4806.0
2685,20.47021484375,218.65966796875,4808.5
2686,20.47021484375,218.66064453125,4810.5
2687,20.47021484375,218.66162109374997,4812.5
2688,20.47021484375,218.66259765625,4815.0
2689,20.47021484375,218.66357421875,4817.5
2690,20.47021484375,218.66455078125,4819.5
2691,20.47021484375,218.66552734375,4822.0
2692,20.47021484375,218.66650390625,4824.5
2693,20.47021484375,218.66748046875003,4827.5
2694,20.47021484375,218.66845703125,4830.0
2695,20.47021484375,218.66943359375,4832.5
2696,20.47021484375,218.67041015625,4835.0
2697,20.47021484375,218.67138671875003,4837.5
2698,20.47021484375,218.67236328125,4838.5
2699,20.47021484375,218.67333984375,4839.5
2700,20.47021484375,218.67431640625003,4840.5
2701,20.47021484375,218.67529296875,4841.5
2702,20.47021484375,218.67626953125,4842.0
2703,20.47021484375,218.67724609375,4843.0
2704,20.47021484375,218.67822265625,4844.0
2705,20.47021484375,218.67919921875,4845.0
2706,20.47021484375,218.68017578125,4846.0
2707,20.47021484375,218.68115234375,4847.0
2708,20.47021484375,218.68212890625,4848.5
2709,20.47021484375,218.68310546875003,4849.5
2710,20.47021484375,218.68408203124997,4850.5
2711,20.47021484375,218.68505859375,4852.0
2712,20.47021484375,218.68603515625,4853.0
2713,20.47021484375,218.68701171875,4854.5
2714,20.47021484375,218.68798828125,4855.5
2715,20.47021484375,218.68896484375,4857.0
2716,20.47021484375,218.68994140625,4858.5
2717,20.47021484375,218.69091796875,4859.5
2718,20.47021484375,218.69189453125,4861.0
2719,20.47021484375,218.69287109374997,4862.5
2720,20.47021484375,218.69384765625003,4864.0
2721,20.47021484375,218.69482421875,4865.0
2722,20.47021484375,218.69580078125,4866.5
2723,20.47021484375,218.69677734375,4867.5
2724,20.47021484375,218.69775390625,4869.0
2725,20.47021484375,218.69873046875,4870.0
2726,20.47021484375,218.69970703125,4871.5
2727,20.47021484375,218.70068359375,4872.5
2728,20.47021484375,218.70166015625,4873.5
2729,20.47021484375,218.70263671875003,4874.5
2730,20.47021484375,218.70361328125,4876.0
2731,20.47021484375,218.70458984375,4878.0
2732,20.47021484375,218.70556640625003,4879.0
2733,20.47021484375,218.70654296874997,4882.5
2734,20.47021484375,218.70751953125,4887.5
2735,20.47021484375,218.70849609375,4891.5
2736,20.47021484375,218.70947265625,4895.0
2737,20.47021484375,218.71044921875,4899.0
2738,20.47021484375,218.71142578125,4902.5
2739,20.47021484375,218.71240234375,4906.0
2740,20.47021484375,218.71337890625,4909.0
2741,20.47021484375,218.71435546875,4911.5
2742,20.47021484375,218.71533203125003,4914.5
2743,20.47021484375,218.71630859375003,4917.5
2744,20.47021484375,218.71728515625,4920.5
2745,20.47021484375,218.71826171875,4923.5
2746,20.47021484375,218.71923828125,4926.5
2747,20.47021484375,218.72021484375,4929.0
2748,20.47021484375,218.72119140625,4932.0
2749,20.47021484375,218.72216796875,4935.0
2750,20.47021484375,218.72314453125,4938.5
2751,20.47021484375,218.72412109375,4941.5
2752,20.47021484375,218.72509765625003,4945.0
2753,20.47021484375,218.72607421875,4949.0
2754,20.47021484375,218.72705078125,4952.5
2755,20.47021484375,218.72802734375,4955.5
2756,20.47021484375,218.72900390624997,4957.0
2757,20.47021484375,218.72998046875,4958.0
2758,20.47021484375,218.73095703125,4959.0
2759,20.47021484375,218.73193359375,4959.5
2760,20.47021484375,218.73291015625,4960.5
2761,20.47021484375,218.73388671875003,4961.0
2762,20.47021484375,218.73486328125,4962.0
2763,20.47021484375,218.73583984375,4963.0
2764,20.47021484375,218.73681640625,4963.5
2765,20.47021484375,218.73779296874997,4964.5
2766,20.47021484375,218.73876953125,4965.5
2767,20.47021484375,218.73974609375,4966.5
2768,20.47021484375,218.74072265625003,4967.5
2769,20.47021484375,218.74169921875,4968.5
2770,20.47021484375,218.74267578125,4968.5
2771,20.47021484375,218.74365234375,4968.5
2772,20.47021484375,218.74462890625,4969.0
2773,20.469238281250004,218.62255859375,4811.5
2774,20.469238281250004,218.62353515625,4810.5
2775,20.469238281250004,218.62451171875,4809.5
2776,20.469238281250004,218.62548828125,4808.0
2777,20.469238281250004,218.62646484375003,4807.0
2778,20.469238281250004,218.62744140625,4805.5
2779,20.469238281250004,218.62841796875,4804.5
2780,20.46923828125,218.62939453125,4803.0
2781,20.469238281250004,218.63037109374997,4802.0
2782,20.46923828125,218.63134765625,4800.5
2783,20.469238281250004,218.63232421875,4799.0
2784,20.469238281250004,218.63330078125,4797.5
2785,20.46923828125,218.63427734375,4796.0
2786,20.469238281250004,218.63525390625,4794.5
2787,20.469238281250004,218.63623046875003,4793.0
2788,20.469238281250004,218.63720703125,4791.5
2789,20.46923828125,218.63818359375,4790.0
2790,20.469238281250004,218.63916015625,4788.5
2791,20.469238281250004,218.64013671875003,4786.5
2792,20.469238281250004,218.64111328125,4785.0
2793,20.469238281250004,218.64208984375,4783.0
2794,20.469238281250004,218.64306640625,4781.0
2795,20.469238281250004,218.64404296875,4778.0
2796,20.46923828125,218.64501953125,4776.0
2797,20.469238281250004,218.64599609375,4783.5
2798,20.469238281250004,218.64697265625,4786.5
2799,20.469238281250004,218.64794921875,4787.5
2800,20.469238281250004,218.64892578125003,4788.5
2801,20.469238281250004,218.64990234375,4789.5
2802,20.469238281250004,218.65087890625,4791.0
2803,20.469238281250004,218.65185546875003,4792.5
2804,20.469238281250004,218.65283203125,4794.0
2805,20.46923828125,218.65380859375,4796.0
2806,20.469238281250004,218.65478515625,4797.5
2807,20.46923828125,218.65576171875,4799.5
2808,20.469238281250004,218.65673828125,4801.5
2809,20.46923828125,218.65771484375003,4803.5
2810,20.46923828125,218.65869140625,4805.5
2811,20.469238281250004,218.65966796875,4807.5
2812,20.469238281250004,218.66064453125,4809.5
2813,20.46923828125,218.66162109374997,4812.0
2814,20.469238281250004,218.66259765625,4814.0
2815,20.469238281250004,218.66357421875,4816.5
2816,20.46923828125,218.66455078125,4819.0
2817,20.469238281250004,218.66552734375,4821.5
2818,20.46923828125,218.66650390625,4824.0
2819,20.46923828125,218.66748046875,4826.5
2820,20.469238281250004,218.66845703125,4829.5
2821,20.469238281250004,218.66943359375,4832.5
2822,20.469238281250004,218.67041015625,4835.0
2823,20.46923828125,218.67138671875003,4837.5
2824,20.46923828125,218.67236328125,4838.5
2825,20.469238281250004,218.67333984375,4839.5
2826,20.469238281250004,218.67431640625003,4840.0
2827,20.46923828125,218.67529296875,4840.5
2828,20.46923828125,218.67626953125,4841.5
2829,20.469238281250004,218.67724609375,4842.0
2830,20.46923828125,218.67822265625,4843.0
2831,20.469238281250004,218.67919921875,4844.0
2832,20.469238281250004,218.68017578125003,4845.0
2833,20.469238281250004,218.68115234375,4846.0
2834,20.469238281250004,218.68212890625,4847.0
2835,20.469238281250004,218.68310546875003,4848.0
2836,20.46923828125,218.68408203125003,4849.5
2837,20.469238281250004,218.68505859375,4850.5
2838,20.469238281250004,218.68603515625,4852.0
2839,20.469238281250004,218.68701171875,4853.0
2840,20.469238281250004,218.68798828125,4854.5
2841,20.469238281250004,218.68896484375,4855.5
2842,20.46923828125,218.68994140625,4857.0
2843,20.469238281250004,218.69091796875,4858.5
2844,20.46923828125,218.69189453125,4860.0
2845,20.469238281250004,218.69287109374997,4861.0
2846,20.469238281250004,218.69384765625003,4862.5
2847,20.469238281250004,218.69482421875,4864.0
2848,20.469238281250004,218.69580078125,4865.0
2849,20.469238281250004,218.69677734375,4866.5
2850,20.46923828125,218.69775390625,4867.5
2851,20.46923828125,218.69873046875,4868.5
2852,20.469238281250004,218.69970703125,4870.0
2853,20.46923828125,218.70068359375,4871.0
2854,20.469238281250004,218.70166015625,4871.5
2855,20.469238281250004,218.70263671875003,4872.5
2856,20.46923828125,218.70361328125,4873.0
2857,20.469238281250004,218.70458984375,4874.0
2858,20.46923828125,218.70556640625003,4879.0
2859,20.469238281250004,218.70654296874997,4883.0
2860,20.46923828125,218.70751953125,4885.5
2861,20.46923828125,218.70849609375,4888.5
2862,20.46923828125,218.70947265625,4891.5
2863,20.46923828125,218.71044921875,4895.0
2864,20.46923828125,218.71142578125,4899.0
2865,20.469238281250004,218.71240234375,4902.0
2866,20.46923828125,218.71337890625,4905.5
2867,20.469238281250004,218.71435546875,4908.5
2868,20.469238281250004,218.71533203125003,4911.5
2869,20.46923828125,218.71630859375003,4914.5
2870,20.46923828125,218.71728515625,4917.5
2871,20.46923828125,218.71826171875,4920.5
2872,20.469238281250004,218.71923828125,4923.0
2873,20.469238281250004,218.72021484375,4926.0
2874,20.469238281250004,218.72119140625,4928.5
2875,20.46923828125,218.72216796875,4931.5
2876,20.469238281250004,218.72314453125,4933.5
2877,20.469238281250004,218.72412109375,4938.0
2878,20.469238281250004,218.72509765625003,4942.0
2879,20.46923828125,218.72607421875,4946.0
2880,20.469238281250004,218.72705078125,4950.0
2881,20.469238281250004,218.72802734375003,4953.5
2882,20.469238281250004,218.72900390624997,4954.5
2883,20.469238281250004,218.72998046875,4955.5
2884,20.469238281250004,218.73095703125,4956.5
2885,20.46923828125,218.73193359375,4957.0
2886,20.469238281250004,218.73291015625,4958.0
2887,20.469238281250004,218.73388671875003,4959.0
2888,20.46923828125,218.73486328125,4959.5
2889,20.46923828125,218.73583984375,4960.0
2890,20.46923828125,218.73681640625,4961.0
2891,20.469238281250004,218.73779296875003,4961.5
2892,20.469238281250004,218.73876953125,4962.0
2893,20.469238281250004,218.73974609375,4962.5
2894,20.469238281250004,218.74072265625003,4962.5
2895,20.46923828125,218.74169921875,4962.5
2896,20.46923828125,218.74267578125,4963.5
2897,20.469238281250004,218.74365234375,4964.5
2898,20.46923828125,218.74462890625,4965.5
2899,20.46826171875,218.62255859375,4812.0
2900,20.468261718750004,218.62353515625,4810.5
2901,20.468261718750004,218.62451171875,4809.5
2902,20.46826171875,218.62548828125,4808.5
2903,20.468261718750004,218.62646484375003,4807.0
2904,20.46826171875,218.62744140625,4806.0
2905,20.468261718750004,218.62841796875,4804.5
2906,20.46826171875,218.62939453125,4803.5
2907,20.46826171875,218.63037109374997,4802.0
2908,20.468261718750004,218.63134765625,4800.5
2909,20.468261718750004,218.63232421875,4799.5
2910,20.468261718750004,218.63330078125,4798.0
2911,20.468261718750004,218.63427734375,4796.5
2912,20.46826171875,218.63525390625,4795.0
2913,20.468261718750004,218.63623046875003,4793.5
2914,20.468261718750004,218.63720703125,4792.0
2915,20.46826171875,218.63818359375,4790.5
2916,20.46826171875,218.63916015625,4788.5
2917,20.468261718750004,218.64013671875003,4787.0
2918,20.468261718750004,218.64111328125,4785.5
2919,20.468261718750004,218.64208984375,4783.5
2920,20.46826171875,218.64306640625,4782.0
2921,20.468261718750004,218.64404296875,4780.5
2922,20.46826171875,218.64501953125,4780.5
2923,20.468261718750004,218.64599609375,4784.5
2924,20.468261718750004,218.64697265625,4785.5
2925,20.46826171875,218.64794921875,4787.0
2926,20.468261718750004,218.64892578125003,4788.0
2927,20.46826171875,218.64990234375,4789.5
2928,20.468261718750004,218.65087890625,4791.0
2929,20.468261718750004,218.65185546875003,4792.0
2930,20.468261718750004,218.65283203125,4794.0
2931,20.46826171875,218.65380859375,4795.5
2932,20.468261718750004,218.65478515625,4797.0
2933,20.46826171875,218.65576171875,4799.0
2934,20.46826171875,218.65673828125,4801.0
2935,20.468261718750004,218.65771484375,4802.5
2936,20.46826171875,218.65869140625,4804.5
2937,20.468261718750004,218.65966796875,4806.5
2938,20.468261718750004,218.66064453125,4809.0
2939,20.46826171875,218.66162109374997,4811.0
2940,20.468261718750004,218.66259765625,4813.0
2941,20.46826171875,218.66357421875,4815.5
2942,20.46826171875,218.66455078125,4818.0
2943,20.468261718750004,218.66552734375,4820.5
2944,20.468261718750004,218.66650390625,4823.0
2945,20.468261718750004,218.66748046875003,4826.0
2946,20.468261718750004,218.66845703125,4829.0
2947,20.468261718750004,218.66943359375,4832.0
2948,20.46826171875,218.67041015625,4835.0
2949,20.46826171875,218.67138671875003,4837.5
2950,20.468261718750004,218.67236328125,4838.5
2951,20.468261718750004,218.67333984375,4839.0
2952,20.468261718750004,218.67431640625003,4839.0
2953,20.468261718750004,218.67529296875,4839.5
2954,20.46826171875,218.67626953125,4840.0
2955,20.46826171875,218.67724609375,4841.0
2956,20.46826171875,218.67822265625,4841.5
2957,20.468261718750004,218.67919921875,4842.5
2958,20.468261718750004,218.68017578125,4843.5
2959,20.468261718750004,218.68115234375,4844.5
2960,20.468261718750004,218.68212890625,4845.5
2961,20.468261718750004,218.68310546875003,4846.5
2962,20.468261718750004,218.68408203124997,4848.0
2963,20.468261718750004,218.68505859375,4849.0
2964,20.468261718750004,218.68603515625,4850.5
2965,20.46826171875,218.68701171875,4851.5
2966,20.468261718750004,218.68798828125,4853.0
2967,20.468261718750004,218.68896484375,4854.5
2968,20.46826171875,218.68994140625,4855.5
2969,20.468261718750004,218.69091796875,4857.0
2970,20.46826171875,218.69189453125,4858.5
2971,20.46826171875,218.69287109374997,4860.0
2972,20.468261718750004,218.69384765625003,4861.0
2973,20.468261718750004,218.69482421875,4862.5
2974,20.46826171875,218.69580078125,4864.0
2975,20.468261718750004,218.69677734375,4865.0
2976,20.468261718750004,218.69775390625,4866.5
2977,20.46826171875,218.69873046875,4867.5
2978,20.468261718750004,218.69970703125,4868.5
2979,20.46826171875,218.70068359375,4869.5
2980,20.468261718750004,218.70166015625,4870.0
2981,20.468261718750004,218.70263671875003,4870.5
2982,20.46826171875,218.70361328125,4871.0
2983,20.468261718750004,218.70458984375,4872.0
2984,20.468261718750004,218.70556640625003,4875.0
2985,20.46826171875,218.70654296874997,4877.5
2986,20.46826171875,218.70751953125,4881.5
2987,20.468261718750004,218.70849609375,4884.5
2988,20.468261718750004,218.70947265625,4887.5
2989,20.468261718750004,218.71044921875,4891.5
2990,20.468261718750004,218.71142578125,4895.0
2991,20.468261718750004,218.71240234375,4898.5
2992,20.468261718750004,218.71337890625,4902.0
2993,20.46826171875,218.71435546875,4905.5
2994,20.46826171875,218.71533203124997,4908.5
2995,20.468261718750004,218.71630859375003,4911.5
2996,20.46826171875,218.71728515625,4914.5
2997,20.468261718750004,218.71826171875,4917.5
2998,20.46826171875,218.71923828125,4920.0
2999,20.46826171875,218.72021484375,4923.0
3000,20.468261718750004,218.72119140625,4925.5
3001,20.46826171875,218.72216796875,4928.5
3002,20.46826171875,218.72314453125,4932.0
3003,20.468261718750004,218.72412109375,4935.0
3004,20.468261718750004,218.72509765625003,4938.5
3005,20.468261718750004,218.72607421875,4942.5
3006,20.468261718750004,218.72705078125,4946.0
3007,20.468261718750004,218.72802734375003,4948.5
3008,20.46826171875,218.72900390624997,4951.0
3009,20.468261718750004,218.72998046875,4952.5
3010,20.46826171875,218.73095703125,4953.5
3011,20.46826171875,218.73193359375,4954.5
3012,20.46826171875,218.73291015625,4955.5
3013,20.468261718750004,218.73388671875003,4956.5
3014,20.468261718750004,218.73486328125,4957.0
3015,20.46826171875,218.73583984375,4957.5
3016,20.468261718750004,218.73681640625,4958.0
3017,20.46826171875,218.73779296875003,4958.5
3018,20.468261718750004,218.73876953125,4959.0
3019,20.468261718750004,218.73974609375,4959.0
3020,20.468261718750004,218.74072265625,4959.0
3021,20.468261718750004,218.74169921875,4959.0
3022,20.46826171875,218.74267578125,4960.0
3023,20.468261718750004,218.74365234375,4961.0
3024,20.46826171875,218.74462890625,4962.0
3025,20.467285156250004,218.62255859375,4812.0
3026,20.467285156250004,218.62353515625,4811.0
3027,20.467285156250004,218.62451171875,4809.5
3028,20.467285156250007,218.62548828125,4808.5
3029,20.467285156250007,218.62646484375003,4807.5
3030,20.467285156250004,218.62744140625,4806.0
3031,20.467285156250007,218.62841796875,4805.0
3032,20.467285156250004,218.62939453125,4803.5
3033,20.467285156250007,218.63037109374997,4802.5
3034,20.467285156250007,218.63134765625,4801.0
3035,20.467285156250007,218.63232421875,4799.5
3036,20.467285156250007,218.63330078125,4798.0
3037,20.467285156250004,218.63427734375,4797.0
3038,20.467285156250007,218.63525390625,4795.5
3039,20.467285156250007,218.63623046875003,4794.0
3040,20.467285156250007,218.63720703125,4792.5
3041,20.467285156250004,218.63818359375,4791.0
3042,20.467285156250007,218.63916015625,4789.5
3043,20.467285156250007,218.64013671875003,4787.5
3044,20.467285156250007,218.64111328125,4786.0
3045,20.467285156250007,218.64208984375,4784.5
3046,20.467285156250004,218.64306640625,4783.5
3047,20.467285156250007,218.64404296875,4783.0
3048,20.467285156250004,218.64501953125,4783.5
3049,20.467285156250007,218.64599609375,4783.0
3050,20.467285156250007,218.64697265625,4784.5
3051,20.467285156250004,218.64794921875,4786.0
3052,20.467285156250007,218.64892578125003,4787.5
3053,20.467285156250007,218.64990234375,4789.0
3054,20.467285156250007,218.65087890625,4790.5
3055,20.467285156250004,218.65185546875003,4792.0
3056,20.467285156250007,218.65283203125,4793.5
3057,20.467285156250004,218.65380859375,4795.0
3058,20.467285156250007,218.65478515625,4796.5
3059,20.467285156250007,218.65576171875,4798.5
3060,20.467285156250007,218.65673828125,4800.0
3061,20.467285156250004,218.65771484375003,4802.0
3062,20.467285156250004,218.65869140625,4804.0
3063,20.467285156250007,218.65966796875,4806.0
3064,20.467285156250004,218.66064453125,4808.0
3065,20.467285156250007,218.66162109374997,4810.0
3066,20.467285156250007,218.66259765625,4812.0
3067,20.467285156250007,218.66357421875,4814.5
3068,20.467285156250004,218.66455078125,4817.0
3069,20.467285156250007,218.66552734375,4819.5
3070,20.467285156250007,218.66650390625,4822.0
3071,20.467285156250007,218.66748046875,4825.0
3072,20.467285156250007,218.66845703125,4828.0
3073,20.467285156250007,218.66943359375,4831.0
3074,20.467285156250007,218.67041015625,4834.0
3075,20.467285156250004,218.67138671875003,4836.5
3076,20.467285156250004,218.67236328125,4837.5
3077,20.467285156250004,218.67333984375,4838.0
3078,20.467285156250007,218.67431640625003,4838.0
3079,20.467285156250007,218.67529296875,4838.5
3080,20.467285156250007,218.67626953125,4839.0
3081,20.467285156250004,218.67724609375,4839.5
3082,20.467285156250004,218.67822265625,4840.5
3083,20.467285156250007,218.67919921875,4841.0
3084,20.467285156250007,218.68017578125003,4842.0
3085,20.467285156250007,218.68115234375,4843.0
3086,20.467285156250004,218.68212890625,4844.0
3087,20.467285156250007,218.68310546875,4845.0
3088,20.467285156250004,218.68408203125003,4846.5
3089,20.467285156250004,218.68505859375,4847.5
3090,20.467285156250007,218.68603515625,4849.0
3091,20.467285156250007,218.68701171875,4850.0
3092,20.467285156250004,218.68798828125,4851.5
3093,20.467285156250007,218.68896484375,4853.0
3094,20.467285156250004,218.68994140625003,4854.5
3095,20.467285156250004,218.69091796875,4855.5
3096,20.467285156250007,218.69189453125,4857.0
3097,20.467285156250007,218.69287109374997,4858.5
3098,20.467285156250007,218.69384765625003,4860.0
3099,20.467285156250004,218.69482421875,4861.5
3100,20.467285156250007,218.69580078125,4862.5
3101,20.467285156250007,218.69677734375,4864.0
3102,20.467285156250007,218.69775390625,4865.0
3103,20.467285156250004,218.69873046875,4866.5
3104,20.467285156250004,218.69970703125,4867.5
3105,20.467285156250007,218.70068359375,4868.0
3106,20.467285156250007,218.70166015625,4868.5
3107,20.467285156250007,218.70263671875003,4869.0
3108,20.467285156250007,218.70361328125,4869.5
3109,20.467285156250007,218.70458984375,4870.5
3110,20.467285156250007,218.70556640625003,4874.5
3111,20.467285156250004,218.70654296874997,4877.5
3112,20.467285156250004,218.70751953125,4879.5
3113,20.467285156250007,218.70849609375,4882.0
3114,20.467285156250004,218.70947265625,4885.0
3115,20.467285156250004,218.71044921875,4888.5
3116,20.467285156250004,218.71142578125,4892.0
3117,20.467285156250007,218.71240234375,4895.5
3118,20.467285156250004,218.71337890625,4899.0
3119,20.467285156250007,218.71435546875,4902.5
3120,20.467285156250004,218.71533203125003,4905.5
3121,20.467285156250007,218.71630859375003,4908.5
3122,20.467285156250004,218.71728515625,4911.5
3123,20.467285156250007,218.71826171875,4914.5
3124,20.467285156250007,218.71923828125,4917.5
3125,20.467285156250007,218.72021484375,4920.0
3126,20.467285156250007,218.72119140625,4922.5
3127,20.467285156250007,218.72216796875,4925.0
3128,20.467285156250007,218.72314453125,4927.0
3129,20.467285156250007,218.72412109375,4931.5
3130,20.467285156250004,218.72509765625003,4935.5
3131,20.467285156250007,218.72607421875,4939.5
3132,20.467285156250007,218.72705078125,4943.0
3133,20.467285156250007,218.72802734375003,4947.0
3134,20.467285156250007,218.72900390624997,4948.5
3135,20.467285156250007,218.72998046875,4949.5
3136,20.467285156250007,218.73095703125,4951.0
3137,20.467285156250004,218.73193359375,4952.0
3138,20.467285156250007,218.73291015625,4953.0
3139,20.467285156250007,218.73388671875003,4954.0
3140,20.467285156250007,218.73486328125,4954.5
3141,20.467285156250007,218.73583984375,4955.0
3142,20.467285156250004,218.73681640625,4955.5
3143,20.467285156250007,218.73779296875003,4955.5
3144,20.467285156250007,218.73876953125,4956.0
3145,20.467285156250007,218.73974609375,4956.0
3146,20.467285156250007,218.74072265625,4955.5
3147,20.467285156250004,218.74169921875,4956.0
3148,20.467285156250004,218.74267578125,4956.5
3149,20.467285156250007,218.74365234375,4957.5
3150,20.467285156250007,218.74462890625,4958.5
3151,20.46630859375,218.62255859375,4812.0
3152,20.46630859375,218.62353515625,4811.0
3153,20.46630859375,218.62451171875,4810.0
3154,20.46630859375,218.62548828125,4809.0
3155,20.466308593750007,218.62646484375003,4807.5
3156,20.46630859375,218.62744140625,4806.5
3157,20.466308593750007,218.62841796875,4805.0
3158,20.46630859375,218.62939453125,4804.0
3159,20.46630859375,218.63037109374997,4802.5
3160,20.466308593750007,218.63134765625,4801.5
3161,20.46630859375,218.63232421875,4800.0
3162,20.46630859375,218.63330078125,4798.5
3163,20.46630859375,218.63427734375,4797.0
3164,20.46630859375,218.63525390625,4796.0
3165,20.46630859375,218.63623046875003,4794.5
3166,20.466308593750007,218.63720703125,4793.0
3167,20.46630859375,218.63818359375,4791.5
3168,20.46630859375,218.63916015625,4790.0
3169,20.46630859375,218.64013671875003,4788.5
3170,20.46630859375,218.64111328125,4787.0
3171,20.466308593750007,218.64208984375,4785.5
3172,20.46630859375,218.64306640625,4784.0
3173,20.466308593750007,218.64404296875,4783.0
3174,20.46630859375,218.64501953125,4782.0
3175,20.466308593750007,218.64599609375,4781.0
3176,20.466308593750007,218.64697265625,4783.5
3177,20.46630859375,218.64794921875,4785.5
3178,20.46630859375,218.64892578125003,4787.0
3179,20.46630859375,218.64990234375,4788.5
3180,20.46630859375,218.65087890625,4790.0
3181,20.46630859375,218.65185546875003,4791.5
3182,20.46630859375,218.65283203125,4793.0
3183,20.46630859375,218.65380859375,4794.5
3184,20.46630859375,218.65478515625,4796.0
3185,20.46630859375,218.65576171875,4797.5
3186,20.46630859375,218.65673828125,4799.5
3187,20.46630859375,218.65771484375003,4801.0
3188,20.46630859375,218.65869140625,4803.0
3189,20.46630859375,218.65966796875,4805.0
3190,20.466308593750007,218.66064453125,4807.0
3191,20.46630859375,218.66162109374997,4809.0
3192,20.46630859375,218.66259765625,4811.0
3193,20.46630859375,218.66357421875,4813.5
3194,20.46630859375,218.66455078125,4816.0
3195,20.46630859375,218.66552734375,4818.5
3196,20.46630859375,218.66650390625,4821.0
3197,20.46630859375,218.66748046875003,4824.0
3198,20.46630859375,218.66845703125,4827.0
3199,20.46630859375,218.66943359375,4830.0
3200,20.46630859375,218.67041015625,4833.0
3201,20.46630859375,218.67138671875003,4836.0
3202,20.46630859375,218.67236328125,4836.5
3203,20.46630859375,218.67333984375,4837.0
3204,20.46630859375,218.67431640625003,4837.0
3205,20.46630859375,218.67529296875,4837.0
3206,20.46630859375,218.67626953125,4837.5
3207,20.46630859375,218.67724609375,4838.0
3208,20.46630859375,218.67822265625,4839.0
3209,20.466308593750007,218.67919921875,4839.5
3210,20.466308593750007,218.68017578125,4840.5
3211,20.46630859375,218.68115234375,4841.5
3212,20.46630859375,218.68212890625,4842.5
3213,20.46630859375,218.68310546875003,4843.5
3214,20.46630859375,218.68408203125003,4844.5
3215,20.46630859375,218.68505859375,4846.0
3216,20.46630859375,218.68603515625,4847.5
3217,20.46630859375,218.68701171875,4848.5
3218,20.46630859375,218.68798828125,4850.0
3219,20.46630859375,218.68896484375,4851.5
3220,20.46630859375,218.68994140625003,4853.0
3221,20.46630859375,218.69091796875,4854.5
3222,20.46630859375,218.69189453125,4856.0
3223,20.46630859375,218.69287109374997,4857.5
3224,20.466308593750007,218.69384765625003,4858.5
3225,20.46630859375,218.69482421875,4860.0
3226,20.46630859375,218.69580078125,4861.5
3227,20.46630859375,218.69677734375,4863.0
3228,20.46630859375,218.69775390625,4864.0
3229,20.46630859375,218.69873046875,4865.5
3230,20.46630859375,218.69970703125,4866.5
3231,20.46630859375,218.70068359375,4867.0
3232,20.46630859375,218.70166015625,4868.0
3233,20.46630859375,218.70263671875003,4868.0
3234,20.46630859375,218.70361328125,4868.5
3235,20.46630859375,218.70458984375,4869.5
3236,20.46630859375,218.70556640625003,4871.5
3237,20.46630859375,218.70654296874997,4872.0
3238,20.46630859375,218.70751953125,4875.0
3239,20.46630859375,218.70849609375,4878.5
3240,20.46630859375,218.70947265625,4881.5
3241,20.46630859375,218.71044921875,4885.5
3242,20.46630859375,218.71142578125,4889.0
3243,20.46630859375,218.71240234375,4892.5
3244,20.46630859375,218.71337890625,4896.5
3245,20.46630859375,218.71435546875,4899.5
3246,20.46630859375,218.71533203125003,4903.0
3247,20.466308593750007,218.71630859375003,4906.0
3248,20.46630859375,218.71728515625,4909.0
3249,20.46630859375,218.71826171875,4912.0
3250,20.46630859375,218.71923828125,4914.5
3251,20.46630859375,218.72021484375,4917.5
3252,20.46630859375,218.72119140625,4920.0
3253,20.46630859375,218.72216796875,4923.0
3254,20.46630859375,218.72314453125,4926.5
3255,20.46630859375,218.72412109375,4929.0
3256,20.46630859375,218.72509765625003,4932.5
3257,20.46630859375,218.72607421875,4936.0
3258,20.46630859375,218.72705078125,4939.5
3259,20.46630859375,218.72802734375003,4941.5
3260,20.46630859375,218.72900390624997,4944.5
3261,20.46630859375,218.72998046875,4946.5
3262,20.46630859375,218.73095703125,4948.0
3263,20.46630859375,218.73193359375,4949.5
3264,20.46630859375,218.73291015625,4950.5
3265,20.46630859375,218.73388671875003,4951.5
3266,20.46630859375,218.73486328125,4952.0
3267,20.46630859375,218.73583984375,4952.5
3268,20.46630859375,218.73681640625,4953.0
3269,20.46630859375,218.73779296875003,4953.0
3270,20.46630859375,218.73876953125,4953.0
3271,20.46630859375,218.73974609375,4952.5
3272,20.46630859375,218.74072265625003,4952.5
3273,20.46630859375,218.74169921875,4953.0
3274,20.46630859375,218.74267578125,4953.5
3275,20.466308593750007,218.74365234375,4954.5
3276,20.46630859375,218.74462890625,4955.5
3277,20.46533203125,218.62255859375,4812.5
3278,20.46533203125,218.62353515625,4811.5
3279,20.465332031250004,218.62451171875,4810.0
3280,20.465332031250004,218.62548828125,4809.0
3281,20.465332031250004,218.62646484375003,4808.0
3282,20.46533203125,218.62744140625,4807.0
3283,20.465332031250004,218.62841796875,4805.5
3284,20.46533203125,218.62939453125,4804.5
3285,20.465332031250004,218.63037109374997,4803.0
3286,20.465332031250004,218.63134765625,4802.0
3287,20.465332031250004,218.63232421875,4800.5
3288,20.465332031250004,218.63330078125,4799.0
3289,20.46533203125,218.63427734375,4797.5
3290,20.465332031250004,218.63525390625,4796.5
3291,20.465332031250004,218.63623046875003,4795.0
3292,20.465332031250004,218.63720703125,4793.5
3293,20.465332031250004,218.63818359375,4792.0
3294,20.465332031250004,218.63916015625,4790.5
3295,20.465332031250004,218.64013671875003,4789.0
3296,20.46533203125,218.64111328125,4787.5
3297,20.465332031250004,218.64208984375,4786.0
3298,20.46533203125,218.64306640625,4784.5
3299,20.46533203125,218.64404296875,4783.5
3300,20.46533203125,218.64501953125,4782.0
3301,20.465332031250004,218.64599609375,4782.0
3302,20.46533203125,218.64697265625,4783.0
3303,20.46533203125,218.64794921875,4784.5
3304,20.465332031250004,218.64892578125003,4786.0
3305,20.465332031250004,218.64990234375,4788.0
3306,20.46533203125,218.65087890625,4789.5
3307,20.46533203125,218.65185546875003,4791.0
3308,20.465332031250004,218.65283203125,4792.5
3309,20.46533203125,218.65380859375,4794.0
3310,20.46533203125,218.65478515625,4795.5
3311,20.465332031250004,218.65576171875,4797.0
3312,20.465332031250004,218.65673828125,4798.5
3313,20.46533203125,218.65771484375003,4800.5
3314,20.46533203125,218.65869140625,4802.0
3315,20.465332031250004,218.65966796875,4804.0
3316,20.465332031250004,218.66064453125,4806.0
3317,20.465332031250004,218.66162109374997,4808.0
3318,20.465332031250004,218.66259765625,4810.0
3319,20.465332031250004,218.66357421875,4812.0
3320,20.465332031250004,218.66455078125,4814.5
3321,20.46533203125,218.66552734375,4817.0
3322,20.465332031250004,218.66650390625,4820.0
3323,20.46533203125,218.66748046875,4822.5
3324,20.465332031250004,218.66845703125,4825.5
3325,20.465332031250004,218.66943359375,4828.5
3326,20.465332031250004,218.67041015625,4831.5
3327,20.465332031250004,218.67138671875003,4834.0
3328,20.46533203125,218.67236328125,4835.0
3329,20.46533203125,218.67333984375,4835.5
3330,20.465332031250004,218.67431640625003,4835.5
3331,20.46533203125,218.67529296875,4835.5
3332,20.465332031250004,218.67626953125,4836.0
3333,20.465332031250004,218.67724609375,4836.5
3334,20.46533203125,218.67822265625,4837.0
3335,20.465332031250004,218.67919921875,4838.0
3336,20.465332031250004,218.68017578125003,4838.5
3337,20.465332031250004,218.68115234374997,4839.5
3338,20.465332031250004,218.68212890625,4840.5
3339,20.465332031250004,218.68310546875003,4842.0
3340,20.46533203125,218.68408203125003,4843.0
3341,20.465332031250004,218.68505859375,4844.5
3342,20.465332031250004,218.68603515625,4845.5
3343,20.46533203125,218.68701171875,4847.0
3344,20.465332031250004,218.68798828125,4848.5
3345,20.465332031250004,218.68896484375,4850.0
3346,20.465332031250004,218.68994140625003,4851.5
3347,20.465332031250004,218.69091796875,4853.0
3348,20.46533203125,218.69189453125,4854.5
3349,20.465332031250004,218.69287109374997,4856.0
3350,20.465332031250004,218.69384765625003,4857.5
3351,20.465332031250004,218.69482421875,4859.0
3352,20.465332031250004,218.69580078125,4860.5
3353,20.465332031250004,218.69677734375,4862.0
3354,20.46533203125,218.69775390625,4863.5
3355,20.46533203125,218.69873046875,4864.5
3356,20.465332031250004,218.69970703125,4865.5
3357,20.46533203125,218.70068359375,4866.5
3358,20.465332031250004,218.70166015625,4867.0
3359,20.465332031250004,218.70263671875003,4867.5
3360,20.46533203125,218.70361328125,4867.5
3361,20.465332031250004,218.70458984375,4868.0
3362,20.465332031250004,218.70556640625003,4870.5
3363,20.46533203125,218.70654296874997,4870.5
3364,20.465332031250004,218.70751953125,4872.5
3365,20.465332031250004,218.70849609375,4875.5
3366,20.46533203125,218.70947265625,4879.0
3367,20.46533203125,218.71044921875,4882.5
3368,20.46533203125,218.71142578125,4886.0
3369,20.46533203125,218.71240234375,4890.0
3370,20.46533203125,218.71337890625,4893.5
3371,20.465332031250004,218.71435546875,4897.0
3372,20.46533203125,218.71533203124997,4900.5
3373,20.465332031250004,218.71630859375003,4903.5
3374,20.465332031250004,218.71728515625,4906.5
3375,20.46533203125,218.71826171875,4909.5
3376,20.465332031250004,218.71923828125,4912.0
3377,20.465332031250004,218.72021484375,4915.0
3378,20.465332031250004,218.72119140625,4917.5
3379,20.46533203125,218.72216796875,4920.0
3380,20.465332031250004,218.72314453125,4922.0
3381,20.465332031250004,218.72412109375,4926.0
3382,20.46533203125,218.72509765625003,4930.0
3383,20.46533203125,218.72607421875,4933.5
3384,20.465332031250004,218.72705078125,4937.5
3385,20.465332031250004,218.72802734375003,4941.5
3386,20.465332031250004,218.72900390624997,4943.0
3387,20.46533203125,218.72998046875,4944.5
3388,20.465332031250004,218.73095703125,4946.0
3389,20.465332031250004,218.73193359375,4947.5
3390,20.46533203125,218.73291015625,4948.5
3391,20.46533203125,218.73388671875,4949.5
3392,20.465332031250004,218.73486328125,4950.0
3393,20.46533203125,218.73583984375,4950.5
3394,20.465332031250004,218.73681640625,4950.5
3395,20.465332031250004,218.73779296875003,4950.5
3396,20.465332031250004,218.73876953125,4950.5
3397,20.465332031250004,218.73974609375,4949.5
3398,20.465332031250004,218.74072265625,4949.0
3399,20.46533203125,218.74169921875,4949.0
3400,20.465332031250004,218.74267578125,4950.0
3401,20.465332031250004,218.74365234375,4951.5
3402,20.46533203125,218.74462890625,4953.0
3403,20.464355468750004,218.62255859375,4812.5
3404,20.464355468750004,218.62353515625,4811.5
3405,20.464355468750004,218.62451171875,4810.5
3406,20.464355468750004,218.62548828125,4809.5
3407,20.464355468750004,218.62646484375003,4808.5
3408,20.464355468750004,218.62744140625,4807.0
3409,20.464355468750007,218.62841796875,4806.0
3410,20.464355468750004,218.62939453125,4805.0
3411,20.464355468750004,218.63037109374997,4803.5
3412,20.464355468750004,218.63134765625,4802.5
3413,20.464355468750004,218.63232421875,4801.0
3414,20.464355468750007,218.63330078125,4799.5
3415,20.464355468750004,218.63427734375,4798.5
3416,20.464355468750004,218.63525390625,4797.0
3417,20.464355468750007,218.63623046875003,4795.5
3418,20.464355468750007,218.63720703125,4794.0
3419,20.464355468750004,218.63818359375,4792.5
3420,20.464355468750007,218.63916015625,4791.0
3421,20.464355468750007,218.64013671875003,4789.5
3422,20.464355468750007,218.64111328125,4788.5
3423,20.464355468750004,218.64208984375,4787.0
3424,20.464355468750004,218.64306640625,4785.5
3425,20.464355468750004,218.64404296875,4784.0
3426,20.464355468750004,218.64501953125,4783.0
3427,20.464355468750007,218.64599609375,4782.5
3428,20.464355468750004,218.64697265625,4782.5
3429,20.464355468750004,218.64794921875,4784.0
3430,20.464355468750004,218.64892578125003,4786.0
3431,20.464355468750004,218.64990234375,4787.5
3432,20.464355468750004,218.65087890625,4789.0
3433,20.464355468750007,218.65185546875003,4790.5
3434,20.464355468750007,218.65283203125,4792.0
3435,20.464355468750004,218.65380859375,4793.5
3436,20.464355468750004,218.65478515625,4794.5
3437,20.464355468750004,218.65576171875,4796.0
3438,20.464355468750007,218.65673828125,4798.0
3439,20.464355468750004,218.65771484375,4799.5
3440,20.464355468750004,218.65869140625,4801.0
3441,20.464355468750004,218.65966796875,4802.5
3442,20.464355468750004,218.66064453125,4804.5
3443,20.464355468750004,218.66162109374997,4806.5
3444,20.464355468750004,218.66259765625,4808.5
3445,20.464355468750004,218.66357421875,4811.0
3446,20.464355468750004,218.66455078125,4813.0
3447,20.464355468750004,218.66552734375,4815.5
3448,20.464355468750004,218.66650390625,4818.5
3449,20.464355468750004,218.66748046875003,4821.0
3450,20.464355468750004,218.66845703125,4824.0
3451,20.464355468750004,218.66943359375,4827.0
3452,20.464355468750007,218.67041015625,4830.0
3453,20.464355468750004,218.67138671875003,4832.5
3454,20.464355468750004,218.67236328125,4833.5
3455,20.464355468750004,218.67333984375,4833.5
3456,20.464355468750007,218.67431640625003,4834.0
3457,20.464355468750004,218.67529296875,4834.0
3458,20.464355468750004,218.67626953125,4834.5
3459,20.464355468750004,218.67724609375,4834.5
3460,20.464355468750004,218.67822265625,4835.5
3461,20.464355468750007,218.67919921875,4836.0
3462,20.464355468750007,218.68017578125,4837.0
3463,20.464355468750004,218.68115234375,4838.0
3464,20.464355468750004,218.68212890625,4839.0
3465,20.464355468750004,218.68310546875003,4840.0
3466,20.464355468750004,218.68408203125003,4841.5
3467,20.464355468750004,218.68505859375,4842.5
3468,20.464355468750007,218.68603515625,4844.0
3469,20.464355468750007,218.68701171875,4845.5
3470,20.464355468750004,218.68798828125,4847.0
3471,20.464355468750004,218.68896484375,4848.5
3472,20.464355468750004,218.68994140625,4850.0
3473,20.464355468750004,218.69091796875,4851.5
3474,20.464355468750004,218.69189453125,4853.0
3475,20.464355468750004,218.69287109374997,4855.0
3476,20.464355468750004,218.69384765625003,4856.5
3477,20.464355468750004,218.69482421875,4858.0
3478,20.464355468750004,218.69580078125,4859.5
3479,20.464355468750007,218.69677734375,4861.0
3480,20.464355468750004,218.69775390625,4862.5
3481,20.464355468750004,218.69873046875,4864.0
3482,20.464355468750004,218.69970703125,4865.0
3483,20.464355468750007,218.70068359375,4866.5
3484,20.464355468750004,218.70166015625,4867.0
3485,20.464355468750004,218.70263671875003,4867.5
3486,20.464355468750004,218.70361328125,4868.0
3487,20.464355468750007,218.70458984375,4867.5
3488,20.464355468750004,218.70556640625003,4867.5
3489,20.464355468749996,218.70654296874997,4868.0
3490,20.464355468750004,218.70751953125,4870.0
3491,20.464355468750007,218.70849609375,4872.0
3492,20.464355468750004,218.70947265625,4874.0
3493,20.464355468750004,218.71044921875,4879.0
3494,20.464355468750004,218.71142578125,4883.5
3495,20.464355468750004,218.71240234375,4887.5
3496,20.464355468750004,218.71337890625,4891.5
3497,20.464355468750007,218.71435546875,4895.0
3498,20.464355468750004,218.71533203124997,4898.0
3499,20.464355468750007,218.71630859375003,4901.5
3500,20.464355468750004,218.71728515625,4904.0
3501,20.464355468750004,218.71826171875,4907.0
3502,20.464355468750007,218.71923828125,4909.5
3503,20.464355468750004,218.72021484375003,4912.5
3504,20.464355468750004,218.72119140625,4915.0
3505,20.464355468750004,218.72216796875,4918.0
3506,20.464355468750004,218.72314453125,4921.0
3507,20.464355468750007,218.72412109375,4924.0
3508,20.464355468750004,218.72509765625003,4927.5
3509,20.464355468750004,218.72607421875,4930.5
3510,20.464355468750004,218.72705078125,4934.0
3511,20.464355468750004,218.72802734375,4936.5
3512,20.464355468750004,218.72900390625003,4939.5
3513,20.464355468750004,218.72998046875,4941.5
3514,20.464355468750004,218.73095703125,4943.5
3515,20.464355468750004,218.73193359375,4945.0
3516,20.464355468750004,218.73291015625,4946.5
3517,20.464355468750004,218.73388671875,4947.5
3518,20.464355468750004,218.73486328125,4948.0
3519,20.464355468750004,218.73583984375,4948.5
3520,20.464355468750004,218.73681640625,4948.5
3521,20.464355468750004,218.73779296875003,4948.5
3522,20.464355468750004,218.73876953125,4948.0
3523,20.464355468750004,218.73974609375,4947.0
3524,20.464355468750007,218.74072265625,4946.0
3525,20.464355468750004,218.74169921875,4945.5
3526,20.464355468750004,218.74267578125,4947.0
3527,20.464355468750004,218.74365234375,4948.5
3528,20.464355468750004,218.74462890625,4950.0
3529,20.46337890625,218.62255859375,4813.0
3530,20.463378906250004,218.62353515625,4812.0
3531,20.46337890625,218.62451171875,4811.0
3532,20.463378906250004,218.62548828125,4810.0
3533,20.463378906250004,218.62646484375003,4809.0
3534,20.463378906250004,218.62744140625,4807.5
3535,20.463378906250004,218.62841796875,4806.5
3536,20.463378906250004,218.62939453125,4805.5
3537,20.463378906250004,218.63037109374997,4804.0
3538,20.46337890625,218.63134765625,4803.0
3539,20.463378906250004,218.63232421875,4801.5
3540,20.463378906250004,218.63330078125,4800.0
3541,20.46337890625,218.63427734375,4799.0
3542,20.463378906250004,218.63525390625,4797.5
3543,20.463378906250004,218.63623046875003,4796.0
3544,20.463378906250004,218.63720703125,4795.0
3545,20.46337890625,218.63818359375,4793.5
3546,20.463378906250004,218.63916015625,4792.0
3547,20.46337890625,218.64013671875003,4790.5
3548,20.46337890625,218.64111328125,4789.0
3549,20.463378906250004,218.64208984375,4787.5
3550,20.46337890625,218.64306640625,4786.0
3551,20.463378906250004,218.64404296875,4785.0
3552,20.46337890625,218.64501953125,4783.5
3553,20.463378906250004,218.64599609375,4782.5
3554,20.46337890625,218.64697265625,4783.5
3555,20.46337890625,218.64794921875,4784.5
3556,20.463378906250004,218.64892578125003,4785.5
3557,20.46337890625,218.64990234375,4787.0
3558,20.463378906250004,218.65087890625,4788.5
3559,20.463378906250004,218.65185546875003,4790.0
3560,20.463378906250004,218.65283203125,4791.5
3561,20.46337890625,218.65380859375,4792.5
3562,20.46337890625,218.65478515625,4794.0
3563,20.463378906250004,218.65576171875,4795.5
3564,20.46337890625,218.65673828125,4797.0
3565,20.463378906250004,218.65771484375003,4798.5
3566,20.46337890625,218.65869140625,4800.0
3567,20.46337890625,218.65966796875,4801.5
3568,20.463378906250004,218.66064453125,4803.5
3569,20.463378906250004,218.66162109374997,4805.0
3570,20.463378906250004,218.66259765625,4807.0
3571,20.463378906250004,218.66357421875,4809.0
3572,20.46337890625,218.66455078125,4811.5
3573,20.46337890625,218.66552734375,4814.0
3574,20.46337890625,218.66650390625,4816.5
3575,20.46337890625,218.66748046875,4819.5
3576,20.463378906250004,218.66845703125,4822.5
3577,20.463378906250004,218.66943359375,4825.5
3578,20.463378906250004,218.67041015625,4828.5
3579,20.463378906250004,218.67138671875003,4830.5
3580,20.463378906250004,218.67236328124997,4831.5
3581,20.46337890625,218.67333984375,4831.5
3582,20.463378906250004,218.67431640625003,4832.0
3583,20.463378906250004,218.67529296875,4832.0
3584,20.46337890625,218.67626953125,4832.5
3585,20.46337890625,218.67724609375,4832.5
3586,20.46337890625,218.67822265625,4833.5
3587,20.463378906250004,218.67919921875,4834.0
3588,20.463378906250004,218.68017578125003,4835.0
3589,20.46337890625,218.68115234375,4836.0
3590,20.463378906250004,218.68212890625,4837.0
3591,20.46337890625,218.68310546875003,4838.0
3592,20.463378906250004,218.68408203125003,4839.5
3593,20.46337890625,218.68505859375,4840.5
3594,20.463378906250004,218.68603515625,4842.0
3595,20.46337890625,218.68701171875,4843.5
3596,20.463378906250004,218.68798828125,4845.0
3597,20.46337890625,218.68896484375,4847.0
3598,20.46337890625,218.68994140625,4848.5
3599,20.46337890625,218.69091796875,4850.0
3600,20.46337890625,218.69189453125,4852.0
3601,20.463378906250004,218.69287109374997,4853.5
3602,20.463378906250004,218.69384765625003,4855.5
3603,20.463378906250004,218.69482421875,4857.0
3604,20.46337890625,218.69580078125,4858.5
3605,20.46337890625,218.69677734375,4860.5
3606,20.46337890625,218.69775390625,4862.0
3607,20.46337890625,218.69873046875,4863.5
3608,20.463378906250004,218.69970703125,4865.0
3609,20.46337890625,218.70068359375,4866.5
3610,20.46337890625,218.70166015625,4867.5
3611,20.46337890625,218.70263671875003,4868.5
3612,20.46337890625,218.70361328125,4868.5
3613,20.463378906250004,218.70458984375,4868.5
3614,20.463378906250004,218.70556640625003,4866.5
3615,20.46337890625,218.70654296874997,4867.5
3616,20.46337890625,218.70751953125,4869.5
3617,20.463378906250004,218.70849609375,4871.5
3618,20.46337890625,218.70947265625,4875.0
3619,20.46337890625,218.71044921875,4878.0
3620,20.46337890625,218.71142578125,4881.5
3621,20.46337890625,218.71240234375,4885.5
3622,20.46337890625,218.71337890625,4889.5
3623,20.463378906250004,218.71435546875,4893.0
3624,20.46337890625,218.71533203125003,4896.0
3625,20.463378906250004,218.71630859375003,4899.5
3626,20.46337890625,218.71728515625,4902.0
3627,20.463378906250004,218.71826171875,4905.0
3628,20.46337890625,218.71923828125,4907.5
3629,20.463378906250004,218.72021484375,4910.0
3630,20.46337890625,218.72119140625,4912.5
3631,20.46337890625,218.72216796875,4914.5
3632,20.46337890625,218.72314453125,4916.5
3633,20.463378906250004,218.72412109375,4921.0
3634,20.46337890625,218.72509765625003,4924.5
3635,20.46337890625,218.72607421875,4928.0
3636,20.463378906250004,218.72705078125,4931.5
3637,20.463378906250004,218.72802734375003,4934.5
3638,20.463378906250004,218.72900390624997,4937.0
3639,20.463378906250004,218.72998046875,4939.5
3640,20.46337890625,218.73095703125,4941.5
3641,20.46337890625,218.73193359375,4943.5
3642,20.46337890625,218.73291015625,4944.5
3643,20.463378906250004,218.73388671875,4945.5
3644,20.46337890625,218.73486328125,4946.5
3645,20.46337890625,218.73583984375,4947.0
3646,20.46337890625,218.73681640625,4947.0
3647,20.463378906250004,218.73779296874997,4946.5
3648,20.463378906250004,218.73876953125,4946.0
3649,20.46337890625,218.73974609375,4945.0
3650,20.46337890625,218.74072265625003,4944.0
3651,20.46337890625,218.74169921875,4943.0
3652,20.46337890625,218.74267578125,4944.5
3653,20.463378906250004,218.74365234375,4946.5
3654,20.46337890625,218.74462890625,4948.0
3655,20.46240234375,218.62255859375,4813.5
3656,20.46240234375,218.62353515625,4812.5
3657,20.46240234375,218.62451171875,4811.5
3658,20.46240234375,218.62548828125,4810.5
3659,20.46240234375,218.62646484375003,4809.5
3660,20.46240234375,218.62744140625,4808.0
3661,20.46240234375,218.62841796875,4807.0
3662,20.46240234375,218.62939453125,4806.0
3663,20.46240234375,218.63037109374997,4804.5
3664,20.46240234375,218.63134765625,4803.5
3665,20.46240234375,218.63232421875,4802.0
3666,20.46240234375,218.63330078125,4801.0
3667,20.46240234375,218.63427734375,4799.5
3668,20.46240234375,218.63525390625,4798.0
3669,20.46240234375,218.63623046875003,4797.0
3670,20.46240234375,218.63720703125,4795.5
3671,20.46240234375,218.63818359375,4794.0
3672,20.46240234375,218.63916015625,4792.5
3673,20.46240234375,218.64013671875003,4791.0
3674,20.46240234375,218.64111328125,4790.0
3675,20.46240234375,218.64208984375,4788.5
3676,20.46240234375,218.64306640625,4787.0
3677,20.46240234375,218.64404296875,4786.0
3678,20.46240234375,218.64501953125,4785.0
3679,20.46240234375,218.64599609375,4784.5
3680,20.46240234375,218.64697265625,4784.0
3681,20.46240234375,218.64794921875,4784.5
3682,20.46240234375,218.64892578125003,4785.5
3683,20.46240234375,218.64990234375,4787.0
3684,20.46240234375,218.65087890625,4788.0
3685,20.46240234375,218.65185546875003,4789.5
3686,20.46240234375,218.65283203125,4791.0
3687,20.46240234375,218.65380859375,4792.0
3688,20.46240234375,218.65478515625,4793.5
3689,20.46240234375,218.65576171875,4794.5
3690,20.46240234375,218.65673828125,4796.0
3691,20.46240234375,218.65771484375003,4797.5
3692,20.46240234375,218.65869140625,4798.5
3693,20.46240234375,218.65966796875,4800.0
3694,20.46240234375,218.66064453125,4802.0
3695,20.46240234375,218.66162109374997,4803.5
3696,20.46240234375,218.66259765625,4805.5
3697,20.46240234375,218.66357421875,4807.5
3698,20.46240234375,218.66455078125,4809.5
3699,20.46240234375,218.66552734375,4812.0
3700,20.46240234375,218.66650390625,4814.5
3701,20.46240234375,218.66748046875,4817.5
3702,20.46240234375,218.66845703125,4820.5
3703,20.46240234375,218.66943359375,4823.5
3704,20.46240234375,218.67041015625,4826.5
3705,20.46240234375,218.67138671875003,4829.0
3706,20.46240234375,218.67236328125,4829.5
3707,20.46240234375,218.67333984375,4829.5
3708,20.46240234375,218.67431640625003,4830.0
3709,20.46240234375,218.67529296875,4830.0
3710,20.46240234375,218.67626953125,4830.0
3711,20.46240234375,218.67724609375,4830.5
3712,20.46240234375,218.67822265625,4831.0
3713,20.46240234375,218.67919921875,4831.5
3714,20.46240234375,218.68017578125003,4832.5
3715,20.46240234375,218.68115234375,4833.5
3716,20.46240234375,218.68212890625,4834.5
3717,20.46240234375,218.68310546875003,4836.0
3718,20.46240234375,218.68408203125003,4837.5
3719,20.46240234375,218.68505859375,4839.0
3720,20.46240234375,218.68603515625,4840.5
3721,20.46240234375,218.68701171875,4842.0
3722,20.46240234375,218.68798828125,4843.5
3723,20.46240234375,218.68896484375,4845.0
3724,20.46240234375,218.68994140625003,4847.0
3725,20.46240234375,218.69091796875,4849.0
3726,20.46240234375,218.69189453125,4850.5
3727,20.46240234375,218.69287109374997,4852.5
3728,20.46240234375,218.69384765625003,4854.0
3729,20.46240234375,218.69482421875,4856.0
3730,20.46240234375,218.69580078125,4858.0
3731,20.46240234375,218.69677734375,4860.0
3732,20.46240234375,218.69775390625,4861.5
3733,20.46240234375,218.69873046875,4863.5
3734,20.46240234375,218.69970703125,4865.0
3735,20.46240234375,218.70068359375,4866.5
3736,20.46240234375,218.70166015625,4868.0
3737,20.46240234375,218.70263671875003,4869.5
3738,20.46240234375,218.70361328125,4870.5
3739,20.46240234375,218.70458984375,4870.5
3740,20.46240234375,218.70556640625003,4868.5
3741,20.46240234375,218.70654296874997,4868.5
3742,20.46240234375,218.70751953125,4869.5
3743,20.46240234375,218.70849609375,4870.5
3744,20.46240234375,218.70947265625,4871.5
3745,20.46240234375,218.71044921875,4875.5
3746,20.46240234375,218.71142578125,4880.0
3747,20.46240234375,218.71240234375,4884.0
3748,20.46240234375,218.71337890625,4888.0
3749,20.46240234375,218.71435546875,4891.5
3750,20.46240234375,218.71533203125003,4894.5
3751,20.46240234375,218.71630859375003,4897.5
3752,20.46240234375,218.71728515625,4900.5
3753,20.46240234375,218.71826171875,4903.0
3754,20.46240234375,218.71923828125,4905.5
3755,20.46240234375,218.72021484375,4908.0
3756,20.46240234375,218.72119140625,4910.5
3757,20.46240234375,218.72216796875,4913.0
3758,20.46240234375,218.72314453125,4916.5
3759,20.46240234375,218.72412109375,4919.0
3760,20.46240234375,218.72509765625003,4922.5
3761,20.46240234375,218.72607421875,4926.0
3762,20.46240234375,218.72705078125,4929.0
3763,20.46240234375,218.72802734375003,4931.5
3764,20.46240234375,218.72900390624997,4935.0
3765,20.46240234375,218.72998046875,4938.0
3766,20.46240234375,218.73095703125,4940.0
3767,20.46240234375,218.73193359375,4942.0
3768,20.46240234375,218.73291015625,4943.5
3769,20.46240234375,218.73388671875,4944.5
3770,20.46240234375,218.73486328125,4945.0
3771,20.46240234375,218.73583984375,4945.5
3772,20.46240234375,218.73681640625,4945.5
3773,20.46240234375,218.73779296874997,4945.5
3774,20.46240234375,218.73876953125,4945.0
3775,20.46240234375,218.73974609375,4944.0
3776,20.46240234375,218.74072265625003,4942.5
3777,20.46240234375,218.74169921875,4942.0
3778,20.46240234375,218.74267578125,4943.5
3779,20.46240234375,218.74365234375,4945.0
3780,20.46240234375,218.74462890625,4947.0
3781,20.461425781250004,218.62255859375,4814.0
3782,20.461425781250004,218.62353515625,4813.0
3783,20.461425781250004,218.62451171875,4812.0
3784,20.461425781250004,218.62548828125,4811.0
3785,20.461425781250004,218.62646484375003,4810.0
3786,20.461425781250004,218.62744140625,4808.5
3787,20.461425781250004,218.62841796875,4807.5
3788,20.461425781250004,218.62939453125,4806.5
3789,20.461425781250004,218.63037109374997,4805.5
3790,20.461425781250004,218.63134765625,4804.0
3791,20.461425781250004,218.63232421875,4803.0
3792,20.461425781250004,218.63330078125,4801.5
3793,20.461425781250004,218.63427734375,4800.5
3794,20.461425781250004,218.63525390625,4799.0
3795,20.461425781250004,218.63623046875003,4797.5
3796,20.461425781250004,218.63720703125,4796.5
3797,20.461425781250004,218.63818359375,4795.0
3798,20.461425781250004,218.63916015625,4793.5
3799,20.461425781250004,218.64013671875003,4792.0
3800,20.461425781250004,218.64111328125,4790.5
3801,20.461425781250004,218.64208984375,4789.0
3802,20.461425781250004,218.64306640625,4787.5
3803,20.461425781250004,218.64404296875,4786.5
3804,20.461425781250004,218.64501953125,4785.5
3805,20.461425781250004,218.64599609375,4785.0
3806,20.461425781250004,218.64697265625,4783.5
3807,20.461425781250004,218.64794921875,4784.0
3808,20.461425781250004,218.64892578125003,4785.5
3809,20.461425781250004,218.64990234375,4786.5
3810,20.461425781250004,218.65087890625,4788.0
3811,20.461425781250004,218.65185546875003,4789.0
3812,20.461425781250004,218.65283203125,4790.5
3813,20.461425781250004,218.65380859375,4791.5
3814,20.461425781250004,218.65478515625,4792.5
3815,20.461425781250004,218.65576171875,4794.0
3816,20.461425781250004,218.65673828125,4795.0
3817,20.461425781250004,218.65771484375003,4796.0
3818,20.461425781250004,218.65869140625,4797.5
3819,20.461425781250004,218.65966796875,4799.0
3820,20.461425781250004,218.66064453125,4800.5
3821,20.461425781250004,218.66162109374997,4802.0
3822,20.461425781250004,218.66259765625,4803.5
3823,20.461425781250004,218.66357421875,4805.5
3824,20.461425781250004,218.66455078125,4807.5
3825,20.461425781250004,218.66552734375,4810.0
3826,20.461425781250004,218.66650390625,4812.5
3827,20.461425781250004,218.66748046875,4815.5
3828,20.461425781250004,218.66845703125,4818.5
3829,20.461425781250004,218.66943359375,4821.5
3830,20.461425781250004,218.67041015625,4824.0
3831,20.461425781250004,218.67138671875003,4825.5
3832,20.461425781250004,218.67236328125,4827.0
3833,20.461425781250004,218.67333984375,4827.5
3834,20.461425781250004,218.67431640625003,4827.5
3835,20.461425781250004,218.67529296875,4827.5
3836,20.461425781250004,218.67626953125,4827.5
3837,20.461425781250004,218.67724609375,4828.0
3838,20.461425781250004,218.67822265625,4828.5
3839,20.461425781250004,218.67919921875,4829.5
3840,20.461425781250004,218.68017578125,4830.0
3841,20.461425781250004,218.68115234375,4831.0
3842,20.461425781250004,218.68212890625,4832.5
3843,20.461425781250004,218.68310546875,4833.5
3844,20.461425781250004,218.68408203124997,4835.0
3845,20.461425781250004,218.68505859375,4836.5
3846,20.461425781250004,218.68603515625,4838.5
3847,20.461425781250004,218.68701171875,4840.0
3848,20.461425781250004,218.68798828125,4842.0
3849,20.461425781250004,218.68896484375,4843.5
3850,20.461425781250004,218.68994140625003,4845.5
3851,20.461425781250004,218.69091796875,4847.5
3852,20.461425781250004,218.69189453125,4849.0
3853,20.461425781250004,218.69287109374997,4851.0
3854,20.461425781250004,218.69384765625003,4853.0
3855,20.461425781250004,218.69482421875,4855.0
3856,20.461425781250004,218.69580078125,4857.0
3857,20.461425781250004,218.69677734375,4859.0
3858,20.461425781250004,218.69775390625,4861.0
3859,20.461425781250004,218.69873046875,4863.0
3860,20.461425781250004,218.69970703125,4865.0
3861,20.461425781250004,218.70068359375,4867.0
3862,20.461425781250004,218.70166015625,4869.0
3863,20.461425781250004,218.70263671875003,4871.0
3864,20.461425781250004,218.70361328125,4872.5
3865,20.461425781250004,218.70458984375,4873.0
3866,20.461425781250004,218.70556640625003,4870.5
3867,20.461425781250004,218.70654296875003,4870.0
3868,20.461425781250004,218.70751953125,4870.0
3869,20.461425781250004,218.70849609375,4870.5
3870,20.461425781250004,218.70947265625,4871.5
3871,20.461425781250004,218.71044921875,4875.0
3872,20.461425781250004,218.71142578125,4879.0
3873,20.461425781250004,218.71240234375,4883.0
3874,20.461425781250004,218.71337890625,4887.0
3875,20.461425781250004,218.71435546875,4890.0
3876,20.461425781250004,218.71533203125003,4893.0
3877,20.461425781250004,218.71630859375003,4896.0
3878,20.461425781250004,218.71728515625,4898.5
3879,20.461425781250004,218.71826171875,4901.0
3880,20.461425781250004,218.71923828125,4903.5
3881,20.461425781250004,218.72021484375,4905.5
3882,20.461425781250004,218.72119140625,4908.0
3883,20.461425781250004,218.72216796875,4910.0
3884,20.461425781250004,218.72314453125,4912.0
3885,20.461425781250004,218.72412109375,4916.0
3886,20.461425781250004,218.72509765625003,4920.5
3887,20.461425781250004,218.72607421875,4924.5
3888,20.461425781250004,218.72705078125,4928.0
3889,20.461425781250004,218.72802734375,4931.0
3890,20.461425781250004,218.72900390624997,4934.0
3891,20.461425781250004,218.72998046875,4937.0
3892,20.461425781250004,218.73095703125,4939.0
3893,20.461425781250004,218.73193359375,4941.0
3894,20.461425781250004,218.73291015625,4942.0
3895,20.461425781250004,218.73388671875,4943.5
3896,20.461425781250004,218.73486328125,4944.0
3897,20.461425781250004,218.73583984375,4944.5
3898,20.461425781250004,218.73681640625,4944.5
3899,20.461425781250004,218.73779296874997,4944.5
3900,20.461425781250004,218.73876953125,4944.0
3901,20.461425781250004,218.73974609375,4943.0
3902,20.461425781250004,218.74072265625003,4942.0
3903,20.461425781250004,218.74169921875,4941.5
3904,20.461425781250004,218.74267578125,4942.5
3905,20.461425781250004,218.74365234375,4944.5
3906,20.461425781250004,218.74462890625,4946.0
3907,20.460449218750004,218.62255859375,4814.5
3908,20.460449218750004,218.62353515625,4813.5
3909,20.460449218750004,218.62451171875,4812.5
3910,20.460449218750004,218.62548828125,4811.5
3911,20.460449218750004,218.62646484375003,4810.5
3912,20.460449218750004,218.62744140625,4809.5
3913,20.460449218750004,218.62841796875,4808.0
3914,20.460449218750004,218.62939453125,4807.0
3915,20.460449218750004,218.63037109374997,4806.0
3916,20.460449218750004,218.63134765625,4805.0
3917,20.460449218750004,218.63232421875,4803.5
3918,20.460449218750004,218.63330078125,4802.5
3919,20.460449218750004,218.63427734375,4801.0
3920,20.460449218750004,218.63525390625,4800.0
3921,20.460449218750004,218.63623046875003,4798.5
3922,20.460449218750004,218.63720703125,4797.0
3923,20.460449218750004,218.63818359375,4796.0
3924,20.460449218750004,218.63916015625,4794.5
3925,20.460449218750004,218.64013671875003,4793.0
3926,20.460449218750004,218.64111328125,4791.5
3927,20.460449218750004,218.64208984375,4789.5
3928,20.460449218750004,218.64306640625,4788.0
3929,20.460449218750004,218.64404296875,4786.0
3930,20.460449218750004,218.64501953125,4784.5
3931,20.460449218750004,218.64599609375,4784.5
3932,20.460449218750004,218.64697265625,4783.5
3933,20.460449218750004,218.64794921875,4784.0
3934,20.460449218750004,218.64892578125003,4785.5
3935,20.460449218750004,218.64990234375,4786.5
3936,20.460449218750004,218.65087890625,4788.0
3937,20.460449218750004,218.65185546875003,4789.0
3938,20.460449218750004,218.65283203125,4790.0
3939,20.460449218750004,218.65380859375,4791.0
3940,20.460449218750004,218.65478515625,4792.0
3941,20.460449218750004,218.65576171875,4793.0
3942,20.460449218750004,218.65673828125,4794.0
3943,20.460449218750004,218.65771484375,4795.0
3944,20.460449218750004,218.65869140625,4796.0
3945,20.460449218750004,218.65966796875,4797.5
3946,20.460449218750004,218.66064453125,4798.5
3947,20.460449218750004,218.66162109374997,4800.0
3948,20.460449218750004,218.66259765625,4801.5
3949,20.460449218750004,218.66357421875,4803.5
3950,20.460449218750004,218.66455078125,4805.5
3951,20.460449218750004,218.66552734375,4808.0
3952,20.460449218750004,218.66650390625,4810.5
3953,20.460449218750004,218.66748046875,4813.0
3954,20.460449218750004,218.66845703125,4816.0
3955,20.460449218750004,218.66943359375,4819.5
3956,20.460449218750004,218.67041015625,4822.5
3957,20.460449218750004,218.67138671875003,4825.5
3958,20.460449218750004,218.67236328125,4825.5
3959,20.460449218750004,218.67333984375,4825.5
3960,20.460449218750004,218.67431640625003,4825.0
3961,20.460449218750004,218.67529296875,4825.0
3962,20.460449218750004,218.67626953125,4825.0
3963,20.460449218750004,218.67724609375,4825.5
3964,20.460449218750004,218.67822265625,4826.0
3965,20.460449218750004,218.67919921875,4826.5
3966,20.460449218750004,218.68017578125,4827.5
3967,20.460449218750004,218.68115234375,4828.5
3968,20.460449218750004,218.68212890625,4830.0
3969,20.460449218750004,218.68310546875003,4831.5
3970,20.460449218750004,218.68408203124997,4833.0
3971,20.460449218750004,218.68505859375,4834.5
3972,20.460449218750004,218.68603515625,4836.0
3973,20.460449218750004,218.68701171875,4838.0
3974,20.460449218750004,218.68798828125,4840.0
3975,20.460449218750004,218.68896484375,4842.0
3976,20.460449218750004,218.68994140625,4844.0
3977,20.460449218750004,218.69091796875,4846.0
3978,20.460449218750004,218.69189453125,4848.0
3979,20.460449218750004,218.69287109374997,4850.0
3980,20.460449218750004,218.69384765625003,4852.0
3981,20.460449218750004,218.69482421875,4854.0
3982,20.460449218750004,218.69580078125,4856.5
3983,20.460449218750004,218.69677734375,4858.5
3984,20.460449218750004,218.69775390625,4861.0
3985,20.460449218750004,218.69873046875,4863.0
3986,20.460449218750004,218.69970703125,4865.5
3987,20.460449218750004,218.70068359375,4867.5
3988,20.460449218750004,218.70166015625,4870.0
3989,20.460449218750004,218.70263671875003,4872.0
3990,20.460449218750004,218.70361328125,4874.0
3991,20.460449218750004,218.70458984375,4875.0
3992,20.460449218750004,218.70556640625003,4874.5
3993,20.460449218750004,218.70654296874997,4872.5
3994,20.460449218750004,218.70751953125,4871.5
3995,20.460449218750004,218.70849609375,4871.5
3996,20.460449218750004,218.70947265625,4872.0
3997,20.460449218750004,218.71044921875,4875.5
3998,20.460449218750004,218.71142578125,4879.0
3999,20.460449218750004,218.71240234375,4883.0
4000,20.460449218750004,218.71337890625,4886.0
4001,20.460449218750004,218.71435546875,4889.5
4002,20.460449218750004,218.71533203124997,4892.0
4003,20.460449218750004,218.71630859375003,4895.0
4004,20.460449218750004,218.71728515625,4897.5
4005,20.460449218750004,218.71826171875,4899.5
4006,20.460449218750004,218.71923828125,4902.0
4007,20.460449218750004,218.72021484375,4904.0
4008,20.460449218750004,218.72119140625,4905.5
4009,20.460449218750004,218.72216796875,4908.0
4010,20.460449218750004,218.72314453125,4910.5
4011,20.460449218750004,218.72412109375,4914.5
4012,20.460449218750004,218.72509765625003,4919.0
4013,20.460449218750004,218.72607421875,4923.5
4014,20.460449218750004,218.72705078125,4927.5
4015,20.460449218750004,218.72802734375003,4931.5
4016,20.460449218750004,218.72900390624997,4934.0
4017,20.460449218750004,218.72998046875,4936.5
4018,20.460449218750004,218.73095703125,4938.5
4019,20.460449218750004,218.73193359375,4940.0
4020,20.460449218750004,218.73291015625,4941.5
4021,20.460449218750004,218.73388671875,4942.5
4022,20.460449218750004,218.73486328125,4943.5
4023,20.460449218750004,218.73583984375,4944.0
4024,20.460449218750004,218.73681640625,4944.0
4025,20.460449218750004,218.73779296875003,4944.0
4026,20.460449218750004,218.73876953125,4944.0
4027,20.460449218750004,218.73974609375,4943.0
4028,20.460449218750004,218.74072265625003,4942.0
4029,20.460449218750004,218.74169921875,4941.5
4030,20.460449218750004,218.74267578125,4943.0
4031,20.460449218750004,218.74365234375,4944.5
4032,20.460449218750004,218.74462890625,4946.0
4033,20.45947265625,218.62255859375,4815.0
4034,20.45947265625,218.62353515625,4814.0
4035,20.45947265625,218.62451171875,4813.0
4036,20.45947265625,218.62548828125,4812.0
4037,20.459472656250007,218.62646484375003,4811.0
4038,20.45947265625,218.62744140625,4810.0
4039,20.45947265625,218.62841796875,4809.0
4040,20.45947265625,218.62939453125,4808.0
4041,20.45947265625,218.63037109374997,4806.5
4042,20.45947265625,218.63134765625,4805.5
4043,20.45947265625,218.63232421875,4804.5
4044,20.459472656250007,218.63330078125,4803.0
4045,20.45947265625,218.63427734375,4802.0
4046,20.45947265625,218.63525390625,4800.5
4047,20.45947265625,218.63623046875003,4799.5
4048,20.459472656250007,218.63720703125,4798.0
4049,20.45947265625,218.63818359375,4796.5
4050,20.45947265625,218.63916015625,4795.5
4051,20.45947265625,218.64013671875003,4794.0
4052,20.45947265625,218.64111328125,4792.5
4053,20.45947265625,218.64208984375,4790.5
4054,20.45947265625,218.64306640625,4789.0
4055,20.45947265625,218.64404296875,4787.0
4056,20.45947265625,218.64501953125,4785.0
4057,20.459472656250007,218.64599609375,4783.5
4058,20.45947265625,218.64697265625,4783.0
4059,20.45947265625,218.64794921875,4784.0
4060,20.45947265625,218.64892578125003,4785.5
4061,20.45947265625,218.64990234375,4786.5
4062,20.45947265625,218.65087890625,4788.0
4063,20.45947265625,218.65185546875003,4789.0
4064,20.459472656250007,218.65283203125,4789.5
4065,20.45947265625,218.65380859375,4790.5
4066,20.45947265625,218.65478515625,4791.5
4067,20.45947265625,218.65576171875,4792.0
4068,20.45947265625,218.65673828125,4793.0
4069,20.45947265625,218.65771484375003,4794.0
4070,20.45947265625,218.65869140625,4794.5
4071,20.45947265625,218.65966796875,4795.5
4072,20.45947265625,218.66064453125,4797.0
4073,20.45947265625,218.66162109374997,4798.0
4074,20.45947265625,218.66259765625,4799.5
4075,20.45947265625,218.66357421875,4801.0
4076,20.45947265625,218.66455078125,4803.0
4077,20.45947265625,218.66552734375,4805.0
4078,20.45947265625,218.66650390625,4807.5
4079,20.45947265625,218.66748046875003,4810.5
4080,20.45947265625,218.66845703125,4813.5
4081,20.45947265625,218.66943359375,4817.0
4082,20.45947265625,218.67041015625,4820.5
4083,20.45947265625,218.67138671875003,4822.5
4084,20.45947265625,218.67236328125,4823.5
4085,20.45947265625,218.67333984375,4823.0
4086,20.459472656250007,218.67431640625003,4822.0
4087,20.45947265625,218.67529296875,4822.0
4088,20.45947265625,218.67626953125,4822.0
4089,20.45947265625,218.67724609375,4822.0
4090,20.45947265625,218.67822265625,4823.0
4091,20.45947265625,218.67919921875,4823.5
4092,20.45947265625,218.68017578125003,4824.5
4093,20.45947265625,218.68115234375,4826.0
4094,20.459472656250007,218.68212890625,4827.0
4095,20.45947265625,218.68310546875003,4829.0
4096,20.45947265625,218.68408203125003,4830.5
4097,20.459472656250007,218.68505859375,4832.0
4098,20.45947265625,218.68603515625,4834.0
4099,20.45947265625,218.68701171875,4836.0
4100,20.45947265625,218.68798828125,4838.0
4101,20.45947265625,218.68896484375,4840.0
4102,20.45947265625,218.68994140625,4842.0
4103,20.45947265625,218.69091796875,4844.5
4104,20.45947265625,218.69189453125,4846.5
4105,20.45947265625,218.69287109374997,4849.0
4106,20.45947265625,218.69384765625003,4851.0
4107,20.45947265625,218.69482421875,4853.5
4108,20.45947265625,218.69580078125,4855.5
4109,20.45947265625,218.69677734375,4858.0
4110,20.45947265625,218.69775390625,4860.5
4111,20.45947265625,218.69873046875,4863.0
4112,20.45947265625,218.69970703125,4865.5
4113,20.45947265625,218.70068359375,4868.0
4114,20.45947265625,218.70166015625,4870.5
4115,20.45947265625,218.70263671875003,4873.0
4116,20.45947265625,218.70361328125,4875.0
4117,20.45947265625,218.70458984375,4876.0
4118,20.45947265625,218.70556640625003,4873.5
4119,20.45947265625,218.70654296874997,4872.0
4120,20.45947265625,218.70751953125,4872.0
4121,20.45947265625,218.70849609375,4873.0
4122,20.45947265625,218.70947265625,4874.5
4123,20.45947265625,218.71044921875,4877.0
4124,20.45947265625,218.71142578125,4880.0
4125,20.45947265625,218.71240234375,4883.0
4126,20.45947265625,218.71337890625,4886.0
4127,20.45947265625,218.71435546875,4888.5
4128,20.45947265625,218.71533203125003,4891.5
4129,20.45947265625,218.71630859375003,4894.0
4130,20.45947265625,218.71728515625,4896.0
4131,20.45947265625,218.71826171875,4898.5
4132,20.459472656250007,218.71923828125,4900.5
4133,20.45947265625,218.72021484375,4902.0
4134,20.459472656250007,218.72119140625,4903.5
4135,20.45947265625,218.72216796875,4905.0
4136,20.45947265625,218.72314453125,4906.5
4137,20.45947265625,218.72412109375,4912.0
4138,20.45947265625,218.72509765625003,4917.5
4139,20.45947265625,218.72607421875,4922.5
4140,20.45947265625,218.72705078125,4927.5
4141,20.45947265625,218.72802734375003,4931.5
4142,20.45947265625,218.72900390624997,4934.5
4143,20.459472656250007,218.72998046875,4936.5
4144,20.45947265625,218.73095703125,4938.0
4145,20.45947265625,218.73193359375,4939.5
4146,20.45947265625,218.73291015625,4941.0
4147,20.45947265625,218.73388671875003,4942.0
4148,20.45947265625,218.73486328125,4943.0
4149,20.45947265625,218.73583984375,4943.5
4150,20.45947265625,218.73681640625,4944.0
4151,20.45947265625,218.73779296875003,4944.0
4152,20.45947265625,218.73876953125,4944.0
4153,20.459472656250007,218.73974609375,4944.0
4154,20.45947265625,218.74072265625,4943.5
4155,20.45947265625,218.74169921875,4943.0
4156,20.45947265625,218.74267578125,4944.0
4157,20.459472656250007,218.74365234375,4945.0
4158,20.45947265625,218.74462890625,4946.0
4159,20.458496093749996,218.62255859375,4815.5
4160,20.458496093749996,218.62353515625,4814.5
4161,20.458496093749996,218.62451171875,4813.5
4162,20.458496093749996,218.62548828125,4812.5
4163,20.458496093749996,218.62646484375003,4811.5
4164,20.458496093749996,218.62744140625,4810.5
4165,20.458496093750004,218.62841796875,4809.5
4166,20.458496093749996,218.62939453125003,4808.5
4167,20.458496093749996,218.63037109374997,4807.5
4168,20.458496093749996,218.63134765625,4806.5
4169,20.458496093749996,218.63232421875,4805.0
4170,20.458496093749996,218.63330078125,4804.0
4171,20.458496093749996,218.63427734375,4803.0
4172,20.458496093749996,218.63525390625,4801.5
4173,20.458496093749996,218.63623046875003,4800.5
4174,20.458496093749996,218.63720703125,4799.0
4175,20.458496093749996,218.63818359375,4798.0
4176,20.458496093749996,218.63916015625,4796.5
4177,20.458496093749996,218.64013671875003,4795.0
4178,20.458496093749996,218.64111328125,4793.5
4179,20.458496093749996,218.64208984375,4791.5
4180,20.458496093749996,218.64306640625,4790.0
4181,20.458496093749996,218.64404296875,4788.0
4182,20.458496093749996,218.64501953125,4786.5
4183,20.458496093750004,218.64599609375,4784.0
4184,20.458496093749996,218.64697265625,4783.5
4185,20.458496093749996,218.64794921875,4784.5
4186,20.458496093749996,218.64892578125003,4786.0
4187,20.458496093749996,218.64990234375,4787.0
4188,20.458496093749996,218.65087890625,4788.0
4189,20.458496093749996,218.65185546875003,4789.0
4190,20.458496093749996,218.65283203125,4789.5
4191,20.458496093749996,218.65380859375,4790.0
4192,20.458496093749996,218.65478515625,4790.5
4193,20.458496093749996,218.65576171875,4791.0
4194,20.458496093749996,218.65673828125,4792.0
4195,20.458496093749996,218.65771484375,4792.5
4196,20.458496093749996,218.65869140625,4793.0
4197,20.458496093749996,218.65966796875,4794.0
4198,20.458496093749996,218.66064453125,4795.0
4199,20.458496093749996,218.66162109374997,4796.0
4200,20.458496093749996,218.66259765625,4797.5
4201,20.458496093749996,218.66357421875,4798.5
4202,20.458496093749996,218.66455078125,4800.5
4203,20.458496093749996,218.66552734375,4802.5
4204,20.458496093749996,218.66650390625,4804.5
4205,20.458496093749996,218.66748046875003,4807.5
4206,20.458496093749996,218.66845703125,4810.5
4207,20.458496093749996,218.66943359375,4814.0
4208,20.458496093749996,218.67041015625,4818.5
4209,20.458496093749996,218.67138671875003,4823.0
4210,20.458496093749996,218.67236328125,4821.5
4211,20.458496093749996,218.67333984375,4820.0
4212,20.458496093749996,218.67431640625003,4819.0
4213,20.458496093749996,218.67529296875,4818.5
4214,20.458496093749996,218.67626953125,4818.5
4215,20.458496093749996,218.67724609375,4819.0
4216,20.458496093749996,218.67822265625,4819.5
4217,20.458496093749996,218.67919921875,4820.5
4218,20.458496093750004,218.68017578125003,4821.5
4219,20.458496093749996,218.68115234375,4823.0
4220,20.458496093749996,218.68212890625,4824.5
4221,20.458496093749996,218.68310546875003,4826.0
4222,20.458496093749996,218.68408203125003,4828.0
4223,20.458496093749996,218.68505859375,4829.5
4224,20.458496093749996,218.68603515625,4832.0
4225,20.458496093749996,218.68701171875,4834.0
4226,20.458496093749996,218.68798828125,4836.0
4227,20.458496093749996,218.68896484375,4838.0
4228,20.458496093749996,218.68994140625,4840.5
4229,20.458496093749996,218.69091796875,4843.0
4230,20.458496093749996,218.69189453125,4845.0
4231,20.458496093749996,218.69287109374997,4847.5
4232,20.458496093749996,218.69384765625003,4850.0
4233,20.458496093749996,218.69482421875,4852.5
4234,20.458496093749996,218.69580078125,4855.0
4235,20.458496093749996,218.69677734375,4857.5
4236,20.458496093749996,218.69775390625,4860.0
4237,20.458496093749996,218.69873046875,4863.0
4238,20.458496093749996,218.69970703125,4865.5
4239,20.458496093749996,218.70068359375,4868.5
4240,20.458496093749996,218.70166015625,4871.0
4241,20.458496093750004,218.70263671875003,4873.5
4242,20.458496093749996,218.70361328125,4875.5
4243,20.458496093750004,218.70458984375,4876.0
4244,20.458496093749996,218.70556640625003,4873.5
4245,20.458496093749996,218.70654296875003,4872.0
4246,20.458496093749996,218.70751953125,4873.0
4247,20.458496093749996,218.70849609375,4874.5
4248,20.458496093749996,218.70947265625,4876.5
4249,20.458496093749996,218.71044921875,4878.5
4250,20.458496093749996,218.71142578125,4881.0
4251,20.458496093749996,218.71240234375,4883.5
4252,20.458496093749996,218.71337890625,4886.0
4253,20.458496093749996,218.71435546875,4888.5
4254,20.458496093749996,218.71533203124997,4891.0
4255,20.458496093749996,218.71630859375003,4893.0
4256,20.458496093749996,218.71728515625,4895.0
4257,20.458496093749996,218.71826171875,4897.5
4258,20.458496093749996,218.71923828125,4899.0
4259,20.458496093749996,218.72021484375,4901.0
4260,20.458496093749996,218.72119140625,4902.5
4261,20.458496093749996,218.72216796875,4905.0
4262,20.458496093749996,218.72314453125,4908.5
4263,20.458496093749996,218.72412109375,4912.0
4264,20.458496093749996,218.72509765625003,4917.0
4265,20.458496093749996,218.72607421875,4922.5
4266,20.458496093749996,218.72705078125,4928.0
4267,20.458496093749996,218.72802734375003,4932.5
4268,20.458496093749996,218.72900390624997,4935.0
4269,20.458496093749996,218.72998046875,4936.5
4270,20.458496093749996,218.73095703125,4938.0
4271,20.458496093749996,218.73193359375,4939.5
4272,20.458496093749996,218.73291015625,4940.5
4273,20.458496093750004,218.73388671875003,4941.5
4274,20.458496093749996,218.73486328125,4942.5
4275,20.458496093749996,218.73583984375,4943.5
4276,20.458496093749996,218.73681640625,4944.0
4277,20.458496093749996,218.73779296875003,4944.5
4278,20.458496093750004,218.73876953125,4945.0
4279,20.458496093749996,218.73974609375,4945.0
4280,20.458496093749996,218.74072265625,4945.0
4281,20.458496093749996,218.74169921875,4945.0
4282,20.458496093749996,218.74267578125,4945.5
4283,20.458496093750004,218.74365234375,4946.5
4284,20.458496093749996,218.74462890625,4947.0
4285,20.45751953125,218.62255859375,4816.0
4286,20.45751953125,218.62353515625,4815.5
4287,20.457519531250004,218.62451171875,4814.5
4288,20.45751953125,218.62548828125,4813.5
4289,20.457519531250004,218.62646484375003,4812.5
4290,20.45751953125,218.62744140625,4811.5
4291,20.457519531250004,218.62841796875,4810.5
4292,20.45751953125,218.62939453125,4809.5
4293,20.45751953125,218.63037109374997,4808.5
4294,20.45751953125,218.63134765625,4807.0
4295,20.45751953125,218.63232421875,4806.0
4296,20.457519531250004,218.63330078125,4805.0
4297,20.45751953125,218.63427734375,4804.0
4298,20.45751953125,218.63525390625,4802.5
4299,20.45751953125,218.63623046875003,4801.5
4300,20.457519531250004,218.63720703125,4800.0
4301,20.45751953125,218.63818359375,4799.0
4302,20.45751953125,218.63916015625003,4797.5
4303,20.457519531250004,218.64013671875003,4796.0
4304,20.45751953125,218.64111328125,4794.5
4305,20.45751953125,218.64208984375,4793.0
4306,20.45751953125,218.64306640625,4791.0
4307,20.457519531250004,218.64404296875,4788.5
4308,20.45751953125,218.64501953125,4785.0
4309,20.457519531250004,218.64599609375,4781.0
4310,20.45751953125,218.64697265625,4784.0
4311,20.45751953125,218.64794921875,4785.5
4312,20.457519531250004,218.64892578125003,4787.0
4313,20.457519531250004,218.64990234375,4787.5
4314,20.457519531250004,218.65087890625,4788.5
4315,20.45751953125,218.65185546875003,4789.0
4316,20.457519531250004,218.65283203125,4789.5
4317,20.45751953125,218.65380859375,4789.5
4318,20.45751953125,218.65478515625,4790.0
4319,20.45751953125,218.65576171875,4790.5
4320,20.45751953125,218.65673828125,4790.5
4321,20.45751953125,218.65771484375,4791.0
4322,20.45751953125,218.65869140625,4791.5
4323,20.45751953125,218.65966796875,4792.0
4324,20.45751953125,218.66064453125,4793.0
4325,20.45751953125,218.66162109374997,4793.5
4326,20.45751953125,218.66259765625,4794.5
4327,20.45751953125,218.66357421875,4796.0
4328,20.45751953125,218.66455078125,4797.5
4329,20.45751953125,218.66552734375,4799.0
4330,20.45751953125,218.66650390625,4801.0
4331,20.45751953125,218.66748046875,4803.5
4332,20.45751953125,218.66845703125,4806.5
4333,20.457519531250004,218.66943359375,4809.5
4334,20.457519531250004,218.67041015625,4812.5
4335,20.45751953125,218.67138671875003,4813.0
4336,20.45751953125,218.67236328125,4815.0
4337,20.457519531250004,218.67333984375,4815.0
4338,20.45751953125,218.67431640625,4815.0
4339,20.457519531250004,218.67529296875,4814.5
4340,20.45751953125,218.67626953125,4814.5
4341,20.45751953125,218.67724609375,4815.0
4342,20.45751953125,218.67822265625,4815.5
4343,20.457519531250004,218.67919921875,4816.5
4344,20.457519531250004,218.68017578125003,4818.0
4345,20.457519531250004,218.68115234375,4819.5
4346,20.457519531250004,218.68212890625,4821.0
4347,20.45751953125,218.68310546875003,4823.0
4348,20.45751953125,218.68408203124997,4825.0
4349,20.457519531250004,218.68505859375,4827.0
4350,20.45751953125,218.68603515625,4829.5
4351,20.45751953125,218.68701171875,4831.5
4352,20.457519531250004,218.68798828125,4834.0
4353,20.457519531250004,218.68896484375,4836.5
4354,20.45751953125,218.68994140625,4838.5
4355,20.45751953125,218.69091796875,4841.0
4356,20.45751953125,218.69189453125,4843.5
4357,20.45751953125,218.69287109374997,4846.5
4358,20.45751953125,218.69384765625003,4849.0
4359,20.45751953125,218.69482421875,4851.5
4360,20.45751953125,218.69580078125,4854.5
4361,20.45751953125,218.69677734375,4857.0
4362,20.45751953125,218.69775390625,4860.0
4363,20.45751953125,218.69873046875,4863.0
4364,20.45751953125,218.69970703125,4865.5
4365,20.45751953125,218.70068359375,4868.5
4366,20.45751953125,218.70166015625,4871.5
4367,20.45751953125,218.70263671875003,4874.5
4368,20.45751953125,218.70361328125,4876.0
4369,20.457519531250004,218.70458984375,4876.0
4370,20.45751953125,218.70556640625003,4870.5
4371,20.45751953125,218.70654296874997,4873.0
4372,20.45751953125,218.70751953125,4875.0
4373,20.457519531250004,218.70849609375,4876.5
4374,20.45751953125,218.70947265625,4877.5
4375,20.45751953125,218.71044921875,4879.5
4376,20.45751953125,218.71142578125,4881.5
4377,20.45751953125,218.71240234375,4884.0
4378,20.45751953125,218.71337890625,4886.0
4379,20.45751953125,218.71435546875,4888.5
4380,20.45751953125,218.71533203125003,4890.5
4381,20.45751953125,218.71630859375003,4892.5
4382,20.45751953125,218.71728515625,4894.5
4383,20.45751953125,218.71826171875003,4896.5
4384,20.45751953125,218.71923828125,4898.0
4385,20.45751953125,218.72021484375,4900.0
4386,20.45751953125,218.72119140625,4901.5
4387,20.45751953125,218.72216796875,4903.0
4388,20.45751953125,218.72314453125,4905.5
4389,20.45751953125,218.72412109375,4910.5
4390,20.45751953125,218.72509765625003,4916.5
4391,20.45751953125,218.72607421875,4922.0
4392,20.45751953125,218.72705078125,4927.5
4393,20.45751953125,218.72802734375003,4932.0
4394,20.45751953125,218.72900390624997,4935.0
4395,20.457519531250004,218.72998046875,4936.5
4396,20.45751953125,218.73095703125,4938.0
4397,20.45751953125,218.73193359375,4939.0
4398,20.45751953125,218.73291015625,4940.5
4399,20.45751953125,218.73388671875003,4941.5
4400,20.45751953125,218.73486328125,4942.5
4401,20.45751953125,218.73583984375,4943.5
4402,20.45751953125,218.73681640625,4944.5
4403,20.457519531250004,218.73779296874997,4945.0
4404,20.45751953125,218.73876953125,4945.5
4405,20.45751953125,218.73974609375,4946.0
4406,20.457519531250004,218.74072265625003,4946.5
4407,20.457519531250004,218.74169921875,4947.5
4408,20.45751953125,218.74267578125,4947.5
4409,20.457519531250004,218.74365234375,4948.0
4410,20.45751953125,218.74462890625,4948.5
4411,20.45654296875,218.62255859375,4817.0
4412,20.45654296875,218.62353515625,4816.0
4413,20.45654296875,218.62451171875,4815.0
4414,20.456542968750007,218.62548828125,4814.0
4415,20.456542968750007,218.62646484375003,4813.0
4416,20.45654296875,218.62744140625,4812.0
4417,20.45654296875,218.62841796875,4811.0
4418,20.45654296875,218.62939453125,4810.0
4419,20.45654296875,218.63037109374997,4809.0
4420,20.45654296875,218.63134765625,4808.0
4421,20.45654296875,218.63232421875,4807.0
4422,20.456542968750007,218.63330078125,4806.0
4423,20.45654296875,218.63427734375,4805.0
4424,20.45654296875,218.63525390625,4803.5
4425,20.456542968750007,218.63623046875003,4802.5
4426,20.45654296875,218.63720703125,4801.5
4427,20.45654296875,218.63818359375,4800.0
4428,20.45654296875,218.63916015625,4799.0
4429,20.45654296875,218.64013671875003,4797.5
4430,20.45654296875,218.64111328125,4796.0
4431,20.45654296875,218.64208984375,4794.5
4432,20.45654296875,218.64306640625,4792.5
4433,20.45654296875,218.64404296875,4791.0
4434,20.45654296875,218.64501953125,4789.0
4435,20.456542968750007,218.64599609375,4787.5
4436,20.45654296875,218.64697265625,4787.0
4437,20.45654296875,218.64794921875,4787.5
4438,20.45654296875,218.64892578125003,4788.5
4439,20.45654296875,218.64990234375,4788.5
4440,20.45654296875,218.65087890625,4789.0
4441,20.45654296875,218.65185546875003,4789.0
4442,20.456542968750007,218.65283203125,4789.5
4443,20.45654296875,218.65380859375,4789.5
4444,20.45654296875,218.65478515625,4789.5
4445,20.45654296875,218.65576171875,4789.5
4446,20.45654296875,218.65673828125,4789.5
4447,20.45654296875,218.65771484375,4790.0
4448,20.45654296875,218.65869140625,4790.0
4449,20.45654296875,218.65966796875,4790.5
4450,20.45654296875,218.66064453125,4790.5
4451,20.45654296875,218.66162109374997,4791.5
4452,20.45654296875,218.66259765625,4792.0
4453,20.456542968750007,218.66357421875,4793.0
4454,20.45654296875,218.66455078125,4794.0
4455,20.45654296875,218.66552734375,4795.5
4456,20.45654296875,218.66650390625,4797.5
4457,20.45654296875,218.66748046875,4799.5
4458,20.45654296875,218.66845703125,4802.5
4459,20.45654296875,218.66943359375,4805.5
4460,20.45654296875,218.67041015625,4809.5
4461,20.45654296875,218.67138671875003,4813.0
4462,20.45654296875,218.67236328125,4812.0
4463,20.45654296875,218.67333984375,4811.0
4464,20.456542968750007,218.67431640625003,4810.5
4465,20.45654296875,218.67529296875,4810.0
4466,20.45654296875,218.67626953125,4810.0
4467,20.45654296875,218.67724609375,4810.5
4468,20.45654296875,218.67822265625,4811.5
4469,20.45654296875,218.67919921875,4813.0
4470,20.45654296875,218.68017578125,4814.5
4471,20.456542968750007,218.68115234375,4816.0
4472,20.45654296875,218.68212890625,4818.0
4473,20.45654296875,218.68310546875,4820.0
4474,20.45654296875,218.68408203124997,4822.0
4475,20.45654296875,218.68505859375,4824.5
4476,20.45654296875,218.68603515625,4827.0
4477,20.45654296875,218.68701171875,4829.5
4478,20.45654296875,218.68798828125,4832.0
4479,20.45654296875,218.68896484375,4834.5
4480,20.45654296875,218.68994140625,4837.0
4481,20.45654296875,218.69091796875,4839.5
4482,20.45654296875,218.69189453125,4842.0
4483,20.45654296875,218.69287109374997,4845.0
4484,20.45654296875,218.69384765625003,4848.0
4485,20.45654296875,218.69482421875,4850.5
4486,20.45654296875,218.69580078125,4853.5
4487,20.45654296875,218.69677734375,4856.5
4488,20.45654296875,218.69775390625,4859.5
4489,20.45654296875,218.69873046875,4862.5
4490,20.45654296875,218.69970703125,4866.0
4491,20.45654296875,218.70068359375,4869.0
4492,20.45654296875,218.70166015625,4872.5
4493,20.45654296875,218.70263671875003,4875.5
4494,20.45654296875,218.70361328125,4878.0
4495,20.45654296875,218.70458984375,4879.0
4496,20.45654296875,218.70556640625,4878.0
4497,20.45654296875,218.70654296874997,4878.0
4498,20.45654296875,218.70751953125,4878.5
4499,20.456542968750007,218.70849609375,4878.5
4500,20.45654296875,218.70947265625,4879.5
4501,20.45654296875,218.71044921875,4881.0
4502,20.45654296875,218.71142578125,4882.5
4503,20.45654296875,218.71240234375,4884.5
4504,20.45654296875,218.71337890625,4886.5
4505,20.45654296875,218.71435546875,4888.5
4506,20.45654296875,218.71533203125003,4890.5
4507,20.45654296875,218.71630859375003,4892.0
4508,20.45654296875,218.71728515625,4894.0
4509,20.45654296875,218.71826171875,4896.0
4510,20.456542968750007,218.71923828125,4897.5
4511,20.45654296875,218.72021484375,4899.0
4512,20.45654296875,218.72119140625,4900.5
4513,20.45654296875,218.72216796875,4902.5
4514,20.45654296875,218.72314453125,4905.5
4515,20.45654296875,218.72412109375,4910.0
4516,20.45654296875,218.72509765625003,4916.0
4517,20.45654296875,218.72607421875,4922.0
4518,20.45654296875,218.72705078125,4927.5
4519,20.45654296875,218.72802734375003,4932.0
4520,20.45654296875,218.72900390625003,4934.5
4521,20.45654296875,218.72998046875,4936.5
4522,20.45654296875,218.73095703125,4937.5
4523,20.45654296875,218.73193359375,4939.0
4524,20.45654296875,218.73291015625,4940.0
4525,20.45654296875,218.73388671875,4941.5
4526,20.45654296875,218.73486328125,4942.5
4527,20.45654296875,218.73583984375,4943.5
4528,20.45654296875,218.73681640625,4944.5
4529,20.45654296875,218.73779296874997,4945.5
4530,20.45654296875,218.73876953125,4946.5
4531,20.45654296875,218.73974609375,4947.5
4532,20.45654296875,218.74072265625003,4948.0
4533,20.45654296875,218.74169921875,4948.0
4534,20.45654296875,218.74267578125,4949.0
4535,20.456542968750007,218.74365234375,4949.5
4536,20.45654296875,218.74462890625,4949.5
4537,20.455566406250004,218.62255859375,4817.5
4538,20.455566406250004,218.62353515625,4816.5
4539,20.45556640625,218.62451171875,4816.0
4540,20.455566406250004,218.62548828125,4815.0
4541,20.455566406250004,218.62646484375003,4814.0
4542,20.455566406250004,218.62744140625,4813.0
4543,20.455566406250004,218.62841796875,4812.0
4544,20.455566406250004,218.62939453125,4811.0
4545,20.455566406250004,218.63037109374997,4810.0
4546,20.455566406250004,218.63134765625,4809.0
4547,20.45556640625,218.63232421875,4808.0
4548,20.455566406250004,218.63330078125,4807.0
4549,20.455566406250004,218.63427734375,4806.0
4550,20.45556640625,218.63525390625,4805.0
4551,20.455566406250004,218.63623046875003,4804.0
4552,20.455566406250004,218.63720703125,4802.5
4553,20.455566406250004,218.63818359375,4801.5
4554,20.455566406250004,218.63916015625,4800.5
4555,20.455566406250004,218.64013671875003,4799.0
4556,20.455566406250004,218.64111328125,4797.5
4557,20.455566406250004,218.64208984375,4796.0
4558,20.455566406250004,218.64306640625,4794.5
4559,20.455566406250004,218.64404296875,4792.5
4560,20.455566406250004,218.64501953125,4790.5
4561,20.455566406250004,218.64599609375,4789.5
4562,20.455566406250004,218.64697265625,4790.0
4563,20.455566406250004,218.64794921875,4790.0
4564,20.455566406250004,218.64892578125003,4790.0
4565,20.455566406250004,218.64990234375,4790.0
4566,20.455566406250004,218.65087890625,4789.5
4567,20.455566406250004,218.65185546875003,4789.5
4568,20.455566406250004,218.65283203125,4789.5
4569,20.455566406250004,218.65380859375,4789.0
4570,20.455566406250004,218.65478515625,4789.0
4571,20.455566406250004,218.65576171875,4788.5
4572,20.455566406250004,218.65673828125,4788.5
4573,20.45556640625,218.65771484375003,4788.5
4574,20.45556640625,218.65869140625,4788.5
4575,20.455566406250004,218.65966796875,4788.5
4576,20.455566406250004,218.66064453125,4788.5
4577,20.45556640625,218.66162109374997,4788.5
4578,20.455566406250004,218.66259765625,4789.0
4579,20.455566406250004,218.66357421875,4789.5
4580,20.455566406250004,218.66455078125,4790.5
4581,20.455566406250004,218.66552734375,4791.5
4582,20.455566406250004,218.66650390625,4793.0
4583,20.455566406250004,218.66748046875003,4795.0
4584,20.455566406250004,218.66845703125,4797.0
4585,20.455566406250004,218.66943359375,4800.0
4586,20.455566406250004,218.67041015625,4803.0
4587,20.455566406250004,218.67138671875003,4805.0
4588,20.45556640625,218.67236328125,4806.0
4589,20.455566406250004,218.67333984375,4805.5
4590,20.455566406250004,218.67431640625003,4805.0
4591,20.455566406250004,218.67529296875,4805.0
4592,20.45556640625,218.67626953125,4805.0
4593,20.455566406250004,218.67724609375,4806.0
4594,20.45556640625,218.67822265625,4807.0
4595,20.455566406250004,218.67919921875,4808.5
4596,20.455566406250004,218.68017578125,4810.5
4597,20.455566406250004,218.68115234375,4812.5
4598,20.455566406250004,218.68212890625,4814.5
4599,20.455566406250004,218.68310546875003,4817.0
4600,20.455566406250004,218.68408203124997,4819.0
4601,20.455566406250004,218.68505859375,4821.5
4602,20.455566406250004,218.68603515625,4824.0
4603,20.455566406250004,218.68701171875,4827.0
4604,20.45556640625,218.68798828125,4829.5
4605,20.455566406250004,218.68896484375,4832.5
4606,20.455566406250004,218.68994140625,4835.0
4607,20.455566406250004,218.69091796875,4838.0
4608,20.455566406250004,218.69189453125,4840.5
4609,20.455566406250004,218.69287109374997,4843.5
4610,20.455566406250004,218.69384765625003,4846.5
4611,20.45556640625,218.69482421875,4849.5
4612,20.455566406250004,218.69580078125,4852.5
4613,20.45556640625,218.69677734375,4856.0
4614,20.45556640625,218.69775390625,4859.0
4615,20.455566406250004,218.69873046875,4862.5
4616,20.455566406250004,218.69970703125,4866.0
4617,20.45556640625,218.70068359375,4869.5
4618,20.455566406250004,218.70166015625,4873.0
4619,20.455566406250004,218.70263671875003,4876.5
4620,20.455566406250004,218.70361328125,4880.0
4621,20.455566406250004,218.70458984375,4882.5
4622,20.455566406250004,218.70556640625003,4882.5
4623,20.45556640625,218.70654296874997,4882.0
4624,20.455566406250004,218.70751953125,4881.5
4625,20.455566406250004,218.70849609375,4881.0
4626,20.455566406250004,218.70947265625,4881.5
4627,20.455566406250004,218.71044921875,4882.5
4628,20.455566406250004,218.71142578125,4883.5
4629,20.455566406250004,218.71240234375,4885.0
4630,20.455566406250004,218.71337890625,4887.0
4631,20.455566406250004,218.71435546875,4888.5
4632,20.45556640625,218.71533203125003,4890.5
4633,20.455566406250004,218.71630859375003,4892.0
4634,20.455566406250004,218.71728515625,4893.5
4635,20.455566406250004,218.71826171875,4895.5
4636,20.455566406250004,218.71923828125,4897.0
4637,20.455566406250004,218.72021484375,4898.5
4638,20.455566406250004,218.72119140625,4900.0
4639,20.45556640625,218.72216796875,4901.5
4640,20.45556640625,218.72314453125,4903.5
4641,20.455566406250004,218.72412109375,4909.0
4642,20.45556640625,218.72509765625003,4915.5
4643,20.455566406250004,218.72607421875,4921.5
4644,20.455566406250004,218.72705078125,4927.5
4645,20.455566406250004,218.72802734375,4931.5
4646,20.45556640625,218.72900390624997,4934.5
4647,20.455566406250004,218.72998046875,4936.5
4648,20.455566406250004,218.73095703125,4937.5
4649,20.455566406250004,218.73193359375,4938.5
4650,20.45556640625,218.73291015625,4940.0
4651,20.455566406250004,218.73388671875,4941.0
4652,20.455566406250004,218.73486328125,4942.5
4653,20.45556640625,218.73583984375,4943.5
4654,20.455566406250004,218.73681640625,4945.0
4655,20.455566406250004,218.73779296875003,4946.5
4656,20.455566406250004,218.73876953125,4947.5
4657,20.455566406250004,218.73974609375,4949.0
4658,20.455566406250004,218.74072265625,4950.5
4659,20.45556640625,218.74169921875,4951.5
4660,20.455566406250004,218.74267578125,4951.5
4661,20.455566406250004,218.74365234375,4951.5
4662,20.45556640625,218.74462890625,4951.5
4663,20.45458984375,218.62255859375,4818.5
4664,20.45458984375,218.62353515625,4817.5
4665,20.45458984375,218.62451171875,4816.5
4666,20.45458984375,218.62548828125,4815.5
4667,20.45458984375,218.62646484375003,4814.5
4668,20.45458984375,218.62744140625,4813.5
4669,20.454589843750004,218.62841796875,4813.0
4670,20.45458984375,218.62939453125,4812.0
4671,20.45458984375,218.63037109374997,4811.0
4672,20.45458984375,218.63134765625,4810.0
4673,20.45458984375,218.63232421875,4809.0
4674,20.45458984375,218.63330078125,4808.0
4675,20.45458984375,218.63427734375,4807.0
4676,20.45458984375,218.63525390625,4806.0
4677,20.45458984375,218.63623046875003,4805.0
4678,20.45458984375,218.63720703125,4804.0
4679,20.45458984375,218.63818359375,4803.0
4680,20.45458984375,218.63916015625,4802.0
4681,20.45458984375,218.64013671875003,4800.5
4682,20.454589843750004,218.64111328125,4799.5
4683,20.45458984375,218.64208984375,4798.5
4684,20.45458984375,218.64306640625,4797.0
4685,20.45458984375,218.64404296875,4796.0
4686,20.45458984375,218.64501953125,4795.5
4687,20.45458984375,218.64599609375,4795.0
4688,20.45458984375,218.64697265625,4793.5
4689,20.45458984375,218.64794921875,4792.5
4690,20.45458984375,218.64892578125003,4792.0
4691,20.45458984375,218.64990234375,4791.0
4692,20.45458984375,218.65087890625,4790.5
4693,20.45458984375,218.65185546875003,4790.0
4694,20.454589843750004,218.65283203125,4789.5
4695,20.45458984375,218.65380859375,4789.0
4696,20.45458984375,218.65478515625,4788.0
4697,20.45458984375,218.65576171875,4787.5
4698,20.45458984375,218.65673828125,4787.5
4699,20.45458984375,218.65771484375003,4787.0
4700,20.45458984375,218.65869140625,4786.5
4701,20.45458984375,218.65966796875,4786.0
4702,20.45458984375,218.66064453125,4786.0
4703,20.45458984375,218.66162109374997,4786.0
4704,20.45458984375,218.66259765625,4786.0
4705,20.45458984375,218.66357421875,4786.0
4706,20.45458984375,218.66455078125,4786.5
4707,20.454589843750004,218.66552734375,4787.0
4708,20.45458984375,218.66650390625,4788.0
4709,20.45458984375,218.66748046875,4789.5
4710,20.45458984375,218.66845703125,4791.5
4711,20.45458984375,218.66943359375,4794.0
4712,20.45458984375,218.67041015625,4797.5
4713,20.45458984375,218.67138671875003,4802.0
4714,20.45458984375,218.67236328125,4800.5
4715,20.45458984375,218.67333984375,4799.5
4716,20.45458984375,218.67431640625003,4799.0
4717,20.45458984375,218.67529296875,4799.0
4718,20.45458984375,218.67626953125,4799.5
4719,20.454589843750004,218.67724609375,4801.0
4720,20.45458984375,218.67822265625,4802.5
4721,20.454589843750004,218.67919921875,4804.0
4722,20.454589843750004,218.68017578125,4806.0
4723,20.45458984375,218.68115234375,4808.5
4724,20.45458984375,218.68212890625,4811.0
4725,20.45458984375,218.68310546875003,4813.5
4726,20.45458984375,218.68408203125003,4816.0
4727,20.45458984375,218.68505859375,4819.0
4728,20.45458984375,218.68603515625,4821.5
4729,20.45458984375,218.68701171875,4824.5
4730,20.45458984375,218.68798828125,4827.5
4731,20.45458984375,218.68896484375,4830.0
4732,20.45458984375,218.68994140625,4833.0
4733,20.45458984375,218.69091796875,4836.0
4734,20.45458984375,218.69189453125,4839.0
4735,20.45458984375,218.69287109374997,4842.5
4736,20.454589843750004,218.69384765625003,4845.5
4737,20.45458984375,218.69482421875,4848.5
4738,20.45458984375,218.69580078125,4852.0
4739,20.45458984375,218.69677734375,4855.5
4740,20.45458984375,218.69775390625,4859.0
4741,20.45458984375,218.69873046875,4862.5
4742,20.45458984375,218.69970703125,4866.0
4743,20.45458984375,218.70068359375,4870.0
4744,20.45458984375,218.70166015625,4874.0
4745,20.454589843750004,218.70263671875003,4878.0
4746,20.45458984375,218.70361328125,4881.5
4747,20.45458984375,218.70458984375,4884.0
4748,20.45458984375,218.70556640625003,4884.5
4749,20.45458984375,218.70654296874997,4883.0
4750,20.45458984375,218.70751953125,4883.0
4751,20.45458984375,218.70849609375,4882.0
4752,20.45458984375,218.70947265625,4882.0
4753,20.45458984375,218.71044921875,4883.0
4754,20.45458984375,218.71142578125,4884.5
4755,20.45458984375,218.71240234375,4886.0
4756,20.45458984375,218.71337890625,4887.5
4757,20.45458984375,218.71435546875,4889.0
4758,20.45458984375,218.71533203125003,4890.5
4759,20.45458984375,218.71630859375003,4892.0
4760,20.45458984375,218.71728515625,4893.5
4761,20.45458984375,218.71826171875,4895.0
4762,20.454589843750004,218.71923828125,4896.5
4763,20.45458984375,218.72021484375,4898.0
4764,20.45458984375,218.72119140625,4899.5
4765,20.45458984375,218.72216796875,4902.0
4766,20.45458984375,218.72314453125,4905.0
4767,20.45458984375,218.72412109375,4909.5
4768,20.45458984375,218.72509765625003,4915.5
4769,20.454589843750004,218.72607421875,4922.0
4770,20.45458984375,218.72705078125,4928.5
4771,20.45458984375,218.72802734375003,4935.0
4772,20.45458984375,218.72900390625003,4936.0
4773,20.45458984375,218.72998046875,4936.5
4774,20.45458984375,218.73095703125,4937.0
4775,20.45458984375,218.73193359375,4938.0
4776,20.45458984375,218.73291015625,4939.5
4777,20.454589843750004,218.73388671875,4940.5
4778,20.45458984375,218.73486328125,4942.0
4779,20.45458984375,218.73583984375,4943.5
4780,20.45458984375,218.73681640625,4945.5
4781,20.45458984375,218.73779296874997,4947.0
4782,20.45458984375,218.73876953125,4949.0
4783,20.45458984375,218.73974609375,4950.5
4784,20.454589843750004,218.74072265625003,4952.5
4785,20.45458984375,218.74169921875,4954.5
4786,20.45458984375,218.74267578125,4954.0
4787,20.454589843750004,218.74365234375,4953.5
4788,20.45458984375,218.74462890625,4953.0
4789,20.453613281250007,218.62255859375,4819.0
4790,20.45361328125,218.62353515625,4818.0
4791,20.45361328125,218.62451171875,4817.5
4792,20.453613281250007,218.62548828125,4816.5
4793,20.453613281250007,218.62646484375003,4815.5
4794,20.453613281250007,218.62744140625,4814.5
4795,20.45361328125,218.62841796875,4813.5
4796,20.45361328125,218.62939453125,4812.5
4797,20.453613281250007,218.63037109374997,4812.0
4798,20.453613281250007,218.63134765625,4811.0
4799,20.453613281250007,218.63232421875,4810.0
4800,20.453613281250007,218.63330078125,4809.0
4801,20.45361328125,218.63427734375,4808.0
4802,20.45361328125,218.63525390625,4807.0
4803,20.453613281250007,218.63623046875,4806.5
4804,20.453613281250007,218.63720703125,4805.5
4805,20.45361328125,218.63818359375,4804.5
4806,20.45361328125,218.63916015625,4803.5
4807,20.453613281250007,218.64013671875003,4802.5
4808,20.453613281250007,218.64111328125,4801.5
4809,20.453613281250007,218.64208984375,4800.5
4810,20.45361328125,218.64306640625,4799.5
4811,20.453613281250007,218.64404296875,4798.0
4812,20.45361328125,218.64501953125,4797.0
4813,20.453613281250007,218.64599609375,4799.5
4814,20.453613281250007,218.64697265625,4797.0
4815,20.45361328125,218.64794921875,4795.0
4816,20.453613281250007,218.64892578125003,4794.0
4817,20.45361328125,218.64990234375,4792.5
4818,20.45361328125,218.65087890625,4791.5
4819,20.45361328125,218.65185546875003,4790.5
4820,20.453613281250007,218.65283203125,4789.5
4821,20.45361328125,218.65380859375,4788.5
4822,20.45361328125,218.65478515625,4787.5
4823,20.45361328125,218.65576171875,4787.0
4824,20.45361328125,218.65673828125,4786.0
4825,20.45361328125,218.65771484375,4785.5
4826,20.45361328125,218.65869140625,4784.5
4827,20.453613281250007,218.65966796875,4784.0
4828,20.453613281250007,218.66064453125,4783.5
4829,20.45361328125,218.66162109374997,4783.0
4830,20.453613281250007,218.66259765625,4782.5
4831,20.45361328125,218.66357421875,4782.5
4832,20.45361328125,218.66455078125,4782.5
4833,20.45361328125,218.66552734375,4782.5
4834,20.45361328125,218.66650390625,4783.0
4835,20.453613281250007,218.66748046875,4783.5
4836,20.453613281250007,218.66845703125,4784.5
4837,20.453613281250007,218.66943359375,4786.0
4838,20.45361328125,218.67041015625,4787.5
4839,20.453613281250007,218.67138671875003,4788.5
4840,20.45361328125,218.67236328125,4791.0
4841,20.45361328125,218.67333984375,4792.0
4842,20.453613281250007,218.67431640625003,4792.0
4843,20.453613281250007,218.67529296875,4792.5
4844,20.45361328125,218.67626953125,4793.5
4845,20.453613281250007,218.67724609375,4795.0
4846,20.45361328125,218.67822265625,4797.0
4847,20.453613281250007,218.67919921875,4799.0
4848,20.453613281250007,218.68017578125,4801.5
4849,20.453613281250007,218.68115234375,4804.0
4850,20.453613281250007,218.68212890625,4807.0
4851,20.45361328125,218.68310546875003,4810.0
4852,20.453613281250007,218.68408203124997,4813.0
4853,20.453613281250007,218.68505859375,4816.0
4854,20.45361328125,218.68603515625,4819.0
4855,20.453613281250007,218.68701171875,4822.0
4856,20.453613281250007,218.68798828125,4825.0
4857,20.45361328125,218.68896484375,4828.0
4858,20.45361328125,218.68994140625,4831.0
4859,20.45361328125,218.69091796875,4834.5
4860,20.45361328125,218.69189453125,4837.5
4861,20.45361328125,218.69287109374997,4841.0
4862,20.45361328125,218.69384765625003,4844.0
4863,20.45361328125,218.69482421875,4847.5
4864,20.45361328125,218.69580078125,4851.0
4865,20.453613281250007,218.69677734375,4854.5
4866,20.45361328125,218.69775390625,4858.5
4867,20.45361328125,218.69873046875,4862.0
4868,20.453613281250007,218.69970703125,4866.0
4869,20.45361328125,218.70068359375,4870.5
4870,20.45361328125,218.70166015625,4874.5
4871,20.453613281250007,218.70263671875003,4879.0
4872,20.45361328125,218.70361328125,4883.0
4873,20.453613281250007,218.70458984375,4886.5
4874,20.453613281250007,218.70556640625003,4887.0
4875,20.45361328125,218.70654296874997,4886.5
4876,20.453613281250007,218.70751953125,4884.5
4877,20.453613281250007,218.70849609375,4883.0
4878,20.45361328125,218.70947265625,4882.0
4879,20.45361328125,218.71044921875,4883.5
4880,20.453613281250007,218.71142578125,4885.0
4881,20.45361328125,218.71240234375,4886.5
4882,20.453613281250007,218.71337890625,4887.5
4883,20.453613281250007,218.71435546875,4889.0
4884,20.45361328125,218.71533203124997,4890.5
4885,20.453613281250007,218.71630859375003,4891.5
4886,20.45361328125,218.71728515625,4893.0
4887,20.45361328125,218.71826171875,4894.5
4888,20.453613281250007,218.71923828125,4896.0
4889,20.453613281250007,218.72021484375,4898.0
4890,20.453613281250007,218.72119140625,4899.5
4891,20.45361328125,218.72216796875,4901.5
4892,20.453613281250007,218.72314453125,4903.5
4893,20.453613281250007,218.72412109375,4909.0
4894,20.45361328125,218.72509765625003,4915.0
4895,20.453613281250007,218.72607421875,4921.0
4896,20.453613281250007,218.72705078125,4927.0
4897,20.453613281250007,218.72802734375003,4931.5
4898,20.453613281250007,218.72900390625003,4934.0
4899,20.453613281250007,218.72998046875,4935.0
4900,20.45361328125,218.73095703125,4936.0
4901,20.453613281250007,218.73193359375,4937.0
4902,20.45361328125,218.73291015625,4938.5
4903,20.453613281250007,218.73388671875,4940.0
4904,20.45361328125,218.73486328125,4942.0
4905,20.45361328125,218.73583984375,4943.5
4906,20.453613281250007,218.73681640625,4945.5
4907,20.45361328125,218.73779296875003,4947.5
4908,20.45361328125,218.73876953125,4949.5
4909,20.453613281250007,218.73974609375,4952.0
4910,20.453613281250007,218.74072265625003,4954.0
4911,20.45361328125,218.74169921875,4955.0
4912,20.45361328125,218.74267578125,4955.5
4913,20.453613281250007,218.74365234375,4955.0
4914,20.45361328125,218.74462890625,4954.5
4915,20.45263671875,218.62255859375,4820.0
4916,20.45263671875,218.62353515625,4819.0
4917,20.45263671875,218.62451171875,4818.0
4918,20.45263671875,218.62548828125,4817.0
4919,20.452636718750004,218.62646484375003,4816.5
4920,20.452636718750004,218.62744140625,4815.5
4921,20.452636718750004,218.62841796875,4814.5
4922,20.45263671875,218.62939453125003,4813.5
4923,20.452636718750004,218.63037109374997,4813.0
4924,20.452636718750004,218.63134765625,4812.0
4925,20.45263671875,218.63232421875,4811.0
4926,20.45263671875,218.63330078125,4810.0
4927,20.452636718750004,218.63427734375,4809.5
4928,20.452636718750004,218.63525390625,4808.5
4929,20.452636718750004,218.63623046875003,4807.5
4930,20.452636718750004,218.63720703125,4806.5
4931,20.45263671875,218.63818359375,4806.0
4932,20.45263671875,218.63916015625,4805.0
4933,20.452636718750004,218.64013671875003,4804.5
4934,20.45263671875,218.64111328125,4803.5
4935,20.45263671875,218.64208984375,4803.0
4936,20.45263671875,218.64306640625,4802.0
4937,20.45263671875,218.64404296875,4801.5
4938,20.45263671875,218.64501953125,4802.0
4939,20.452636718750004,218.64599609375,4801.0
4940,20.45263671875,218.64697265625,4799.5
4941,20.45263671875,218.64794921875,4797.5
4942,20.452636718750004,218.64892578125003,4795.5
4943,20.452636718750004,218.64990234375,4794.0
4944,20.452636718750004,218.65087890625,4792.0
4945,20.45263671875,218.65185546875003,4790.5
4946,20.452636718750004,218.65283203125,4789.5
4947,20.45263671875,218.65380859375,4788.0
4948,20.45263671875,218.65478515625,4787.0
4949,20.452636718750004,218.65576171875,4786.0
4950,20.45263671875,218.65673828125,4785.0
4951,20.45263671875,218.65771484375003,4784.0
4952,20.45263671875,218.65869140625,4783.0
4953,20.45263671875,218.65966796875,4782.0
4954,20.45263671875,218.66064453125,4781.0
4955,20.45263671875,218.66162109374997,4780.0
4956,20.452636718750004,218.66259765625,4779.5
4957,20.45263671875,218.66357421875,4778.5
4958,20.45263671875,218.66455078125,4778.0
4959,20.45263671875,218.66552734375,4777.5
4960,20.45263671875,218.66650390625,4777.5
4961,20.452636718750004,218.66748046875,4777.0
4962,20.45263671875,218.66845703125,4777.0
4963,20.45263671875,218.66943359375,4777.5
4964,20.45263671875,218.67041015625,4778.0
4965,20.45263671875,218.67138671875003,4780.0
4966,20.452636718750004,218.67236328125,4783.0
4967,20.45263671875,218.67333984375,4784.0
4968,20.452636718750004,218.67431640625003,4784.5
4969,20.452636718750004,218.67529296875,4785.5
4970,20.45263671875,218.67626953125,4787.0
4971,20.45263671875,218.67724609375,4789.0
4972,20.45263671875,218.67822265625,4791.5
4973,20.452636718750004,218.67919921875,4794.0
4974,20.45263671875,218.68017578125003,4797.0
4975,20.452636718750004,218.68115234375,4800.0
4976,20.45263671875,218.68212890625,4803.0
4977,20.452636718750004,218.68310546875003,4806.0
4978,20.45263671875,218.68408203125003,4809.5
4979,20.452636718750004,218.68505859375,4812.5
4980,20.452636718750004,218.68603515625,4816.0
4981,20.45263671875,218.68701171875,4819.5
4982,20.45263671875,218.68798828125,4822.5
4983,20.45263671875,218.68896484375,4826.0
4984,20.45263671875,218.68994140625,4829.5
4985,20.45263671875,218.69091796875,4832.5
4986,20.45263671875,218.69189453125,4836.0
4987,20.45263671875,218.69287109374997,4839.5
4988,20.452636718750004,218.69384765625003,4843.0
4989,20.45263671875,218.69482421875,4846.5
4990,20.45263671875,218.69580078125,4850.0
4991,20.45263671875,218.69677734375,4854.0
4992,20.45263671875,218.69775390625,4857.5
4993,20.45263671875,218.69873046875,4862.0
4994,20.45263671875,218.69970703125,4866.0
4995,20.45263671875,218.70068359375,4870.5
4996,20.45263671875,218.70166015625,4875.0
4997,20.45263671875,218.70263671875003,4879.5
4998,20.452636718750004,218.70361328125,4884.0
4999,20.452636718750004,218.70458984375,4887.5
5000,20.45263671875,218.70556640625003,4888.0
5001,20.45263671875,218.70654296874997,4887.0
5002,20.45263671875,218.70751953125,4886.0
5003,20.452636718750004,218.70849609375,4885.5
5004,20.45263671875,218.70947265625,4885.5
5005,20.45263671875,218.71044921875,4886.0
5006,20.45263671875,218.71142578125,4886.5
5007,20.45263671875,218.71240234375,4887.5
5008,20.45263671875,218.71337890625,4888.0
5009,20.45263671875,218.71435546875,4889.5
5010,20.45263671875,218.71533203125003,4890.5
5011,20.45263671875,218.71630859375003,4891.5
5012,20.45263671875,218.71728515625,4893.0
5013,20.45263671875,218.71826171875,4894.5
5014,20.452636718750004,218.71923828125,4896.0
5015,20.45263671875,218.72021484375,4897.5
5016,20.452636718750004,218.72119140625,4899.5
5017,20.452636718750004,218.72216796875,4902.0
5018,20.45263671875,218.72314453125,4905.0
5019,20.45263671875,218.72412109375,4909.0
5020,20.45263671875,218.72509765625003,4914.5
5021,20.45263671875,218.72607421875,4920.0
5022,20.45263671875,218.72705078125,4926.0
5023,20.45263671875,218.72802734375003,4932.0
5024,20.45263671875,218.72900390624997,4933.0
5025,20.45263671875,218.72998046875,4933.5
5026,20.45263671875,218.73095703125,4934.5
5027,20.452636718750004,218.73193359375,4936.0
5028,20.45263671875,218.73291015625,4937.5
5029,20.45263671875,218.73388671875,4939.5
5030,20.45263671875,218.73486328125,4941.0
5031,20.45263671875,218.73583984375,4943.5
5032,20.45263671875,218.73681640625,4945.5
5033,20.45263671875,218.73779296875003,4948.0
5034,20.45263671875,218.73876953125,4950.5
5035,20.452636718750004,218.73974609375,4953.0
5036,20.452636718750004,218.74072265625003,4955.0
5037,20.45263671875,218.74169921875,4956.0
5038,20.45263671875,218.74267578125,4956.5
5039,20.452636718750004,218.74365234375,4956.5
5040,20.45263671875,218.74462890625,4956.0
5041,20.451660156250004,218.62255859375,4820.5
5042,20.451660156250004,218.62353515625,4819.5
5043,20.45166015625,218.62451171875,4819.0
5044,20.451660156250004,218.62548828125,4818.0
5045,20.451660156250004,218.62646484375003,4817.0
5046,20.451660156250004,218.62744140625,4816.0
5047,20.451660156250004,218.62841796875,4815.5
5048,20.451660156250004,218.62939453125,4814.5
5049,20.451660156250004,218.63037109374997,4813.5
5050,20.451660156250004,218.63134765625,4813.0
5051,20.451660156250004,218.63232421875,4812.0
5052,20.451660156250004,218.63330078125,4811.0
5053,20.45166015625,218.63427734375,4810.5
5054,20.45166015625,218.63525390625,4809.5
5055,20.451660156250004,218.63623046875003,4809.0
5056,20.451660156250004,218.63720703125,4808.0
5057,20.451660156250004,218.63818359375,4807.5
5058,20.451660156250004,218.63916015625,4806.5
5059,20.451660156250004,218.64013671875003,4806.0
5060,20.451660156250004,218.64111328125,4805.5
5061,20.451660156250004,218.64208984375,4805.0
5062,20.45166015625,218.64306640625,4804.5
5063,20.451660156250004,218.64404296875,4804.5
5064,20.45166015625,218.64501953125,4804.0
5065,20.451660156250004,218.64599609375,4804.0
5066,20.45166015625,218.64697265625,4801.5
5067,20.45166015625,218.64794921875,4799.5
5068,20.451660156250004,218.64892578125003,4797.0
5069,20.451660156250004,218.64990234375,4795.0
5070,20.451660156250004,218.65087890625,4792.5
5071,20.451660156250004,218.65185546875,4791.0
5072,20.451660156250004,218.65283203125,4789.0
5073,20.45166015625,218.65380859375,4787.5
5074,20.451660156250004,218.65478515625,4786.0
5075,20.451660156250004,218.65576171875,4785.0
5076,20.451660156250004,218.65673828125,4783.5
5077,20.45166015625,218.65771484375003,4782.0
5078,20.451660156250004,218.65869140625,4781.0
5079,20.451660156250004,218.65966796875,4779.5
5080,20.451660156250004,218.66064453125,4778.5
5081,20.451660156250004,218.66162109374997,4777.0
5082,20.451660156250004,218.66259765625,4776.0
5083,20.451660156250004,218.66357421875,4775.0
5084,20.45166015625,218.66455078125,4773.5
5085,20.451660156250004,218.66552734375,4772.5
5086,20.451660156250004,218.66650390625,4771.5
5087,20.451660156250004,218.66748046875,4770.5
5088,20.451660156250004,218.66845703125,4769.5
5089,20.451660156250004,218.66943359375,4769.0
5090,20.451660156250004,218.67041015625,4768.5
5091,20.45166015625,218.67138671875003,4769.5
5092,20.451660156250004,218.67236328125,4772.5
5093,20.451660156250004,218.67333984375,4774.5
5094,20.451660156250004,218.67431640625003,4775.5
5095,20.451660156250004,218.67529296875,4777.5
5096,20.451660156250004,218.67626953125,4780.0
5097,20.451660156250004,218.67724609375,4782.5
5098,20.45166015625,218.67822265625,4785.5
5099,20.451660156250004,218.67919921875,4788.5
5100,20.451660156250004,218.68017578125003,4792.0
5101,20.451660156250004,218.68115234375,4795.5
5102,20.451660156250004,218.68212890625,4799.0
5103,20.451660156250004,218.68310546875003,4802.5
5104,20.45166015625,218.68408203125003,4806.0
5105,20.451660156250004,218.68505859375,4809.5
5106,20.451660156250004,218.68603515625,4813.0
5107,20.451660156250004,218.68701171875,4816.5
5108,20.451660156250004,218.68798828125,4820.0
5109,20.451660156250004,218.68896484375,4824.0
5110,20.45166015625,218.68994140625,4827.5
5111,20.451660156250004,218.69091796875,4831.0
5112,20.451660156250004,218.69189453125,4834.5
5113,20.451660156250004,218.69287109374997,4838.0
5114,20.451660156250004,218.69384765625003,4841.5
5115,20.451660156250004,218.69482421875,4845.0
5116,20.451660156250004,218.69580078125,4849.0
5117,20.451660156250004,218.69677734375,4853.0
5118,20.451660156250004,218.69775390625,4857.0
5119,20.451660156250004,218.69873046875,4861.0
5120,20.451660156250004,218.69970703125,4865.5
5121,20.451660156250004,218.70068359375,4870.5
5122,20.451660156250004,218.70166015625,4875.0
5123,20.451660156250004,218.70263671875003,4880.0
5124,20.451660156250004,218.70361328125,4885.0
5125,20.451660156250004,218.70458984375,4889.0
5126,20.451660156250004,218.70556640625003,4889.0
5127,20.451660156250004,218.70654296875003,4888.0
5128,20.451660156250004,218.70751953125,4887.5
5129,20.451660156250004,218.70849609375,4887.5
5130,20.451660156250004,218.70947265625,4887.5
5131,20.451660156250004,218.71044921875,4887.5
5132,20.451660156250004,218.71142578125,4887.5
5133,20.451660156250004,218.71240234375,4888.0
5134,20.45166015625,218.71337890625,4888.5
5135,20.451660156250004,218.71435546875,4889.5
5136,20.45166015625,218.71533203125003,4890.5
5137,20.451660156250004,218.71630859375003,4891.5
5138,20.451660156250004,218.71728515625,4892.5
5139,20.451660156250004,218.71826171875,4894.0
5140,20.451660156250004,218.71923828125,4895.5
5141,20.451660156250004,218.72021484375,4897.0
5142,20.451660156250004,218.72119140625,4899.0
5143,20.45166015625,218.72216796875,4901.0
5144,20.451660156250004,218.72314453125,4904.0
5145,20.451660156250004,218.72412109375,4908.0
5146,20.45166015625,218.72509765625003,4913.0
5147,20.45166015625,218.72607421875,4918.0
5148,20.451660156250004,218.72705078125,4922.5
5149,20.451660156250004,218.72802734375003,4926.0
5150,20.451660156250004,218.72900390625003,4929.0
5151,20.451660156250004,218.72998046875,4931.0
5152,20.45166015625,218.73095703125,4932.5
5153,20.451660156250004,218.73193359375,4934.5
5154,20.451660156250004,218.73291015625,4936.0
5155,20.451660156250004,218.73388671875,4938.0
5156,20.451660156250004,218.73486328125,4940.5
5157,20.45166015625,218.73583984375,4943.0
5158,20.451660156250004,218.73681640625,4945.5
5159,20.451660156250004,218.73779296875003,4948.0
5160,20.451660156250004,218.73876953125,4951.0
5161,20.451660156250004,218.73974609375,4954.0
5162,20.451660156250004,218.74072265625003,4957.0
5163,20.45166015625,218.74169921875,4959.0
5164,20.45166015625,218.74267578125,4959.0
5165,20.451660156250004,218.74365234375,4958.5
5166,20.45166015625,218.74462890625,4957.5
5167,20.450683593750004,218.62255859375,4821.5
5168,20.450683593750004,218.62353515625,4820.5
5169,20.450683593750004,218.62451171875,4819.5
5170,20.450683593750004,218.62548828125,4818.5
5171,20.450683593750004,218.62646484375003,4818.0
5172,20.450683593750004,218.62744140625,4817.0
5173,20.450683593750004,218.62841796875,4816.0
5174,20.450683593750004,218.62939453125,4815.5
5175,20.450683593750004,218.63037109374997,4814.5
5176,20.450683593750004,218.63134765625,4814.0
5177,20.450683593750004,218.63232421875,4813.0
5178,20.450683593750004,218.63330078125,4812.5
5179,20.450683593750004,218.63427734375,4811.5
5180,20.450683593750004,218.63525390625,4811.0
5181,20.450683593750004,218.63623046875003,4810.0
5182,20.450683593750004,218.63720703125,4809.5
5183,20.450683593750004,218.63818359375,4809.0
5184,20.450683593750004,218.63916015625,4808.5
5185,20.450683593750004,218.64013671875003,4808.0
5186,20.450683593750004,218.64111328125,4807.5
5187,20.450683593750004,218.64208984375,4807.5
5188,20.450683593750004,218.64306640625,4807.0
5189,20.450683593750004,218.64404296875,4807.0
5190,20.450683593750004,218.64501953125,4806.0
5191,20.450683593750004,218.64599609375,4806.5
5192,20.450683593750004,218.64697265625,4805.0
5193,20.450683593750004,218.64794921875,4802.0
5194,20.450683593750004,218.64892578125003,4798.5
5195,20.450683593750004,218.64990234375,4795.5
5196,20.450683593750004,218.65087890625,4793.0
5197,20.450683593750004,218.65185546875003,4791.0
5198,20.450683593750004,218.65283203125,4789.0
5199,20.450683593750004,218.65380859375,4787.0
5200,20.450683593750004,218.65478515625,4785.5
5201,20.450683593750004,218.65576171875,4784.0
5202,20.450683593750004,218.65673828125,4782.0
5203,20.450683593750004,218.65771484375,4780.5
5204,20.450683593750004,218.65869140625,4779.0
5205,20.450683593750004,218.65966796875,4777.5
5206,20.450683593750004,218.66064453125,4776.0
5207,20.450683593750004,218.66162109374997,4774.5
5208,20.450683593750004,218.66259765625,4772.5
5209,20.450683593750004,218.66357421875,4771.0
5210,20.450683593750004,218.66455078125,4769.5
5211,20.450683593750004,218.66552734375,4767.5
5212,20.450683593750004,218.66650390625,4766.0
5213,20.450683593750004,218.66748046875,4764.0
5214,20.450683593750004,218.66845703125,4762.0
5215,20.450683593750004,218.66943359375,4760.5
5216,20.450683593750004,218.67041015625,4759.0
5217,20.450683593750004,218.67138671875003,4759.0
5218,20.450683593750004,218.67236328125,4762.5
5219,20.450683593750004,218.67333984375,4764.0
5220,20.450683593750004,218.67431640625003,4766.0
5221,20.450683593750004,218.67529296875,4769.0
5222,20.450683593750004,218.67626953125,4772.0
5223,20.450683593750004,218.67724609375,4775.5
5224,20.450683593750004,218.67822265625,4779.5
5225,20.450683593750004,218.67919921875,4783.5
5226,20.450683593750004,218.68017578125003,4787.0
5227,20.450683593750004,218.68115234375,4791.0
5228,20.450683593750004,218.68212890625,4795.0
5229,20.450683593750004,218.68310546875003,4799.0
5230,20.450683593750004,218.68408203124997,4803.0
5231,20.450683593750004,218.68505859375,4806.5
5232,20.450683593750004,218.68603515625,4810.5
5233,20.450683593750004,218.68701171875,4814.0
5234,20.450683593750004,218.68798828125,4818.0
5235,20.450683593750004,218.68896484375,4821.5
5236,20.450683593750004,218.68994140625,4825.5
5237,20.450683593750004,218.69091796875,4829.0
5238,20.450683593750004,218.69189453125,4832.5
5239,20.450683593750004,218.69287109374997,4836.5
5240,20.450683593750004,218.69384765625003,4840.0
5241,20.450683593750004,218.69482421875,4844.0
5242,20.450683593750004,218.69580078125,4848.0
5243,20.450683593750004,218.69677734375,4852.0
5244,20.450683593750004,218.69775390625,4856.0
5245,20.450683593750004,218.69873046875,4860.5
5246,20.450683593750004,218.69970703125,4865.0
5247,20.450683593750004,218.70068359375,4870.0
5248,20.450683593750004,218.70166015625,4875.0
5249,20.450683593750004,218.70263671875003,4880.0
5250,20.450683593750004,218.70361328125,4885.0
5251,20.450683593750004,218.70458984375,4888.5
5252,20.450683593750004,218.70556640625,4889.0
5253,20.450683593750004,218.70654296874997,4888.0
5254,20.450683593750004,218.70751953125,4888.0
5255,20.450683593750004,218.70849609375,4888.0
5256,20.450683593750004,218.70947265625,4888.5
5257,20.450683593750004,218.71044921875,4888.5
5258,20.450683593750004,218.71142578125,4888.5
5259,20.450683593750004,218.71240234375,4888.5
5260,20.450683593750004,218.71337890625,4889.0
5261,20.450683593750004,218.71435546875,4889.5
5262,20.450683593750004,218.71533203124997,4890.0
5263,20.450683593750004,218.71630859375003,4891.0
5264,20.450683593750004,218.71728515625,4892.0
5265,20.450683593750004,218.71826171875,4893.5
5266,20.450683593750004,218.71923828125,4895.0
5267,20.450683593750004,218.72021484375,4896.5
5268,20.450683593750004,218.72119140625,4898.5
5269,20.450683593750004,218.72216796875,4900.5
5270,20.450683593750004,218.72314453125,4903.5
5271,20.450683593750004,218.72412109375,4907.0
5272,20.450683593750004,218.72509765625003,4911.0
5273,20.450683593750004,218.72607421875,4915.5
5274,20.450683593750004,218.72705078125,4920.5
5275,20.450683593750004,218.72802734375003,4925.5
5276,20.450683593750004,218.72900390624997,4927.0
5277,20.450683593750004,218.72998046875,4928.5
5278,20.450683593750004,218.73095703125,4930.5
5279,20.450683593750004,218.73193359375,4932.5
5280,20.450683593750004,218.73291015625,4934.5
5281,20.450683593750004,218.73388671875,4937.0
5282,20.450683593750004,218.73486328125,4939.5
5283,20.450683593750004,218.73583984375,4942.0
5284,20.450683593750004,218.73681640625,4945.0
5285,20.450683593750004,218.73779296874997,4948.5
5286,20.450683593750004,218.73876953125,4951.5
5287,20.450683593750004,218.73974609375,4955.5
5288,20.450683593750004,218.74072265625003,4959.0
5289,20.450683593750004,218.74169921875,4961.5
5290,20.450683593750004,218.74267578125,4961.0
5291,20.450683593750004,218.74365234375,4960.0
5292,20.450683593750004,218.74462890625,4959.0
5293,20.449707031250004,218.62255859375,4822.0
5294,20.44970703125,218.62353515625,4821.0
5295,20.44970703125,218.62451171875,4820.5
5296,20.44970703125,218.62548828125,4819.5
5297,20.449707031250004,218.62646484375003,4818.5
5298,20.44970703125,218.62744140625,4818.0
5299,20.44970703125,218.62841796875,4817.0
5300,20.44970703125,218.62939453125,4816.5
5301,20.449707031250004,218.63037109374997,4815.5
5302,20.44970703125,218.63134765625,4815.0
5303,20.44970703125,218.63232421875,4814.0
5304,20.449707031250004,218.63330078125,4813.5
5305,20.44970703125,218.63427734375,4812.5
5306,20.44970703125,218.63525390625,4812.0
5307,20.449707031250004,218.63623046875003,4811.5
5308,20.449707031250004,218.63720703125,4811.0
5309,20.44970703125,218.63818359375,4810.5
5310,20.449707031250004,218.63916015625,4810.0
5311,20.449707031250004,218.64013671875003,4809.5
5312,20.44970703125,218.64111328125,4809.5
5313,20.44970703125,218.64208984375,4809.5
5314,20.44970703125,218.64306640625,4809.5
5315,20.449707031250004,218.64404296875,4810.0
5316,20.44970703125,218.64501953125,4810.0
5317,20.449707031250004,218.64599609375,4809.0
5318,20.44970703125,218.64697265625,4808.0
5319,20.44970703125,218.64794921875,4803.5
5320,20.44970703125,218.64892578125003,4799.0
5321,20.44970703125,218.64990234375,4795.5
5322,20.44970703125,218.65087890625,4793.0
5323,20.44970703125,218.65185546875003,4790.5
5324,20.449707031250004,218.65283203125,4788.5
5325,20.44970703125,218.65380859375,4786.5
5326,20.44970703125,218.65478515625,4784.5
5327,20.44970703125,218.65576171875,4783.0
5328,20.449707031250004,218.65673828125,4781.0
5329,20.44970703125,218.65771484375,4779.0
5330,20.44970703125,218.65869140625,4777.5
5331,20.44970703125,218.65966796875,4775.5
5332,20.44970703125,218.66064453125,4773.5
5333,20.44970703125,218.66162109374997,4771.5
5334,20.44970703125,218.66259765625,4769.5
5335,20.44970703125,218.66357421875,4767.5
5336,20.449707031250004,218.66455078125,4765.0
5337,20.44970703125,218.66552734375,4763.0
5338,20.44970703125,218.66650390625,4760.5
5339,20.449707031250004,218.66748046875,4757.5
5340,20.44970703125,218.66845703125,4755.0
5341,20.449707031250004,218.66943359375,4751.5
5342,20.44970703125,218.67041015625,4748.5
5343,20.44970703125,218.67138671875003,4746.5
5344,20.44970703125,218.67236328125,4749.5
5345,20.44970703125,218.67333984375,4752.0
5346,20.449707031250004,218.67431640625,4755.5
5347,20.44970703125,218.67529296875,4759.5
5348,20.44970703125,218.67626953125,4764.0
5349,20.44970703125,218.67724609375,4768.5
5350,20.44970703125,218.67822265625,4773.0
5351,20.449707031250004,218.67919921875,4778.0
5352,20.449707031250004,218.68017578125,4782.5
5353,20.449707031250004,218.68115234375,4786.5
5354,20.449707031250004,218.68212890625,4791.0
5355,20.44970703125,218.68310546875003,4795.5
5356,20.44970703125,218.68408203124997,4799.5
5357,20.449707031250004,218.68505859375,4803.5
5358,20.449707031250004,218.68603515625,4807.5
5359,20.44970703125,218.68701171875,4811.5
5360,20.449707031250004,218.68798828125,4815.5
5361,20.44970703125,218.68896484375,4819.5
5362,20.44970703125,218.68994140625,4823.5
5363,20.44970703125,218.69091796875,4827.0
5364,20.44970703125,218.69189453125,4831.0
5365,20.44970703125,218.69287109374997,4835.0
5366,20.449707031250004,218.69384765625003,4838.5
5367,20.44970703125,218.69482421875,4842.5
5368,20.44970703125,218.69580078125,4846.5
5369,20.449707031250004,218.69677734375,4851.0
5370,20.44970703125,218.69775390625,4855.0
5371,20.44970703125,218.69873046875,4859.5
5372,20.44970703125,218.69970703125,4864.5
5373,20.44970703125,218.70068359375,4869.0
5374,20.44970703125,218.70166015625,4874.5
5375,20.44970703125,218.70263671875003,4879.5
5376,20.44970703125,218.70361328125,4885.0
5377,20.449707031250004,218.70458984375,4889.5
5378,20.44970703125,218.70556640625003,4889.0
5379,20.44970703125,218.70654296875003,4888.5
5380,20.44970703125,218.70751953125,4888.5
5381,20.44970703125,218.70849609375,4888.5
5382,20.449707031250004,218.70947265625,4889.0
5383,20.449707031250004,218.71044921875,4889.0
5384,20.44970703125,218.71142578125,4889.0
5385,20.44970703125,218.71240234375,4889.0
5386,20.44970703125,218.71337890625,4889.0
5387,20.44970703125,218.71435546875,4889.5
5388,20.44970703125,218.71533203124997,4890.0
5389,20.449707031250004,218.71630859375003,4890.5
5390,20.44970703125,218.71728515625,4891.5
5391,20.44970703125,218.71826171875,4893.0
5392,20.449707031250004,218.71923828125,4894.0
5393,20.44970703125,218.72021484375,4895.5
5394,20.44970703125,218.72119140625,4897.5
5395,20.44970703125,218.72216796875,4899.5
5396,20.44970703125,218.72314453125,4902.0
5397,20.44970703125,218.72412109375,4905.5
5398,20.44970703125,218.72509765625003,4909.0
5399,20.44970703125,218.72607421875,4913.0
5400,20.449707031250004,218.72705078125,4916.5
5401,20.449707031250004,218.72802734375003,4918.5
5402,20.449707031250004,218.72900390625003,4922.5
5403,20.44970703125,218.72998046875,4925.5
5404,20.449707031250004,218.73095703125,4928.0
5405,20.44970703125,218.73193359375,4930.5
5406,20.449707031250004,218.73291015625,4933.0
5407,20.449707031250004,218.73388671875,4935.5
5408,20.44970703125,218.73486328125,4938.0
5409,20.44970703125,218.73583984375,4941.0
5410,20.44970703125,218.73681640625,4944.5
5411,20.44970703125,218.73779296874997,4948.0
5412,20.449707031250004,218.73876953125,4952.0
5413,20.44970703125,218.73974609375,4956.0
5414,20.44970703125,218.74072265625003,4960.0
5415,20.44970703125,218.74169921875,4963.5
5416,20.44970703125,218.74267578125,4963.0
5417,20.449707031250004,218.74365234375,4961.5
5418,20.44970703125,218.74462890625,4960.0
5419,20.44873046875,218.62255859375,4822.5
5420,20.44873046875,218.62353515625,4822.0
5421,20.44873046875,218.62451171875,4821.0
5422,20.448730468750004,218.62548828125,4820.0
5423,20.448730468750004,218.62646484375003,4819.5
5424,20.44873046875,218.62744140625,4818.5
5425,20.448730468750004,218.62841796875,4818.0
5426,20.44873046875,218.62939453125,4817.0
5427,20.44873046875,218.63037109374997,4816.5
5428,20.448730468750004,218.63134765625,4815.5
5429,20.448730468750004,218.63232421875,4815.0
5430,20.448730468750004,218.63330078125,4814.5
5431,20.448730468750004,218.63427734375,4813.5
5432,20.44873046875,218.63525390625,4813.0
5433,20.44873046875,218.63623046875003,4812.5
5434,20.448730468750004,218.63720703125,4812.0
5435,20.44873046875,218.63818359375,4811.5
5436,20.44873046875,218.63916015625,4811.0
5437,20.44873046875,218.64013671875003,4811.0
5438,20.448730468750004,218.64111328125,4811.0
5439,20.44873046875,218.64208984375,4811.0
5440,20.44873046875,218.64306640625,4811.5
5441,20.448730468750004,218.64404296875,4812.0
5442,20.44873046875,218.64501953125,4811.5
5443,20.448730468750004,218.64599609375,4805.0
5444,20.448730468750004,218.64697265625,4805.0
5445,20.44873046875,218.64794921875,4801.5
5446,20.448730468750004,218.64892578125003,4798.0
5447,20.448730468750004,218.64990234375,4794.5
5448,20.448730468750004,218.65087890625,4792.0
5449,20.44873046875,218.65185546875003,4789.5
5450,20.448730468750004,218.65283203125,4787.5
5451,20.44873046875,218.65380859375,4785.5
5452,20.44873046875,218.65478515625,4783.5
5453,20.44873046875,218.65576171875,4782.0
5454,20.448730468750004,218.65673828125,4780.0
5455,20.448730468750004,218.65771484375003,4778.0
5456,20.44873046875,218.65869140625,4775.5
5457,20.44873046875,218.65966796875,4773.5
5458,20.448730468750004,218.66064453125,4771.5
5459,20.44873046875,218.66162109374997,4769.0
5460,20.44873046875,218.66259765625,4766.5
5461,20.448730468750004,218.66357421875,4764.0
5462,20.44873046875,218.66455078125,4761.0
5463,20.44873046875,218.66552734375,4758.0
5464,20.44873046875,218.66650390625,4755.0
5465,20.44873046875,218.66748046875,4751.5
5466,20.44873046875,218.66845703125,4748.0
5467,20.44873046875,218.66943359375,4744.0
5468,20.44873046875,218.67041015625,4740.0
5469,20.44873046875,218.67138671875003,4737.0
5470,20.44873046875,218.67236328125,4737.0
5471,20.44873046875,218.67333984375,4739.0
5472,20.448730468750004,218.67431640625003,4744.0
5473,20.44873046875,218.67529296875,4750.0
5474,20.44873046875,218.67626953125,4756.0
5475,20.44873046875,218.67724609375,4761.5
5476,20.44873046875,218.67822265625,4767.0
5477,20.448730468750004,218.67919921875,4772.5
5478,20.448730468750004,218.68017578125003,4777.5
5479,20.448730468750004,218.68115234375,4782.5
5480,20.448730468750004,218.68212890625,4787.5
5481,20.44873046875,218.68310546875003,4792.0
5482,20.44873046875,218.68408203125003,4796.5
5483,20.448730468750004,218.68505859375,4800.5
5484,20.448730468750004,218.68603515625,4805.0
5485,20.448730468750004,218.68701171875,4809.0
5486,20.448730468750004,218.68798828125,4813.5
5487,20.448730468750004,218.68896484375,4817.5
5488,20.44873046875,218.68994140625,4821.5
5489,20.44873046875,218.69091796875,4825.0
5490,20.44873046875,218.69189453125,4829.0
5491,20.44873046875,218.69287109374997,4833.0
5492,20.44873046875,218.69384765625003,4837.0
5493,20.448730468750004,218.69482421875,4841.0
5494,20.44873046875,218.69580078125,4845.5
5495,20.44873046875,218.69677734375,4849.5
5496,20.44873046875,218.69775390625,4854.0
5497,20.44873046875,218.69873046875,4858.5
5498,20.448730468750004,218.69970703125,4863.0
5499,20.44873046875,218.70068359375,4868.0
5500,20.448730468750004,218.70166015625,4873.5
5501,20.448730468750004,218.70263671875003,4878.5
5502,20.448730468750004,218.70361328125,4883.5
5503,20.448730468750004,218.70458984375,4887.5
5504,20.44873046875,218.70556640625003,4888.0
5505,20.44873046875,218.70654296874997,4888.0
5506,20.44873046875,218.70751953125,4888.5
5507,20.448730468750004,218.70849609375,4889.0
5508,20.44873046875,218.70947265625,4889.5
5509,20.44873046875,218.71044921875,4889.5
5510,20.44873046875,218.71142578125,4889.0
5511,20.448730468750004,218.71240234375,4889.0
5512,20.44873046875,218.71337890625,4889.0
5513,20.448730468750004,218.71435546875,4889.0
5514,20.44873046875,218.71533203125003,4889.5
5515,20.448730468750004,218.71630859375003,4890.0
5516,20.44873046875,218.71728515625,4891.0
5517,20.448730468750004,218.71826171875,4892.0
5518,20.448730468750004,218.71923828125,4893.0
5519,20.448730468750004,218.72021484375,4894.5
5520,20.44873046875,218.72119140625,4896.5
5521,20.44873046875,218.72216796875,4898.5
5522,20.44873046875,218.72314453125,4901.0
5523,20.448730468750004,218.72412109375,4904.0
5524,20.44873046875,218.72509765625003,4907.0
5525,20.448730468750004,218.72607421875,4911.0
5526,20.448730468750004,218.72705078125,4914.5
5527,20.448730468750004,218.72802734375,4918.5
5528,20.44873046875,218.72900390625003,4921.0
5529,20.44873046875,218.72998046875,4923.0
5530,20.448730468750004,218.73095703125,4925.5
5531,20.44873046875,218.73193359375,4928.0
5532,20.44873046875,218.73291015625,4930.5
5533,20.448730468750004,218.73388671875,4933.5
5534,20.44873046875,218.73486328125,4936.5
5535,20.44873046875,218.73583984375,4940.0
5536,20.44873046875,218.73681640625,4943.5
5537,20.448730468750004,218.73779296874997,4947.5
5538,20.448730468750004,218.73876953125,4951.5
5539,20.44873046875,218.73974609375,4956.0
5540,20.448730468750004,218.74072265625003,4960.5
5541,20.44873046875,218.74169921875,4963.5
5542,20.448730468750004,218.74267578125,4963.5
5543,20.44873046875,218.74365234375,4962.0
5544,20.44873046875,218.74462890625,4960.5
5545,20.447753906250004,218.62255859375,4823.5
5546,20.447753906250004,218.62353515625,4822.5
5547,20.447753906250004,218.62451171875,4821.5
5548,20.447753906250007,218.62548828125,4821.0
5549,20.447753906250007,218.62646484375003,4820.0
5550,20.447753906250007,218.62744140625,4819.5
5551,20.447753906250007,218.62841796875,4818.5
5552,20.447753906250004,218.62939453125,4818.0
5553,20.447753906250004,218.63037109374997,4817.0
5554,20.447753906250007,218.63134765625,4816.5
5555,20.447753906250007,218.63232421875,4816.0
5556,20.447753906250007,218.63330078125,4815.5
5557,20.447753906250004,218.63427734375,4814.5
5558,20.447753906250004,218.63525390625,4814.0
5559,20.447753906250007,218.63623046875003,4813.5
5560,20.447753906250007,218.63720703125,4813.0
5561,20.447753906250004,218.63818359375,4813.0
5562,20.447753906250007,218.63916015625,4812.5
5563,20.447753906250007,218.64013671875003,4812.0
5564,20.447753906250007,218.64111328125,4812.0
5565,20.447753906250007,218.64208984375,4812.0
5566,20.447753906250004,218.64306640625,4812.0
5567,20.447753906250004,218.64404296875,4812.0
5568,20.447753906250004,218.64501953125,4810.5
5569,20.447753906250007,218.64599609375,4805.5
5570,20.447753906250007,218.64697265625,4803.5
5571,20.447753906250004,218.64794921875,4799.0
5572,20.447753906250007,218.64892578125003,4795.5
5573,20.447753906250007,218.64990234375,4793.0
5574,20.447753906250007,218.65087890625,4790.5
5575,20.447753906250004,218.65185546875,4788.5
5576,20.447753906250007,218.65283203125,4787.0
5577,20.447753906250004,218.65380859375,4785.0
5578,20.447753906250004,218.65478515625,4783.0
5579,20.447753906250007,218.65576171875,4781.0
5580,20.447753906250007,218.65673828125,4779.0
5581,20.447753906250004,218.65771484375,4776.5
5582,20.447753906250004,218.65869140625,4774.0
5583,20.447753906250007,218.65966796875,4772.0
5584,20.447753906250004,218.66064453125,4769.5
5585,20.447753906250004,218.66162109374997,4766.5
5586,20.447753906250007,218.66259765625,4764.0
5587,20.447753906250004,218.66357421875,4760.5
5588,20.447753906250004,218.66455078125,4757.5
5589,20.447753906250004,218.66552734375,4754.0
5590,20.447753906250004,218.66650390625,4750.0
5591,20.447753906250007,218.66748046875,4746.0
5592,20.447753906250004,218.66845703125,4741.5
5593,20.447753906250007,218.66943359375,4736.5
5594,20.447753906250007,218.67041015625,4731.0
5595,20.447753906250007,218.67138671875003,4725.0
5596,20.447753906250007,218.67236328124997,4715.5
5597,20.447753906250007,218.67333984375,4723.0
5598,20.447753906250007,218.67431640625003,4732.0
5599,20.447753906250007,218.67529296875,4740.5
5600,20.447753906250004,218.67626953125,4748.0
5601,20.447753906250004,218.67724609375,4755.0
5602,20.447753906250004,218.67822265625,4761.5
5603,20.447753906250007,218.67919921875,4767.5
5604,20.447753906250007,218.68017578125,4773.0
5605,20.447753906250007,218.68115234375,4778.5
5606,20.447753906250007,218.68212890625,4783.5
5607,20.447753906250004,218.68310546875,4788.5
5608,20.447753906250007,218.68408203125003,4793.5
5609,20.447753906250004,218.68505859375,4798.0
5610,20.447753906250007,218.68603515625,4802.5
5611,20.447753906250007,218.68701171875,4807.0
5612,20.447753906250004,218.68798828125,4811.0
5613,20.447753906250004,218.68896484375,4815.0
5614,20.447753906250004,218.68994140625,4819.5
5615,20.447753906250004,218.69091796875,4823.5
5616,20.447753906250004,218.69189453125,4827.5
5617,20.447753906250004,218.69287109374997,4831.5
5618,20.447753906250007,218.69384765625003,4835.5
5619,20.447753906250004,218.69482421875,4839.5
5620,20.447753906250004,218.69580078125,4844.0
5621,20.447753906250007,218.69677734375,4848.0
5622,20.447753906250004,218.69775390625,4852.5
5623,20.447753906250004,218.69873046875,4857.0
5624,20.447753906250004,218.69970703125,4862.0
5625,20.447753906250004,218.70068359375,4867.0
5626,20.447753906250007,218.70166015625,4872.0
5627,20.447753906250004,218.70263671875003,4877.5
5628,20.447753906250007,218.70361328125,4882.5
5629,20.447753906250007,218.70458984375,4886.5
5630,20.447753906250007,218.70556640625003,4887.0
5631,20.447753906250007,218.70654296875003,4888.0
5632,20.447753906250004,218.70751953125,4888.5
5633,20.447753906250004,218.70849609375,4889.5
5634,20.447753906250004,218.70947265625,4890.0
5635,20.447753906250004,218.71044921875,4889.5
5636,20.447753906250007,218.71142578125,4889.0
5637,20.447753906250004,218.71240234375,4888.5
5638,20.447753906250004,218.71337890625,4888.5
5639,20.447753906250007,218.71435546875,4888.5
5640,20.447753906250004,218.71533203125003,4888.5
5641,20.447753906250007,218.71630859375003,4889.0
5642,20.447753906250004,218.71728515625,4890.0
5643,20.447753906250004,218.71826171875,4891.0
5644,20.447753906250007,218.71923828125,4892.0
5645,20.447753906250007,218.72021484375003,4893.0
5646,20.447753906250004,218.72119140625,4895.0
5647,20.447753906250007,218.72216796875,4896.5
5648,20.447753906250004,218.72314453125,4898.5
5649,20.447753906250007,218.72412109375,4901.5
5650,20.447753906250007,218.72509765625003,4905.0
5651,20.447753906250004,218.72607421875,4908.0
5652,20.447753906250007,218.72705078125,4911.5
5653,20.447753906250007,218.72802734375003,4914.5
5654,20.447753906250004,218.72900390624997,4917.5
5655,20.447753906250007,218.72998046875,4920.5
5656,20.447753906250004,218.73095703125,4923.0
5657,20.447753906250004,218.73193359375,4925.5
5658,20.447753906250004,218.73291015625,4928.5
5659,20.447753906250004,218.73388671875003,4931.5
5660,20.447753906250004,218.73486328125,4934.5
5661,20.447753906250004,218.73583984375,4938.0
5662,20.447753906250007,218.73681640625,4942.0
5663,20.447753906250007,218.73779296874997,4946.0
5664,20.447753906250004,218.73876953125,4950.5
5665,20.447753906250007,218.73974609375,4955.5
5666,20.447753906250007,218.74072265625003,4960.0
5667,20.447753906250004,218.74169921875,4964.0
5668,20.447753906250007,218.74267578125,4963.5
5669,20.447753906250007,218.74365234375,4962.0
5670,20.447753906250004,218.74462890625,4960.5
5671,20.44677734375,218.62255859375,4824.0
5672,20.44677734375,218.62353515625,4823.0
5673,20.44677734375,218.62451171875,4822.5
5674,20.44677734375,218.62548828125,4821.5
5675,20.446777343750004,218.62646484375003,4821.0
5676,20.446777343750004,218.62744140625,4820.0
5677,20.446777343750004,218.62841796875,4819.5
5678,20.44677734375,218.62939453125,4818.5
5679,20.44677734375,218.63037109374997,4818.0
5680,20.44677734375,218.63134765625,4817.5
5681,20.446777343750004,218.63232421875,4817.0
5682,20.446777343750004,218.63330078125,4816.0
5683,20.44677734375,218.63427734375,4815.5
5684,20.44677734375,218.63525390625,4815.0
5685,20.446777343750004,218.63623046875003,4814.5
5686,20.446777343750004,218.63720703125,4814.0
5687,20.44677734375,218.63818359375,4814.0
5688,20.446777343750004,218.63916015625,4813.5
5689,20.44677734375,218.64013671875003,4813.0
5690,20.44677734375,218.64111328125,4813.0
5691,20.446777343750004,218.64208984375,4812.5
5692,20.44677734375,218.64306640625,4812.0
5693,20.44677734375,218.64404296875,4811.0
5694,20.44677734375,218.64501953125,4807.0
5695,20.446777343750004,218.64599609375,4796.0
5696,20.44677734375,218.64697265625,4793.5
5697,20.44677734375,218.64794921875,4792.0
5698,20.44677734375,218.64892578125003,4791.0
5699,20.44677734375,218.64990234375,4790.5
5700,20.446777343750004,218.65087890625,4789.0
5701,20.446777343750004,218.65185546875003,4787.5
5702,20.446777343750004,218.65283203125,4786.0
5703,20.44677734375,218.65380859375,4784.5
5704,20.44677734375,218.65478515625,4782.5
5705,20.446777343750004,218.65576171875,4780.0
5706,20.44677734375,218.65673828125,4778.0
5707,20.44677734375,218.65771484375003,4775.5
5708,20.44677734375,218.65869140625,4773.0
5709,20.44677734375,218.65966796875,4770.5
5710,20.446777343750004,218.66064453125,4767.5
5711,20.44677734375,218.66162109374997,4764.5
5712,20.44677734375,218.66259765625,4761.5
5713,20.44677734375,218.66357421875,4758.0
5714,20.44677734375,218.66455078125,4754.5
5715,20.44677734375,218.66552734375,4750.5
5716,20.44677734375,218.66650390625,4746.0
5717,20.44677734375,218.66748046875,4741.0
5718,20.446777343750004,218.66845703125,4735.5
5719,20.446777343750004,218.66943359375,4729.5
5720,20.446777343750004,218.67041015625,4723.0
5721,20.44677734375,218.67138671875003,4715.5
5722,20.44677734375,218.67236328125,4709.0
5723,20.44677734375,218.67333984375,4714.5
5724,20.446777343750004,218.67431640625003,4723.5
5725,20.44677734375,218.67529296875,4732.5
5726,20.44677734375,218.67626953125,4741.5
5727,20.44677734375,218.67724609375,4749.5
5728,20.44677734375,218.67822265625,4756.5
5729,20.44677734375,218.67919921875,4763.0
5730,20.446777343750004,218.68017578125003,4769.0
5731,20.446777343750004,218.68115234375,4775.0
5732,20.44677734375,218.68212890625,4780.5
5733,20.44677734375,218.68310546875003,4785.5
5734,20.44677734375,218.68408203125003,4790.5
5735,20.44677734375,218.68505859375,4795.5
5736,20.44677734375,218.68603515625,4800.0
5737,20.44677734375,218.68701171875,4804.5
5738,20.44677734375,218.68798828125,4809.0
5739,20.446777343750004,218.68896484375,4813.0
5740,20.44677734375,218.68994140625,4817.5
5741,20.44677734375,218.69091796875,4821.5
5742,20.446777343750004,218.69189453125,4825.5
5743,20.44677734375,218.69287109374997,4830.0
5744,20.446777343750004,218.69384765625003,4834.0
5745,20.44677734375,218.69482421875,4838.0
5746,20.44677734375,218.69580078125,4842.0
5747,20.446777343750004,218.69677734375,4846.5
5748,20.44677734375,218.69775390625,4851.0
5749,20.44677734375,218.69873046875,4855.5
5750,20.44677734375,218.69970703125,4860.0
5751,20.44677734375,218.70068359375,4865.0
5752,20.44677734375,218.70166015625,4870.0
5753,20.446777343750004,218.70263671875003,4875.5
5754,20.44677734375,218.70361328125,4881.0
5755,20.44677734375,218.70458984375,4885.5
5756,20.44677734375,218.70556640625003,4887.5
5757,20.44677734375,218.70654296874997,4888.0
5758,20.44677734375,218.70751953125,4888.5
5759,20.44677734375,218.70849609375,4889.0
5760,20.44677734375,218.70947265625,4889.0
5761,20.44677734375,218.71044921875,4889.0
5762,20.44677734375,218.71142578125,4888.5
5763,20.44677734375,218.71240234375,4888.0
5764,20.44677734375,218.71337890625,4887.5
5765,20.44677734375,218.71435546875,4887.5
5766,20.44677734375,218.71533203124997,4887.5
5767,20.446777343750004,218.71630859375003,4888.0
5768,20.446777343750004,218.71728515625,4888.5
5769,20.44677734375,218.71826171875,4889.5
5770,20.44677734375,218.71923828125,4890.5
5771,20.44677734375,218.72021484375,4891.5
5772,20.44677734375,218.72119140625,4893.0
5773,20.44677734375,218.72216796875,4895.0
5774,20.44677734375,218.72314453125,4897.0
5775,20.44677734375,218.72412109375,4899.5
5776,20.44677734375,218.72509765625003,4902.5
5777,20.44677734375,218.72607421875,4905.5
5778,20.446777343750004,218.72705078125,4909.5
5779,20.44677734375,218.72802734375,4914.0
5780,20.44677734375,218.72900390624997,4915.5
5781,20.446777343750004,218.72998046875,4917.5
5782,20.44677734375,218.73095703125,4920.0
5783,20.44677734375,218.73193359375,4923.0
5784,20.44677734375,218.73291015625,4926.0
5785,20.44677734375,218.73388671875,4929.0
5786,20.44677734375,218.73486328125,4932.5
5787,20.44677734375,218.73583984375,4936.0
5788,20.44677734375,218.73681640625,4940.0
5789,20.446777343750004,218.73779296875003,4944.5
5790,20.44677734375,218.73876953125,4949.0
5791,20.44677734375,218.73974609375,4954.0
5792,20.44677734375,218.74072265625003,4959.0
5793,20.44677734375,218.74169921875,4963.5
5794,20.44677734375,218.74267578125,4962.5
5795,20.446777343750004,218.74365234375,4961.0
5796,20.44677734375,218.74462890625,4959.5
5797,20.445800781249996,218.62255859375,4824.5
5798,20.445800781249996,218.62353515625,4824.0
5799,20.445800781249996,218.62451171875,4823.0
5800,20.445800781249996,218.62548828125,4822.5
5801,20.44580078125,218.62646484375003,4821.5
5802,20.445800781249996,218.62744140625,4821.0
5803,20.445800781249996,218.62841796875,4820.0
5804,20.445800781249996,218.62939453125,4819.5
5805,20.445800781249996,218.63037109374997,4819.0
5806,20.445800781249996,218.63134765625,4818.0
5807,20.445800781249996,218.63232421875,4817.5
5808,20.44580078125,218.63330078125,4817.0
5809,20.445800781249996,218.63427734375,4816.5
5810,20.445800781249996,218.63525390625,4816.0
5811,20.445800781249996,218.63623046875,4815.5
5812,20.44580078125,218.63720703125,4815.0
5813,20.445800781249996,218.63818359375,4815.0
5814,20.445800781249996,218.63916015625,4814.5
5815,20.44580078125,218.64013671875003,4814.0
5816,20.445800781249996,218.64111328125,4814.0
5817,20.44580078125,218.64208984375,4813.5
5818,20.445800781249996,218.64306640625,4812.0
5819,20.445800781249996,218.64404296875,4810.0
5820,20.445800781249996,218.64501953125,4805.0
5821,20.44580078125,218.64599609375,4796.0
5822,20.44580078125,218.64697265625,4786.5
5823,20.445800781249996,218.64794921875,4786.5
5824,20.44580078125,218.64892578125003,4788.0
5825,20.445800781249996,218.64990234375,4788.5
5826,20.445800781249996,218.65087890625,4788.0
5827,20.445800781249996,218.65185546875003,4787.0
5828,20.445800781249996,218.65283203125,4785.5
5829,20.445800781249996,218.65380859375,4784.0
5830,20.445800781249996,218.65478515625,4782.0
5831,20.44580078125,218.65576171875,4779.5
5832,20.445800781249996,218.65673828125,4777.0
5833,20.445800781249996,218.65771484375003,4774.5
5834,20.445800781249996,218.65869140625,4772.0
5835,20.445800781249996,218.65966796875,4769.0
5836,20.445800781249996,218.66064453125,4766.0
5837,20.445800781249996,218.66162109374997,4763.0
5838,20.44580078125,218.66259765625,4759.5
5839,20.445800781249996,218.66357421875,4755.5
5840,20.445800781249996,218.66455078125,4751.5
5841,20.445800781249996,218.66552734375,4747.0
5842,20.445800781249996,218.66650390625,4742.0
5843,20.445800781249996,218.66748046875,4737.0
5844,20.445800781249996,218.66845703125,4730.5
5845,20.44580078125,218.66943359375,4724.0
5846,20.445800781249996,218.67041015625,4716.5
5847,20.445800781249996,218.67138671875003,4708.5
5848,20.445800781249996,218.67236328125,4701.0
5849,20.445800781249996,218.67333984375,4707.5
5850,20.445800781249996,218.67431640625003,4717.0
5851,20.445800781249996,218.67529296875,4727.0
5852,20.445800781249996,218.67626953125,4736.0
5853,20.445800781249996,218.67724609375,4744.5
5854,20.445800781249996,218.67822265625,4752.0
5855,20.445800781249996,218.67919921875,4759.0
5856,20.44580078125,218.68017578125,4765.5
5857,20.44580078125,218.68115234375,4772.0
5858,20.44580078125,218.68212890625,4777.5
5859,20.445800781249996,218.68310546875003,4783.0
5860,20.445800781249996,218.68408203124997,4788.0
5861,20.445800781249996,218.68505859375,4793.0
5862,20.44580078125,218.68603515625,4798.0
5863,20.445800781249996,218.68701171875,4802.5
5864,20.445800781249996,218.68798828125,4807.0
5865,20.445800781249996,218.68896484375,4811.5
5866,20.445800781249996,218.68994140625003,4815.5
5867,20.445800781249996,218.69091796875,4820.0
5868,20.445800781249996,218.69189453125,4824.0
5869,20.445800781249996,218.69287109374997,4828.0
5870,20.44580078125,218.69384765625003,4832.0
5871,20.445800781249996,218.69482421875,4836.5
5872,20.44580078125,218.69580078125,4840.5
5873,20.445800781249996,218.69677734375,4845.0
5874,20.445800781249996,218.69775390625,4849.0
5875,20.445800781249996,218.69873046875,4853.5
5876,20.445800781249996,218.69970703125,4858.5
5877,20.445800781249996,218.70068359375,4863.0
5878,20.445800781249996,218.70166015625,4868.0
5879,20.445800781249996,218.70263671875003,4873.0
5880,20.445800781249996,218.70361328125,4877.5
5881,20.445800781249996,218.70458984375,4881.5
5882,20.445800781249996,218.70556640625003,4884.5
5883,20.445800781249996,218.70654296874997,4886.0
5884,20.445800781249996,218.70751953125,4887.5
5885,20.445800781249996,218.70849609375,4888.5
5886,20.445800781249996,218.70947265625,4889.5
5887,20.445800781249996,218.71044921875,4888.5
5888,20.445800781249996,218.71142578125,4888.0
5889,20.445800781249996,218.71240234375,4887.0
5890,20.445800781249996,218.71337890625,4886.5
5891,20.445800781249996,218.71435546875,4886.5
5892,20.445800781249996,218.71533203124997,4886.5
5893,20.445800781249996,218.71630859375003,4887.0
5894,20.445800781249996,218.71728515625,4887.5
5895,20.445800781249996,218.71826171875,4888.0
5896,20.445800781249996,218.71923828125,4889.0
5897,20.445800781249996,218.72021484375,4889.5
5898,20.445800781249996,218.72119140625,4891.0
5899,20.445800781249996,218.72216796875,4892.5
5900,20.445800781249996,218.72314453125,4894.5
5901,20.445800781249996,218.72412109375,4896.5
5902,20.445800781249996,218.72509765625003,4899.5
5903,20.445800781249996,218.72607421875,4902.0
5904,20.44580078125,218.72705078125,4904.5
5905,20.445800781249996,218.72802734375,4907.0
5906,20.445800781249996,218.72900390625003,4910.5
5907,20.445800781249996,218.72998046875,4914.0
5908,20.445800781249996,218.73095703125,4917.0
5909,20.445800781249996,218.73193359375,4920.0
5910,20.445800781249996,218.73291015625,4923.5
5911,20.44580078125,218.73388671875,4926.5
5912,20.445800781249996,218.73486328125,4930.0
5913,20.445800781249996,218.73583984375,4934.0
5914,20.445800781249996,218.73681640625,4938.0
5915,20.445800781249996,218.73779296875003,4942.0
5916,20.445800781249996,218.73876953125,4946.5
5917,20.445800781249996,218.73974609375,4951.0
5918,20.44580078125,218.74072265625003,4955.5
5919,20.445800781249996,218.74169921875,4958.5
5920,20.445800781249996,218.74267578125,4959.5
5921,20.445800781249996,218.74365234375,4959.0
5922,20.445800781249996,218.74462890625,4958.0
5923,20.444824218750004,218.62255859375,4825.0
5924,20.444824218749996,218.62353515625,4824.5
5925,20.444824218750004,218.62451171875,4823.5
5926,20.444824218750004,218.62548828125,4823.0
5927,20.444824218750004,218.62646484375003,4822.0
5928,20.444824218750004,218.62744140625,4821.5
5929,20.444824218750004,218.62841796875,4821.0
5930,20.444824218750004,218.62939453125,4820.0
5931,20.444824218750004,218.63037109374997,4819.5
5932,20.444824218749996,218.63134765625,4819.0
5933,20.444824218750004,218.63232421875,4818.5
5934,20.444824218750004,218.63330078125,4818.0
5935,20.444824218750004,218.63427734375,4817.5
5936,20.444824218750004,218.63525390625,4817.0
5937,20.444824218750004,218.63623046875003,4816.5
5938,20.444824218750004,218.63720703125,4816.0
5939,20.444824218750004,218.63818359375,4816.0
5940,20.444824218750004,218.63916015625,4815.5
5941,20.444824218750004,218.64013671875003,4815.0
5942,20.444824218750004,218.64111328125,4815.0
5943,20.444824218750004,218.64208984375,4814.0
5944,20.444824218749996,218.64306640625,4813.0
5945,20.444824218750004,218.64404296875,4810.5
5946,20.444824218750004,218.64501953125,4804.0
5947,20.444824218750004,218.64599609375,4790.5
5948,20.444824218750004,218.64697265625,4784.5
5949,20.444824218750004,218.64794921875,4785.0
5950,20.444824218750004,218.64892578125003,4787.0
5951,20.444824218750004,218.64990234375,4788.0
5952,20.444824218750004,218.65087890625,4788.0
5953,20.444824218749996,218.65185546875003,4787.0
5954,20.444824218750004,218.65283203125,4785.5
5955,20.444824218749996,218.65380859375,4784.0
5956,20.444824218750004,218.65478515625,4781.5
5957,20.444824218750004,218.65576171875,4779.5
5958,20.444824218750004,218.65673828125,4777.0
5959,20.444824218750004,218.65771484375,4774.0
5960,20.444824218750004,218.65869140625,4771.0
5961,20.444824218750004,218.65966796875,4768.0
5962,20.444824218750004,218.66064453125,4765.0
5963,20.444824218749996,218.66162109374997,4761.5
5964,20.444824218750004,218.66259765625,4757.5
5965,20.444824218750004,218.66357421875,4754.0
5966,20.444824218749996,218.66455078125,4749.5
5967,20.444824218750004,218.66552734375,4744.5
5968,20.444824218749996,218.66650390625,4739.5
5969,20.444824218750004,218.66748046875003,4733.5
5970,20.444824218750004,218.66845703125,4727.0
5971,20.444824218750004,218.66943359375,4719.5
5972,20.444824218750004,218.67041015625,4711.5
5973,20.444824218750004,218.67138671875003,4703.5
5974,20.444824218750004,218.67236328125,4698.5
5975,20.444824218750004,218.67333984375,4703.5
5976,20.444824218750004,218.67431640625003,4712.5
5977,20.444824218750004,218.67529296875,4722.5
5978,20.444824218750004,218.67626953125,4732.0
5979,20.444824218750004,218.67724609375,4741.0
5980,20.444824218750004,218.67822265625,4749.0
5981,20.444824218750004,218.67919921875,4756.0
5982,20.444824218750004,218.68017578125,4763.0
5983,20.444824218750004,218.68115234375,4769.0
5984,20.444824218750004,218.68212890625,4775.0
5985,20.444824218750004,218.68310546875,4780.5
5986,20.444824218749996,218.68408203124997,4786.0
5987,20.444824218750004,218.68505859375,4791.0
5988,20.444824218750004,218.68603515625,4796.0
5989,20.444824218750004,218.68701171875,4800.5
5990,20.444824218750004,218.68798828125,4805.0
5991,20.444824218750004,218.68896484375,4809.5
5992,20.444824218749996,218.68994140625,4814.0
5993,20.444824218750004,218.69091796875,4818.0
5994,20.444824218749996,218.69189453125,4822.5
5995,20.444824218750004,218.69287109374997,4826.5
5996,20.444824218750004,218.69384765625003,4830.5
5997,20.444824218750004,218.69482421875,4834.5
5998,20.444824218750004,218.69580078125,4839.0
5999,20.444824218750004,218.69677734375,4843.0
6000,20.444824218750004,218.69775390625,4847.5
6001,20.444824218749996,218.69873046875,4852.0
6002,20.444824218749996,218.69970703125,4856.5
6003,20.444824218749996,218.70068359375,4861.0
6004,20.444824218750004,218.70166015625,4865.5
6005,20.444824218750004,218.70263671875003,4870.5
6006,20.444824218750004,218.70361328125,4875.0
6007,20.444824218750004,218.70458984375,4878.5
6008,20.444824218750004,218.70556640625003,4882.5
6009,20.444824218749996,218.70654296875003,4885.5
6010,20.444824218750004,218.70751953125,4886.5
6011,20.444824218750004,218.70849609375,4887.0
6012,20.444824218750004,218.70947265625,4887.5
6013,20.444824218750004,218.71044921875,4887.5
6014,20.444824218750004,218.71142578125,4886.5
6015,20.444824218750004,218.71240234375,4886.0
6016,20.444824218750004,218.71337890625,4885.5
6017,20.444824218750004,218.71435546875,4885.0
6018,20.444824218750004,218.71533203125003,4885.0
6019,20.444824218750004,218.71630859375003,4885.5
6020,20.444824218749996,218.71728515625,4885.5
6021,20.444824218750004,218.71826171875,4886.0
6022,20.444824218750004,218.71923828125,4887.0
6023,20.444824218750004,218.72021484375,4887.5
6024,20.444824218750004,218.72119140625,4888.5
6025,20.444824218750004,218.72216796875,4889.0
6026,20.444824218750004,218.72314453125,4889.5
6027,20.444824218750004,218.72412109375,4893.0
6028,20.444824218750004,218.72509765625003,4896.0
6029,20.444824218750004,218.72607421875,4899.0
6030,20.444824218750004,218.72705078125,4902.0
6031,20.444824218750004,218.72802734375003,4905.0
6032,20.444824218750004,218.72900390625003,4907.5
6033,20.444824218750004,218.72998046875,4911.0
6034,20.444824218749996,218.73095703125,4914.0
6035,20.444824218750004,218.73193359375,4917.0
6036,20.444824218749996,218.73291015625,4920.5
6037,20.444824218750004,218.73388671875003,4924.0
6038,20.444824218750004,218.73486328125,4927.5
6039,20.444824218749996,218.73583984375,4931.0
6040,20.444824218750004,218.73681640625,4935.0
6041,20.444824218750004,218.73779296874997,4939.5
6042,20.444824218750004,218.73876953125,4943.5
6043,20.444824218750004,218.73974609375,4948.0
6044,20.444824218750004,218.74072265625003,4952.5
6045,20.444824218749996,218.74169921875,4956.0
6046,20.444824218750004,218.74267578125,4956.5
6047,20.444824218750004,218.74365234375,4956.5
6048,20.444824218749996,218.74462890625,4956.0
6049,20.443847656250004,218.62255859375,4826.0
6050,20.443847656250004,218.62353515625,4825.0
6051,20.44384765625,218.62451171875,4824.0
6052,20.443847656250004,218.62548828125,4823.5
6053,20.443847656250004,218.62646484375003,4823.0
6054,20.44384765625,218.62744140625,4822.0
6055,20.443847656250004,218.62841796875,4821.5
6056,20.443847656250004,218.62939453125,4821.0
6057,20.443847656250004,218.63037109374997,4820.0
6058,20.443847656250004,218.63134765625,4819.5
6059,20.443847656250004,218.63232421875,4819.0
6060,20.443847656250004,218.63330078125,4818.5
6061,20.443847656250004,218.63427734375,4818.0
6062,20.44384765625,218.63525390625,4817.5
6063,20.443847656250004,218.63623046875003,4817.5
6064,20.443847656250004,218.63720703125,4817.0
6065,20.443847656250004,218.63818359375,4816.5
6066,20.443847656250004,218.63916015625,4816.5
6067,20.443847656250004,218.64013671875003,4816.0
6068,20.443847656250004,218.64111328125,4816.0
6069,20.443847656250004,218.64208984375,4815.5
6070,20.443847656250004,218.64306640625,4815.0
6071,20.443847656250004,218.64404296875,4814.0
6072,20.44384765625,218.64501953125,4811.5
6073,20.443847656250004,218.64599609375,4801.5
6074,20.443847656250004,218.64697265625,4788.0
6075,20.44384765625,218.64794921875,4787.5
6076,20.443847656250004,218.64892578125003,4789.0
6077,20.443847656250004,218.64990234375,4789.0
6078,20.443847656250004,218.65087890625,4789.0
6079,20.443847656250004,218.65185546875003,4787.5
6080,20.443847656250004,218.65283203125,4786.0
6081,20.44384765625,218.65380859375,4784.0
6082,20.443847656250004,218.65478515625,4782.0
6083,20.443847656250004,218.65576171875,4779.5
6084,20.443847656250004,218.65673828125,4776.5
6085,20.443847656250004,218.65771484375003,4774.0
6086,20.443847656250004,218.65869140625,4771.0
6087,20.443847656250004,218.65966796875,4767.5
6088,20.443847656250004,218.66064453125,4764.0
6089,20.443847656250004,218.66162109374997,4760.5
6090,20.443847656250004,218.66259765625,4756.5
6091,20.443847656250004,218.66357421875,4752.5
6092,20.443847656250004,218.66455078125,4748.0
6093,20.443847656250004,218.66552734375,4743.0
6094,20.443847656250004,218.66650390625,4737.5
6095,20.443847656250004,218.66748046875,4731.0
6096,20.443847656250004,218.66845703125,4724.0
6097,20.443847656250004,218.66943359375,4716.0
6098,20.443847656250004,218.67041015625,4707.5
6099,20.443847656250004,218.67138671875003,4699.0
6100,20.443847656250004,218.67236328125,4693.0
6101,20.443847656250004,218.67333984375,4700.0
6102,20.443847656250004,218.67431640625003,4709.5
6103,20.443847656250004,218.67529296875,4720.0
6104,20.443847656250004,218.67626953125,4729.5
6105,20.443847656250004,218.67724609375,4738.0
6106,20.443847656250004,218.67822265625,4746.5
6107,20.443847656250004,218.67919921875,4754.0
6108,20.443847656250004,218.68017578125,4760.5
6109,20.443847656250004,218.68115234374997,4767.0
6110,20.443847656250004,218.68212890625,4773.0
6111,20.443847656250004,218.68310546875003,4779.0
6112,20.443847656250004,218.68408203125003,4784.0
6113,20.443847656250004,218.68505859375,4789.5
6114,20.443847656250004,218.68603515625,4794.0
6115,20.443847656250004,218.68701171875,4799.0
6116,20.443847656250004,218.68798828125,4803.5
6117,20.443847656250004,218.68896484375,4808.0
6118,20.443847656250004,218.68994140625,4812.0
6119,20.443847656250004,218.69091796875,4816.5
6120,20.44384765625,218.69189453125,4820.5
6121,20.44384765625,218.69287109374997,4824.5
6122,20.443847656250004,218.69384765625003,4829.0
6123,20.443847656250004,218.69482421875,4833.0
6124,20.443847656250004,218.69580078125,4837.0
6125,20.443847656250004,218.69677734375,4841.0
6126,20.443847656250004,218.69775390625,4845.5
6127,20.44384765625,218.69873046875,4849.5
6128,20.443847656250004,218.69970703125,4854.0
6129,20.443847656250004,218.70068359375,4858.5
6130,20.443847656250004,218.70166015625,4863.5
6131,20.443847656250004,218.70263671875003,4868.0
6132,20.44384765625,218.70361328125,4873.0
6133,20.443847656250004,218.70458984375,4877.0
6134,20.443847656250004,218.70556640625003,4880.0
6135,20.443847656250004,218.70654296874997,4882.5
6136,20.443847656250004,218.70751953125,4884.0
6137,20.443847656250004,218.70849609375,4885.5
6138,20.443847656250004,218.70947265625,4886.5
6139,20.443847656250004,218.71044921875,4886.0
6140,20.44384765625,218.71142578125,4885.0
6141,20.44384765625,218.71240234375,4884.0
6142,20.443847656250004,218.71337890625,4883.5
6143,20.443847656250004,218.71435546875,4883.5
6144,20.443847656250004,218.71533203124997,4883.5
6145,20.443847656250004,218.71630859375003,4883.5
6146,20.443847656250004,218.71728515625,4884.0
6147,20.443847656250004,218.71826171875,4884.5
6148,20.443847656250004,218.71923828125,4885.0
6149,20.443847656250004,218.72021484375,4885.5
6150,20.443847656250004,218.72119140625,4886.5
6151,20.443847656250004,218.72216796875,4887.5
6152,20.443847656250004,218.72314453125,4888.5
6153,20.443847656250004,218.72412109375,4891.0
6154,20.44384765625,218.72509765625003,4893.5
6155,20.443847656250004,218.72607421875,4896.0
6156,20.443847656250004,218.72705078125,4898.0
6157,20.443847656250004,218.72802734375,4900.0
6158,20.443847656250004,218.72900390625003,4904.0
6159,20.443847656250004,218.72998046875,4907.5
6160,20.443847656250004,218.73095703125,4911.0
6161,20.443847656250004,218.73193359375,4914.5
6162,20.443847656250004,218.73291015625,4917.5
6163,20.443847656250004,218.73388671875003,4921.0
6164,20.443847656250004,218.73486328125,4924.5
6165,20.443847656250004,218.73583984375,4928.5
6166,20.443847656250004,218.73681640625,4932.5
6167,20.443847656250004,218.73779296874997,4936.5
6168,20.443847656250004,218.73876953125,4940.5
6169,20.443847656250004,218.73974609375,4944.5
6170,20.443847656250004,218.74072265625003,4948.5
6171,20.443847656250004,218.74169921875,4951.5
6172,20.44384765625,218.74267578125,4953.0
6173,20.443847656250004,218.74365234375,4953.5
6174,20.44384765625,218.74462890625,4954.0
6175,20.44287109375,218.62255859375,4826.5
6176,20.44287109375,218.62353515625,4825.5
6177,20.44287109375,218.62451171875,4824.5
6178,20.44287109375,218.62548828125,4824.0
6179,20.44287109375,218.62646484375003,4823.5
6180,20.44287109375,218.62744140625,4822.5
6181,20.44287109375,218.62841796875,4822.0
6182,20.44287109375,218.62939453125,4821.5
6183,20.44287109375,218.63037109374997,4821.0
6184,20.44287109375,218.63134765625,4820.5
6185,20.44287109375,218.63232421875,4820.0
6186,20.44287109375,218.63330078125,4819.5
6187,20.44287109375,218.63427734375,4819.0
6188,20.44287109375,218.63525390625,4818.5
6189,20.44287109375,218.63623046875003,4818.0
6190,20.44287109375,218.63720703125,4817.5
6191,20.44287109375,218.63818359375,4817.5
6192,20.44287109375,218.63916015625,4817.0
6193,20.44287109375,218.64013671875003,4817.0
6194,20.44287109375,218.64111328125,4817.0
6195,20.44287109375,218.64208984375,4816.5
6196,20.44287109375,218.64306640625,4816.5
6197,20.44287109375,218.64404296875,4815.5
6198,20.44287109375,218.64501953125,4812.0
6199,20.44287109375,218.64599609375,4804.0
6200,20.44287109375,218.64697265625,4797.0
6201,20.44287109375,218.64794921875,4794.5
6202,20.44287109375,218.64892578125003,4793.5
6203,20.44287109375,218.64990234375,4792.5
6204,20.44287109375,218.65087890625,4791.0
6205,20.44287109375,218.65185546875003,4789.0
6206,20.44287109375,218.65283203125,4787.0
6207,20.44287109375,218.65380859375,4784.5
6208,20.44287109375,218.65478515625,4782.0
6209,20.44287109375,218.65576171875,4779.5
6210,20.44287109375,218.65673828125,4777.0
6211,20.44287109375,218.65771484375,4774.0
6212,20.44287109375,218.65869140625,4770.5
6213,20.44287109375,218.65966796875,4767.5
6214,20.44287109375,218.66064453125,4764.0
6215,20.44287109375,218.66162109374997,4760.0
6216,20.44287109375,218.66259765625,4756.0
6217,20.44287109375,218.66357421875,4752.0
6218,20.44287109375,218.66455078125,4747.0
6219,20.44287109375,218.66552734375,4742.0
6220,20.44287109375,218.66650390625,4736.5
6221,20.44287109375,218.66748046875003,4730.0
6222,20.44287109375,218.66845703125,4722.5
6223,20.44287109375,218.66943359375,4714.5
6224,20.44287109375,218.67041015625,4705.5
6225,20.44287109375,218.67138671875003,4697.5
6226,20.44287109375,218.67236328125,4694.0
6227,20.44287109375,218.67333984375,4699.5
6228,20.44287109375,218.67431640625003,4708.5
6229,20.44287109375,218.67529296875,4718.5
6230,20.44287109375,218.67626953125,4728.0
6231,20.44287109375,218.67724609375,4736.5
6232,20.44287109375,218.67822265625,4745.0
6233,20.44287109375,218.67919921875,4752.5
6234,20.44287109375,218.68017578125003,4759.0
6235,20.44287109375,218.68115234374997,4765.5
6236,20.44287109375,218.68212890625,4771.5
6237,20.44287109375,218.68310546875003,4777.5
6238,20.44287109375,218.68408203125003,4782.5
6239,20.44287109375,218.68505859375,4788.0
6240,20.44287109375,218.68603515625,4793.0
6241,20.44287109375,218.68701171875,4797.5
6242,20.44287109375,218.68798828125,4802.0
6243,20.44287109375,218.68896484375,4806.5
6244,20.44287109375,218.68994140625003,4810.5
6245,20.44287109375,218.69091796875,4815.0
6246,20.44287109375,218.69189453125,4819.0
6247,20.44287109375,218.69287109374997,4823.0
6248,20.44287109375,218.69384765625003,4827.0
6249,20.44287109375,218.69482421875,4831.0
6250,20.44287109375,218.69580078125,4835.0
6251,20.44287109375,218.69677734375,4839.0
6252,20.44287109375,218.69775390625,4843.5
6253,20.44287109375,218.69873046875,4847.5
6254,20.44287109375,218.69970703125,4852.0
6255,20.44287109375,218.70068359375,4856.5
6256,20.44287109375,218.70166015625,4861.0
6257,20.44287109375,218.70263671875003,4866.0
6258,20.44287109375,218.70361328125,4871.0
6259,20.44287109375,218.70458984375,4876.5
6260,20.44287109375,218.70556640625003,4879.0
6261,20.44287109375,218.70654296874997,4880.0
6262,20.44287109375,218.70751953125,4881.5
6263,20.44287109375,218.70849609375,4883.0
6264,20.44287109375,218.70947265625,4884.0
6265,20.44287109375,218.71044921875,4883.5
6266,20.44287109375,218.71142578125,4883.0
6267,20.44287109375,218.71240234375,4882.0
6268,20.44287109375,218.71337890625,4881.5
6269,20.44287109375,218.71435546875,4881.5
6270,20.44287109375,218.71533203125003,4881.5
6271,20.44287109375,218.71630859375003,4881.5
6272,20.44287109375,218.71728515625,4882.0
6273,20.44287109375,218.71826171875,4882.5
6274,20.44287109375,218.71923828125,4883.0
6275,20.44287109375,218.72021484375,4883.5
6276,20.44287109375,218.72119140625,4884.5
6277,20.44287109375,218.72216796875,4885.5
6278,20.44287109375,218.72314453125,4887.0
6279,20.44287109375,218.72412109375,4889.0
6280,20.44287109375,218.72509765625003,4891.0
6281,20.44287109375,218.72607421875,4893.5
6282,20.44287109375,218.72705078125,4896.0
6283,20.44287109375,218.72802734375003,4900.0
6284,20.44287109375,218.72900390624997,4902.0
6285,20.44287109375,218.72998046875,4904.5
6286,20.44287109375,218.73095703125,4908.0
6287,20.44287109375,218.73193359375,4911.5
6288,20.44287109375,218.73291015625,4914.5
6289,20.44287109375,218.73388671875003,4918.0
6290,20.44287109375,218.73486328125,4922.0
6291,20.44287109375,218.73583984375,4925.5
6292,20.44287109375,218.73681640625,4929.5
6293,20.44287109375,218.73779296874997,4933.0
6294,20.44287109375,218.73876953125,4937.0
6295,20.44287109375,218.73974609375,4941.0
6296,20.44287109375,218.74072265625003,4945.0
6297,20.44287109375,218.74169921875,4948.0
6298,20.44287109375,218.74267578125,4950.0
6299,20.44287109375,218.74365234375,4950.5
6300,20.44287109375,218.74462890625,4951.5
6301,20.441894531250004,218.62255859375,4827.0
6302,20.441894531250004,218.62353515625,4826.0
6303,20.441894531250004,218.62451171875,4825.0
6304,20.441894531250004,218.62548828125,4824.5
6305,20.441894531250004,218.62646484375003,4824.0
6306,20.441894531250004,218.62744140625,4823.0
6307,20.441894531250004,218.62841796875,4822.5
6308,20.441894531250004,218.62939453125,4822.0
6309,20.441894531250004,218.63037109374997,4821.5
6310,20.441894531250004,218.63134765625,4821.0
6311,20.441894531250004,218.63232421875,4820.5
6312,20.441894531250004,218.63330078125,4820.0
6313,20.441894531250004,218.63427734375,4819.5
6314,20.441894531250004,218.63525390625,4819.0
6315,20.441894531250004,218.63623046875003,4818.5
6316,20.441894531250004,218.63720703125,4818.5
6317,20.441894531250004,218.63818359375,4818.0
6318,20.441894531250004,218.63916015625,4818.0
6319,20.441894531250004,218.64013671875003,4817.5
6320,20.441894531250004,218.64111328125,4817.5
6321,20.441894531250004,218.64208984375,4817.5
6322,20.441894531250004,218.64306640625,4818.0
6323,20.441894531250004,218.64404296875,4818.0
6324,20.441894531250004,218.64501953125,4817.5
6325,20.441894531250004,218.64599609375,4813.5
6326,20.441894531250004,218.64697265625,4807.5
6327,20.441894531250004,218.64794921875,4803.0
6328,20.441894531250004,218.64892578125003,4799.0
6329,20.441894531250004,218.64990234375,4796.0
6330,20.441894531250004,218.65087890625,4793.5
6331,20.441894531250004,218.65185546875003,4791.0
6332,20.441894531250004,218.65283203125,4788.5
6333,20.441894531250004,218.65380859375,4785.5
6334,20.441894531250004,218.65478515625,4783.0
6335,20.441894531250004,218.65576171875,4780.0
6336,20.441894531250004,218.65673828125,4777.0
6337,20.441894531250004,218.65771484375003,4774.0
6338,20.441894531250004,218.65869140625,4771.0
6339,20.441894531250004,218.65966796875,4767.5
6340,20.441894531250004,218.66064453125,4764.0
6341,20.441894531250004,218.66162109374997,4760.0
6342,20.441894531250004,218.66259765625,4756.0
6343,20.441894531250004,218.66357421875,4752.0
6344,20.441894531250004,218.66455078125,4747.0
6345,20.441894531250004,218.66552734375,4742.0
6346,20.441894531250004,218.66650390625,4736.5
6347,20.441894531250004,218.66748046875,4730.0
6348,20.441894531250004,218.66845703125,4722.5
6349,20.441894531250004,218.66943359375,4714.5
6350,20.441894531250004,218.67041015625,4705.5
6351,20.441894531250004,218.67138671875003,4696.5
6352,20.441894531250004,218.67236328125,4693.0
6353,20.441894531250004,218.67333984375,4699.5
6354,20.441894531250004,218.67431640625003,4709.0
6355,20.441894531250004,218.67529296875,4718.5
6356,20.441894531250004,218.67626953125,4727.5
6357,20.441894531250004,218.67724609375,4736.0
6358,20.441894531250004,218.67822265625,4744.0
6359,20.441894531250004,218.67919921875,4751.5
6360,20.441894531250004,218.68017578125003,4758.5
6361,20.441894531250004,218.68115234375,4764.5
6362,20.441894531250004,218.68212890625,4770.5
6363,20.441894531250004,218.68310546875,4776.5
6364,20.441894531250004,218.68408203125003,4781.5
6365,20.441894531250004,218.68505859375,4786.5
6366,20.441894531250004,218.68603515625,4791.5
6367,20.441894531250004,218.68701171875,4796.0
6368,20.441894531250004,218.68798828125,4800.5
6369,20.441894531250004,218.68896484375,4805.0
6370,20.441894531250004,218.68994140625003,4809.5
6371,20.441894531250004,218.69091796875,4813.5
6372,20.441894531250004,218.69189453125,4817.5
6373,20.441894531250004,218.69287109374997,4821.5
6374,20.441894531250004,218.69384765625003,4825.5
6375,20.441894531250004,218.69482421875,4829.5
6376,20.441894531250004,218.69580078125,4833.0
6377,20.441894531250004,218.69677734375,4837.0
6378,20.441894531250004,218.69775390625,4841.0
6379,20.441894531250004,218.69873046875,4845.0
6380,20.441894531250004,218.69970703125,4849.5
6381,20.441894531250004,218.70068359375,4853.5
6382,20.441894531250004,218.70166015625,4858.0
6383,20.441894531250004,218.70263671875003,4862.5
6384,20.441894531250004,218.70361328125,4867.5
6385,20.441894531250004,218.70458984375,4872.0
6386,20.441894531250004,218.70556640625003,4875.0
6387,20.441894531250004,218.70654296874997,4876.0
6388,20.441894531250004,218.70751953125,4877.5
6389,20.441894531250004,218.70849609375,4879.5
6390,20.441894531250004,218.70947265625,4881.5
6391,20.441894531250004,218.71044921875,4881.0
6392,20.441894531250004,218.71142578125,4880.5
6393,20.441894531250004,218.71240234375,4879.5
6394,20.441894531250004,218.71337890625,4879.0
6395,20.441894531250004,218.71435546875,4879.0
6396,20.441894531250004,218.71533203125003,4879.0
6397,20.441894531250004,218.71630859375003,4879.5
6398,20.441894531250004,218.71728515625,4879.5
6399,20.441894531250004,218.71826171875,4880.0
6400,20.441894531250004,218.71923828125,4881.0
6401,20.441894531250004,218.72021484375,4881.5
6402,20.441894531250004,218.72119140625,4882.5
6403,20.441894531250004,218.72216796875,4884.0
6404,20.441894531250004,218.72314453125,4885.5
6405,20.441894531250004,218.72412109375,4887.0
6406,20.441894531250004,218.72509765625003,4888.5
6407,20.441894531250004,218.72607421875,4890.5
6408,20.441894531250004,218.72705078125,4892.0
6409,20.441894531250004,218.72802734375,4894.0
6410,20.441894531250004,218.72900390625003,4897.5
6411,20.441894531250004,218.72998046875,4901.5
6412,20.441894531250004,218.73095703125,4905.0
6413,20.441894531250004,218.73193359375,4908.5
6414,20.441894531250004,218.73291015625,4912.0
6415,20.441894531250004,218.73388671875003,4915.5
6416,20.441894531250004,218.73486328125,4919.0
6417,20.441894531250004,218.73583984375,4922.5
6418,20.441894531250004,218.73681640625,4926.0
6419,20.441894531250004,218.73779296874997,4930.0
6420,20.441894531250004,218.73876953125,4934.0
6421,20.441894531250004,218.73974609375,4937.5
6422,20.441894531250004,218.74072265625003,4941.5
6423,20.441894531250004,218.74169921875,4945.5
6424,20.441894531250004,218.74267578125,4946.5
6425,20.441894531250004,218.74365234375,4947.5
6426,20.441894531250004,218.74462890625,4948.5
6427,20.44091796875,218.62255859375,4827.0
6428,20.44091796875,218.62353515625,4826.5
6429,20.44091796875,218.62451171875,4825.5
6430,20.44091796875,218.62548828125,4825.0
6431,20.44091796875,218.62646484375003,4824.5
6432,20.44091796875,218.62744140625,4823.5
6433,20.44091796875,218.62841796875,4823.0
6434,20.44091796875,218.62939453125,4822.5
6435,20.44091796875,218.63037109374997,4822.0
6436,20.44091796875,218.63134765625,4821.5
6437,20.44091796875,218.63232421875,4821.0
6438,20.44091796875,218.63330078125,4820.5
6439,20.44091796875,218.63427734375,4820.0
6440,20.44091796875,218.63525390625,4819.5
6441,20.44091796875,218.63623046875,4819.0
6442,20.44091796875,218.63720703125,4819.0
6443,20.44091796875,218.63818359375,4818.5
6444,20.44091796875,218.63916015625003,4818.5
6445,20.44091796875,218.64013671875003,4818.5
6446,20.44091796875,218.64111328125,4818.5
6447,20.44091796875,218.64208984375,4818.5
6448,20.44091796875,218.64306640625,4818.5
6449,20.44091796875,218.64404296875,4818.5
6450,20.44091796875,218.64501953125,4817.5
6451,20.44091796875,218.64599609375,4817.0
6452,20.44091796875,218.64697265625,4817.0
6453,20.44091796875,218.64794921875,4810.0
6454,20.44091796875,218.64892578125003,4804.0
6455,20.440917968750004,218.64990234375,4799.5
6456,20.44091796875,218.65087890625,4796.0
6457,20.44091796875,218.65185546875003,4792.5
6458,20.44091796875,218.65283203125,4789.5
6459,20.44091796875,218.65380859375,4787.0
6460,20.44091796875,218.65478515625,4784.0
6461,20.44091796875,218.65576171875,4781.0
6462,20.44091796875,218.65673828125,4778.0
6463,20.44091796875,218.65771484375003,4774.5
6464,20.44091796875,218.65869140625,4771.5
6465,20.44091796875,218.65966796875,4768.0
6466,20.44091796875,218.66064453125,4764.5
6467,20.44091796875,218.66162109374997,4760.5
6468,20.44091796875,218.66259765625,4756.5
6469,20.44091796875,218.66357421875,4752.5
6470,20.44091796875,218.66455078125,4747.5
6471,20.44091796875,218.66552734375,4742.5
6472,20.44091796875,218.66650390625,4737.0
6473,20.44091796875,218.66748046875,4731.0
6474,20.44091796875,218.66845703125,4724.0
6475,20.44091796875,218.66943359375,4716.5
6476,20.44091796875,218.67041015625,4709.0
6477,20.44091796875,218.67138671875003,4701.5
6478,20.44091796875,218.67236328125,4697.5
6479,20.44091796875,218.67333984375,4702.5
6480,20.44091796875,218.67431640625003,4710.5
6481,20.44091796875,218.67529296875,4719.5
6482,20.44091796875,218.67626953125,4728.5
6483,20.44091796875,218.67724609375,4736.5
6484,20.44091796875,218.67822265625,4744.5
6485,20.44091796875,218.67919921875,4751.5
6486,20.44091796875,218.68017578125,4758.0
6487,20.44091796875,218.68115234375,4764.5
6488,20.44091796875,218.68212890625,4770.0
6489,20.44091796875,218.68310546875003,4775.5
6490,20.44091796875,218.68408203125003,4781.0
6491,20.44091796875,218.68505859375,4786.0
6492,20.44091796875,218.68603515625,4790.5
6493,20.44091796875,218.68701171875,4795.0
6494,20.44091796875,218.68798828125,4799.5
6495,20.44091796875,218.68896484375,4804.0
6496,20.44091796875,218.68994140625,4808.0
6497,20.44091796875,218.69091796875,4812.0
6498,20.44091796875,218.69189453125,4816.0
6499,20.44091796875,218.69287109374997,4820.0
6500,20.44091796875,218.69384765625003,4823.5
6501,20.44091796875,218.69482421875,4827.5
6502,20.44091796875,218.69580078125,4831.0
6503,20.44091796875,218.69677734375,4835.0
6504,20.44091796875,218.69775390625,4839.0
6505,20.44091796875,218.69873046875,4842.5
6506,20.44091796875,218.69970703125,4846.5
6507,20.44091796875,218.70068359375,4850.5
6508,20.44091796875,218.70166015625,4855.0
6509,20.44091796875,218.70263671875003,4859.0
6510,20.44091796875,218.70361328125,4863.5
6511,20.44091796875,218.70458984375,4867.5
6512,20.44091796875,218.70556640625003,4873.0
6513,20.44091796875,218.70654296874997,4872.5
6514,20.44091796875,218.70751953125,4874.0
6515,20.44091796875,218.70849609375,4876.0
6516,20.44091796875,218.70947265625,4877.0
6517,20.44091796875,218.71044921875,4877.5
6518,20.44091796875,218.71142578125,4877.0
6519,20.44091796875,218.71240234375,4877.0
6520,20.44091796875,218.71337890625,4876.5
6521,20.44091796875,218.71435546875,4876.5
6522,20.44091796875,218.71533203125003,4876.5
6523,20.44091796875,218.71630859375003,4877.0
6524,20.44091796875,218.71728515625,4877.5
6525,20.44091796875,218.71826171875,4878.0
6526,20.44091796875,218.71923828125,4878.5
6527,20.44091796875,218.72021484375,4879.5
6528,20.44091796875,218.72119140625,4880.0
6529,20.44091796875,218.72216796875,4881.5
6530,20.44091796875,218.72314453125,4882.5
6531,20.44091796875,218.72412109375,4884.0
6532,20.44091796875,218.72509765625003,4886.0
6533,20.44091796875,218.72607421875,4887.5
6534,20.44091796875,218.72705078125,4889.5
6535,20.44091796875,218.72802734375003,4892.0
6536,20.44091796875,218.72900390624997,4895.0
6537,20.44091796875,218.72998046875,4898.5
6538,20.44091796875,218.73095703125,4902.0
6539,20.44091796875,218.73193359375,4905.5
6540,20.44091796875,218.73291015625,4909.0
6541,20.44091796875,218.73388671875,4912.5
6542,20.44091796875,218.73486328125,4916.0
6543,20.44091796875,218.73583984375,4919.5
6544,20.44091796875,218.73681640625,4923.0
6545,20.44091796875,218.73779296875003,4926.5
6546,20.44091796875,218.73876953125,4930.0
6547,20.44091796875,218.73974609375,4934.0
6548,20.44091796875,218.74072265625003,4937.0
6549,20.44091796875,218.74169921875,4939.5
6550,20.44091796875,218.74267578125,4942.5
6551,20.44091796875,218.74365234375,4944.0
6552,20.44091796875,218.74462890625,4946.0
6553,20.43994140625,218.62255859375,4827.5
6554,20.43994140625,218.62353515625,4827.0
6555,20.43994140625,218.62451171875,4826.0
6556,20.43994140625,218.62548828125,4825.5
6557,20.43994140625,218.62646484375003,4824.5
6558,20.43994140625,218.62744140625,4824.0
6559,20.43994140625,218.62841796875,4823.5
6560,20.43994140625,218.62939453125,4823.0
6561,20.43994140625,218.63037109374997,4822.5
6562,20.43994140625,218.63134765625,4821.5
6563,20.43994140625,218.63232421875,4821.0
6564,20.43994140625,218.63330078125,4821.0
6565,20.43994140625,218.63427734375,4820.5
6566,20.43994140625,218.63525390625,4820.0
6567,20.43994140625,218.63623046875003,4819.5
6568,20.439941406250007,218.63720703125,4819.5
6569,20.43994140625,218.63818359375,4819.0
6570,20.43994140625,218.63916015625,4819.0
6571,20.43994140625,218.64013671875003,4819.0
6572,20.43994140625,218.64111328125,4818.5
6573,20.43994140625,218.64208984375,4818.5
6574,20.43994140625,218.64306640625,4818.5
6575,20.43994140625,218.64404296875,4819.0
6576,20.43994140625,218.64501953125,4818.5
6577,20.43994140625,218.64599609375,4816.5
6578,20.43994140625,218.64697265625,4815.5
6579,20.43994140625,218.64794921875,4811.0
6580,20.439941406250007,218.64892578125003,4806.0
6581,20.43994140625,218.64990234375,4802.0
6582,20.439941406250007,218.65087890625,4798.0
6583,20.43994140625,218.65185546875003,4794.5
6584,20.43994140625,218.65283203125,4791.0
6585,20.43994140625,218.65380859375,4788.0
6586,20.43994140625,218.65478515625,4785.0
6587,20.43994140625,218.65576171875,4782.0
6588,20.43994140625,218.65673828125,4778.5
6589,20.43994140625,218.65771484375003,4775.5
6590,20.43994140625,218.65869140625,4772.0
6591,20.43994140625,218.65966796875,4769.0
6592,20.43994140625,218.66064453125,4765.0
6593,20.43994140625,218.66162109374997,4761.5
6594,20.439941406250007,218.66259765625,4757.5
6595,20.43994140625,218.66357421875,4753.5
6596,20.43994140625,218.66455078125,4749.0
6597,20.43994140625,218.66552734375,4744.0
6598,20.43994140625,218.66650390625,4739.0
6599,20.43994140625,218.66748046875,4733.5
6600,20.43994140625,218.66845703125,4727.0
6601,20.43994140625,218.66943359375,4720.0
6602,20.43994140625,218.67041015625,4713.0
6603,20.43994140625,218.67138671875003,4706.0
6604,20.43994140625,218.67236328125,4700.0
6605,20.43994140625,218.67333984375,4705.5
6606,20.43994140625,218.67431640625003,4713.5
6607,20.43994140625,218.67529296875,4722.0
6608,20.43994140625,218.67626953125,4730.0
6609,20.43994140625,218.67724609375,4738.0
6610,20.43994140625,218.67822265625,4745.5
6611,20.439941406250007,218.67919921875,4752.0
6612,20.43994140625,218.68017578125003,4758.5
6613,20.43994140625,218.68115234375,4764.5
6614,20.43994140625,218.68212890625,4770.0
6615,20.43994140625,218.68310546875,4775.5
6616,20.43994140625,218.68408203125003,4780.5
6617,20.43994140625,218.68505859375,4785.5
6618,20.43994140625,218.68603515625,4790.0
6619,20.43994140625,218.68701171875,4794.5
6620,20.43994140625,218.68798828125,4798.5
6621,20.43994140625,218.68896484375,4803.0
6622,20.43994140625,218.68994140625,4807.0
6623,20.43994140625,218.69091796875,4811.0
6624,20.43994140625,218.69189453125,4814.5
6625,20.43994140625,218.69287109374997,4818.5
6626,20.439941406250007,218.69384765625003,4822.0
6627,20.43994140625,218.69482421875,4825.5
6628,20.43994140625,218.69580078125,4829.5
6629,20.43994140625,218.69677734375,4833.0
6630,20.43994140625,218.69775390625,4836.5
6631,20.43994140625,218.69873046875,4840.0
6632,20.43994140625,218.69970703125,4844.0
6633,20.43994140625,218.70068359375,4847.5
6634,20.43994140625,218.70166015625,4851.5
6635,20.43994140625,218.70263671875003,4855.5
6636,20.43994140625,218.70361328125,4859.0
6637,20.43994140625,218.70458984375,4863.0
6638,20.43994140625,218.70556640625003,4866.0
6639,20.43994140625,218.70654296874997,4867.0
6640,20.43994140625,218.70751953125,4869.5
6641,20.439941406250007,218.70849609375,4872.0
6642,20.43994140625,218.70947265625,4873.5
6643,20.43994140625,218.71044921875,4874.0
6644,20.43994140625,218.71142578125,4874.0
6645,20.43994140625,218.71240234375,4873.5
6646,20.43994140625,218.71337890625,4873.5
6647,20.43994140625,218.71435546875,4873.5
6648,20.43994140625,218.71533203125003,4874.0
6649,20.439941406250007,218.71630859375003,4874.5
6650,20.43994140625,218.71728515625,4875.0
6651,20.43994140625,218.71826171875,4875.5
6652,20.43994140625,218.71923828125,4876.0
6653,20.43994140625,218.72021484375,4877.0
6654,20.43994140625,218.72119140625,4877.5
6655,20.43994140625,218.72216796875,4878.5
6656,20.43994140625,218.72314453125,4879.5
6657,20.43994140625,218.72412109375,4881.5
6658,20.43994140625,218.72509765625003,4883.0
6659,20.43994140625,218.72607421875,4885.0
6660,20.43994140625,218.72705078125,4886.5
6661,20.43994140625,218.72802734375,4888.5
6662,20.43994140625,218.72900390625003,4892.0
6663,20.43994140625,218.72998046875,4895.5
6664,20.43994140625,218.73095703125,4899.0
6665,20.43994140625,218.73193359375,4902.5
6666,20.43994140625,218.73291015625,4906.0
6667,20.43994140625,218.73388671875003,4909.5
6668,20.43994140625,218.73486328125,4913.0
6669,20.43994140625,218.73583984375,4916.5
6670,20.43994140625,218.73681640625,4920.0
6671,20.43994140625,218.73779296874997,4923.0
6672,20.43994140625,218.73876953125,4926.5
6673,20.43994140625,218.73974609375,4930.0
6674,20.43994140625,218.74072265625003,4934.0
6675,20.43994140625,218.74169921875,4938.0
6676,20.43994140625,218.74267578125,4939.5
6677,20.43994140625,218.74365234375,4941.0
6678,20.43994140625,218.74462890625,4943.0
6679,20.438964843750004,218.62255859375,4828.0
6680,20.438964843750004,218.62353515625,4827.0
6681,20.438964843750004,218.62451171875,4826.5
6682,20.438964843750004,218.62548828125,4826.0
6683,20.438964843750004,218.62646484375003,4825.0
6684,20.438964843750004,218.62744140625,4824.5
6685,20.438964843750004,218.62841796875,4824.0
6686,20.438964843750004,218.62939453125,4823.0
6687,20.438964843750004,218.63037109374997,4822.5
6688,20.438964843750004,218.63134765625,4822.0
6689,20.438964843750004,218.63232421875,4821.5
6690,20.438964843750004,218.63330078125,4821.0
6691,20.438964843750004,218.63427734375,4820.5
6692,20.438964843750004,218.63525390625,4820.5
6693,20.438964843750004,218.63623046875003,4820.0
6694,20.438964843750007,218.63720703125,4819.5
6695,20.438964843750004,218.63818359375,4819.5
6696,20.438964843750004,218.63916015625,4819.0
6697,20.438964843750004,218.64013671875003,4819.0
6698,20.438964843750004,218.64111328125,4819.0
6699,20.438964843750004,218.64208984375,4819.0
6700,20.438964843750004,218.64306640625,4819.0
6701,20.438964843750004,218.64404296875,4818.5
6702,20.438964843750004,218.64501953125,4817.5
6703,20.438964843750004,218.64599609375,4816.5
6704,20.438964843750004,218.64697265625,4814.0
6705,20.438964843750004,218.64794921875,4811.0
6706,20.438964843750004,218.64892578125003,4807.0
6707,20.438964843750004,218.64990234375,4803.0
6708,20.438964843750004,218.65087890625,4799.5
6709,20.438964843750004,218.65185546875003,4796.0
6710,20.438964843750004,218.65283203125,4792.5
6711,20.438964843750004,218.65380859375,4789.0
6712,20.438964843750004,218.65478515625,4786.0
6713,20.438964843750004,218.65576171875,4783.0
6714,20.438964843750004,218.65673828125,4779.5
6715,20.438964843750004,218.65771484375,4776.5
6716,20.438964843750004,218.65869140625,4773.0
6717,20.438964843750004,218.65966796875,4770.0
6718,20.438964843750004,218.66064453125,4766.5
6719,20.438964843750004,218.66162109374997,4763.0
6720,20.438964843750004,218.66259765625,4759.0
6721,20.438964843750004,218.66357421875,4755.0
6722,20.438964843750004,218.66455078125,4751.0
6723,20.438964843750004,218.66552734375,4746.5
6724,20.438964843750004,218.66650390625,4741.5
6725,20.438964843750004,218.66748046875,4736.5
6726,20.438964843750004,218.66845703125,4730.5
6727,20.438964843750004,218.66943359375,4724.5
6728,20.438964843750004,218.67041015625,4718.5
6729,20.438964843750004,218.67138671875003,4712.5
6730,20.438964843750004,218.67236328125,4707.5
6731,20.438964843750004,218.67333984375,4710.5
6732,20.438964843750004,218.67431640625003,4717.5
6733,20.438964843750004,218.67529296875,4725.0
6734,20.438964843750004,218.67626953125,4733.0
6735,20.438964843750004,218.67724609375,4740.0
6736,20.438964843750004,218.67822265625,4747.0
6737,20.438964843750004,218.67919921875,4753.5
6738,20.438964843750007,218.68017578125,4759.5
6739,20.438964843750004,218.68115234375,4765.5
6740,20.438964843750004,218.68212890625,4770.5
6741,20.438964843750004,218.68310546875003,4776.0
6742,20.438964843750004,218.68408203125003,4780.5
6743,20.438964843750004,218.68505859375,4785.0
6744,20.438964843750004,218.68603515625,4789.5
6745,20.438964843750004,218.68701171875,4794.0
6746,20.438964843750004,218.68798828125,4798.0
6747,20.438964843750004,218.68896484375,4802.0
6748,20.438964843750004,218.68994140625,4806.0
6749,20.438964843750004,218.69091796875,4809.5
6750,20.438964843750004,218.69189453125,4813.5
6751,20.438964843750004,218.69287109374997,4817.0
6752,20.438964843750004,218.69384765625003,4820.5
6753,20.438964843750004,218.69482421875,4824.0
6754,20.438964843750004,218.69580078125,4827.5
6755,20.438964843750004,218.69677734375,4830.5
6756,20.438964843750004,218.69775390625,4834.0
6757,20.438964843750004,218.69873046875,4837.5
6758,20.438964843750004,218.69970703125,4841.0
6759,20.438964843750004,218.70068359375,4844.5
6760,20.438964843750004,218.70166015625,4848.0
6761,20.438964843750004,218.70263671875003,4851.5
6762,20.438964843750004,218.70361328125,4855.5
6763,20.438964843750004,218.70458984375,4859.0
6764,20.438964843750004,218.70556640625003,4863.0
6765,20.438964843750004,218.70654296874997,4864.0
6766,20.438964843750004,218.70751953125,4865.5
6767,20.438964843750007,218.70849609375,4868.0
6768,20.438964843750004,218.70947265625,4870.5
6769,20.438964843750004,218.71044921875,4870.5
6770,20.438964843750004,218.71142578125,4870.5
6771,20.438964843750004,218.71240234375,4870.5
6772,20.438964843750004,218.71337890625,4870.5
6773,20.438964843750004,218.71435546875,4871.0
6774,20.438964843750004,218.71533203125003,4871.0
6775,20.438964843750004,218.71630859375003,4871.5
6776,20.438964843750004,218.71728515625,4872.0
6777,20.438964843750004,218.71826171875,4873.0
6778,20.438964843750004,218.71923828125,4873.5
6779,20.438964843750004,218.72021484375003,4874.5
6780,20.438964843750004,218.72119140625,4875.0
6781,20.438964843750004,218.72216796875,4876.0
6782,20.438964843750004,218.72314453125,4877.0
6783,20.438964843750004,218.72412109375,4878.5
6784,20.438964843750004,218.72509765625003,4880.5
6785,20.438964843750004,218.72607421875,4882.0
6786,20.438964843750004,218.72705078125,4883.5
6787,20.438964843750007,218.72802734375003,4885.5
6788,20.438964843750004,218.72900390624997,4889.0
6789,20.438964843750004,218.72998046875,4892.5
6790,20.438964843750004,218.73095703125,4896.0
6791,20.438964843750004,218.73193359375,4899.5
6792,20.438964843750004,218.73291015625,4903.0
6793,20.438964843750004,218.73388671875003,4906.5
6794,20.438964843750004,218.73486328125,4910.0
6795,20.438964843750004,218.73583984375,4913.5
6796,20.438964843750004,218.73681640625,4916.5
6797,20.438964843750004,218.73779296874997,4920.0
6798,20.438964843750004,218.73876953125,4923.0
6799,20.438964843750004,218.73974609375,4926.0
6800,20.438964843750004,218.74072265625,4929.0
6801,20.438964843750004,218.74169921875,4932.0
6802,20.438964843750004,218.74267578125,4935.0
6803,20.438964843750004,218.74365234375,4937.5
6804,20.438964843750004,218.74462890625,4940.0
6805,20.437988281250004,218.62255859375,4828.5
6806,20.437988281250004,218.62353515625,4827.5
6807,20.437988281250004,218.62451171875,4827.0
6808,20.437988281250004,218.62548828125,4826.0
6809,20.437988281250004,218.62646484375003,4825.5
6810,20.437988281250004,218.62744140625,4824.5
6811,20.437988281250004,218.62841796875,4824.0
6812,20.437988281250004,218.62939453125003,4823.5
6813,20.437988281250004,218.63037109374997,4823.0
6814,20.437988281250004,218.63134765625,4822.5
6815,20.437988281250004,218.63232421875,4822.0
6816,20.43798828125,218.63330078125,4821.5
6817,20.437988281250004,218.63427734375,4821.0
6818,20.437988281250004,218.63525390625,4820.5
6819,20.437988281250004,218.63623046875003,4820.0
6820,20.437988281250004,218.63720703125,4820.0
6821,20.43798828125,218.63818359375,4819.5
6822,20.437988281250004,218.63916015625,4819.5
6823,20.437988281250004,218.64013671875003,4819.0
6824,20.437988281250004,218.64111328125,4819.0
6825,20.43798828125,218.64208984375,4819.0
6826,20.437988281250004,218.64306640625,4819.0
6827,20.437988281250004,218.64404296875,4819.0
6828,20.43798828125,218.64501953125,4819.0
6829,20.437988281250004,218.64599609375,4818.5
6830,20.437988281250004,218.64697265625,4815.5
6831,20.437988281250004,218.64794921875,4812.0
6832,20.437988281250004,218.64892578125003,4808.0
6833,20.437988281250004,218.64990234375,4804.0
6834,20.437988281250004,218.65087890625,4800.5
6835,20.437988281250004,218.65185546875003,4797.0
6836,20.437988281250004,218.65283203125,4793.5
6837,20.437988281250004,218.65380859375,4790.0
6838,20.437988281250004,218.65478515625,4787.0
6839,20.43798828125,218.65576171875,4784.0
6840,20.437988281250004,218.65673828125,4781.0
6841,20.437988281250004,218.65771484375,4777.5
6842,20.437988281250004,218.65869140625,4774.5
6843,20.437988281250004,218.65966796875,4771.0
6844,20.43798828125,218.66064453125,4768.0
6845,20.437988281250004,218.66162109374997,4764.5
6846,20.437988281250004,218.66259765625,4761.0
6847,20.437988281250004,218.66357421875,4757.5
6848,20.43798828125,218.66455078125,4753.5
6849,20.437988281250004,218.66552734375,4749.0
6850,20.43798828125,218.66650390625,4745.0
6851,20.437988281250004,218.66748046875,4740.0
6852,20.43798828125,218.66845703125,4735.0
6853,20.437988281250004,218.66943359375,4729.0
6854,20.437988281250004,218.67041015625,4723.0
6855,20.437988281250004,218.67138671875003,4717.0
6856,20.43798828125,218.67236328125,4711.5
6857,20.437988281250004,218.67333984375,4715.5
6858,20.437988281250004,218.67431640625003,4722.0
6859,20.437988281250004,218.67529296875,4729.0
6860,20.43798828125,218.67626953125,4736.0
6861,20.437988281250004,218.67724609375,4743.0
6862,20.437988281250004,218.67822265625,4749.5
6863,20.437988281250004,218.67919921875,4755.5
6864,20.437988281250004,218.68017578125003,4761.0
6865,20.437988281250004,218.68115234375,4766.5
6866,20.437988281250004,218.68212890625,4771.5
6867,20.437988281250004,218.68310546875003,4776.5
6868,20.43798828125,218.68408203124997,4781.0
6869,20.437988281250004,218.68505859375,4785.5
6870,20.437988281250004,218.68603515625,4789.5
6871,20.437988281250004,218.68701171875,4793.5
6872,20.437988281250004,218.68798828125,4797.5
6873,20.437988281250004,218.68896484375,4801.5
6874,20.437988281250004,218.68994140625,4805.0
6875,20.43798828125,218.69091796875,4808.5
6876,20.43798828125,218.69189453125,4812.0
6877,20.43798828125,218.69287109374997,4815.5
6878,20.437988281250004,218.69384765625003,4819.0
6879,20.43798828125,218.69482421875,4822.0
6880,20.437988281250004,218.69580078125,4825.5
6881,20.43798828125,218.69677734375,4828.5
6882,20.43798828125,218.69775390625,4832.0
6883,20.43798828125,218.69873046875,4835.0
6884,20.43798828125,218.69970703125,4838.0
6885,20.437988281250004,218.70068359375,4841.0
6886,20.437988281250004,218.70166015625,4844.5
6887,20.437988281250004,218.70263671875003,4847.5
6888,20.437988281250004,218.70361328125,4851.5
6889,20.437988281250004,218.70458984375,4855.0
6890,20.43798828125,218.70556640625003,4858.5
6891,20.43798828125,218.70654296874997,4859.5
6892,20.437988281250004,218.70751953125,4861.0
6893,20.437988281250004,218.70849609375,4862.5
6894,20.437988281250004,218.70947265625,4863.5
6895,20.437988281250004,218.71044921875,4865.5
6896,20.43798828125,218.71142578125,4866.5
6897,20.437988281250004,218.71240234375,4867.0
6898,20.437988281250004,218.71337890625,4867.0
6899,20.437988281250004,218.71435546875,4867.5
6900,20.43798828125,218.71533203124997,4868.0
6901,20.437988281250004,218.71630859375003,4868.5
6902,20.43798828125,218.71728515625,4869.5
6903,20.437988281250004,218.71826171875,4870.0
6904,20.437988281250004,218.71923828125,4871.0
6905,20.437988281250004,218.72021484375,4872.0
6906,20.437988281250004,218.72119140625,4873.0
6907,20.43798828125,218.72216796875,4874.0
6908,20.437988281250004,218.72314453125,4875.5
6909,20.437988281250004,218.72412109375,4876.5
6910,20.43798828125,218.72509765625003,4878.0
6911,20.437988281250004,218.72607421875,4879.5
6912,20.437988281250004,218.72705078125,4881.0
6913,20.437988281250004,218.72802734375,4882.5
6914,20.437988281250004,218.72900390625003,4886.0
6915,20.437988281250004,218.72998046875,4889.5
6916,20.437988281250004,218.73095703125,4893.0
6917,20.43798828125,218.73193359375,4897.0
6918,20.437988281250004,218.73291015625,4900.5
6919,20.437988281250004,218.73388671875,4904.0
6920,20.437988281250004,218.73486328125,4907.0
6921,20.437988281250004,218.73583984375,4910.5
6922,20.437988281250004,218.73681640625,4913.5
6923,20.43798828125,218.73779296874997,4916.5
6924,20.437988281250004,218.73876953125,4919.5
6925,20.437988281250004,218.73974609375,4922.0
6926,20.437988281250004,218.74072265625,4924.5
6927,20.43798828125,218.74169921875,4927.5
6928,20.43798828125,218.74267578125,4930.5
6929,20.437988281250004,218.74365234375,4933.5
6930,20.43798828125,218.74462890625,4937.0
6931,20.437011718749996,218.62255859375,4828.5
6932,20.437011718749996,218.62353515625,4828.0
6933,20.43701171875,218.62451171875,4827.0
6934,20.43701171875,218.62548828125,4826.5
6935,20.43701171875,218.62646484375003,4825.5
6936,20.437011718749996,218.62744140625,4825.0
6937,20.43701171875,218.62841796875,4824.5
6938,20.437011718749996,218.62939453125,4823.5
6939,20.43701171875,218.63037109374997,4823.0
6940,20.437011718749996,218.63134765625,4822.5
6941,20.43701171875,218.63232421875,4822.0
6942,20.43701171875,218.63330078125,4821.5
6943,20.43701171875,218.63427734375,4821.0
6944,20.43701171875,218.63525390625,4820.5
6945,20.43701171875,218.63623046875003,4820.5
6946,20.43701171875,218.63720703125,4820.0
6947,20.43701171875,218.63818359375,4819.5
6948,20.43701171875,218.63916015625,4819.5
6949,20.43701171875,218.64013671875003,4819.5
6950,20.43701171875,218.64111328125,4819.0
6951,20.43701171875,218.64208984375,4819.0
6952,20.437011718749996,218.64306640625,4819.0
6953,20.43701171875,218.64404296875,4818.5
6954,20.437011718749996,218.64501953125,4817.5
6955,20.43701171875,218.64599609375,4817.0
6956,20.43701171875,218.64697265625,4815.5
6957,20.437011718749996,218.64794921875,4812.5
6958,20.43701171875,218.64892578125003,4809.0
6959,20.43701171875,218.64990234375,4805.0
6960,20.437011718749996,218.65087890625,4801.5
6961,20.43701171875,218.65185546875003,4798.0
6962,20.43701171875,218.65283203125,4794.5
6963,20.437011718749996,218.65380859375,4791.5
6964,20.437011718749996,218.65478515625,4788.0
6965,20.43701171875,218.65576171875,4785.0
6966,20.43701171875,218.65673828125,4782.0
6967,20.43701171875,218.65771484375003,4779.0
6968,20.437011718749996,218.65869140625,4776.0
6969,20.43701171875,218.65966796875,4773.0
6970,20.43701171875,218.66064453125,4769.5
6971,20.43701171875,218.66162109374997,4766.5
6972,20.437011718749996,218.66259765625,4763.0
6973,20.43701171875,218.66357421875,4760.0
6974,20.43701171875,218.66455078125,4756.5
6975,20.437011718749996,218.66552734375,4752.5
6976,20.437011718749996,218.66650390625,4748.5
6977,20.43701171875,218.66748046875003,4744.5
6978,20.43701171875,218.66845703125,4739.5
6979,20.43701171875,218.66943359375,4734.5
6980,20.43701171875,218.67041015625,4729.0
6981,20.437011718749996,218.67138671875003,4723.0
6982,20.437011718749996,218.67236328125,4718.5
6983,20.437011718749996,218.67333984375,4721.5
6984,20.43701171875,218.67431640625003,4727.0
6985,20.43701171875,218.67529296875,4733.5
6986,20.43701171875,218.67626953125,4740.5
6987,20.43701171875,218.67724609375,4746.5
6988,20.437011718749996,218.67822265625,4752.5
6989,20.43701171875,218.67919921875,4758.0
6990,20.43701171875,218.68017578125003,4763.0
6991,20.43701171875,218.68115234374997,4768.0
6992,20.43701171875,218.68212890625,4773.0
6993,20.43701171875,218.68310546875003,4777.5
6994,20.437011718749996,218.68408203125003,4781.5
6995,20.43701171875,218.68505859375,4785.5
6996,20.43701171875,218.68603515625,4789.5
6997,20.43701171875,218.68701171875,4793.5
6998,20.43701171875,218.68798828125,4797.0
6999,20.43701171875,218.68896484375,4800.5
7000,20.437011718749996,218.68994140625,4804.0
7001,20.437011718749996,218.69091796875,4807.5
7002,20.43701171875,218.69189453125,4811.0
7003,20.43701171875,218.69287109374997,4814.0
7004,20.43701171875,218.69384765625003,4817.5
7005,20.43701171875,218.69482421875,4820.5
7006,20.43701171875,218.69580078125,4823.5
7007,20.437011718749996,218.69677734375,4826.5
7008,20.437011718749996,218.69775390625,4829.5
7009,20.43701171875,218.69873046875,4832.5
7010,20.43701171875,218.69970703125,4835.0
7011,20.43701171875,218.70068359375,4838.0
7012,20.43701171875,218.70166015625,4840.5
7013,20.437011718749996,218.70263671875003,4843.5
7014,20.43701171875,218.70361328125,4846.5
7015,20.43701171875,218.70458984375,4851.0
7016,20.43701171875,218.70556640625003,4856.0
7017,20.437011718749996,218.70654296875003,4852.0
7018,20.437011718749996,218.70751953125,4855.5
7019,20.43701171875,218.70849609375,4858.5
7020,20.43701171875,218.70947265625,4862.0
7021,20.43701171875,218.71044921875,4862.5
7022,20.437011718749996,218.71142578125,4863.0
7023,20.43701171875,218.71240234375,4863.5
7024,20.43701171875,218.71337890625,4864.0
7025,20.43701171875,218.71435546875,4864.5
7026,20.437011718749996,218.71533203125003,4865.0
7027,20.43701171875,218.71630859375003,4866.0
7028,20.437011718749996,218.71728515625,4866.5
7029,20.43701171875,218.71826171875,4867.5
7030,20.43701171875,218.71923828125,4868.5
7031,20.43701171875,218.72021484375003,4869.5
7032,20.43701171875,218.72119140625,4870.5
7033,20.43701171875,218.72216796875,4871.5
7034,20.43701171875,218.72314453125,4872.0
7035,20.43701171875,218.72412109375,4874.0
7036,20.437011718749996,218.72509765625003,4876.0
7037,20.437011718749996,218.72607421875,4877.5
7038,20.437011718749996,218.72705078125,4879.0
7039,20.43701171875,218.72802734375003,4880.5
7040,20.43701171875,218.72900390624997,4883.5
7041,20.43701171875,218.72998046875,4887.0
7042,20.43701171875,218.73095703125,4890.5
7043,20.43701171875,218.73193359375,4894.0
7044,20.43701171875,218.73291015625,4897.5
7045,20.43701171875,218.73388671875003,4901.0
7046,20.43701171875,218.73486328125,4904.5
7047,20.437011718749996,218.73583984375,4908.0
7048,20.43701171875,218.73681640625,4911.0
7049,20.43701171875,218.73779296874997,4913.5
7050,20.43701171875,218.73876953125,4916.5
7051,20.43701171875,218.73974609375,4918.5
7052,20.43701171875,218.74072265625,4919.5
7053,20.43701171875,218.74169921875,4920.0
7054,20.437011718749996,218.74267578125,4925.5
7055,20.43701171875,218.74365234375,4930.5
7056,20.43701171875,218.74462890625,4934.5
7057,20.43603515625,218.62255859375,4829.0
7058,20.43603515625,218.62353515625,4828.0
7059,20.43603515625,218.62451171875,4827.5
7060,20.43603515625,218.62548828125,4826.5
7061,20.436035156250004,218.62646484375003,4826.0
7062,20.43603515625,218.62744140625,4825.0
7063,20.43603515625,218.62841796875,4824.5
7064,20.43603515625,218.62939453125003,4824.0
7065,20.43603515625,218.63037109374997,4823.5
7066,20.43603515625,218.63134765625,4822.5
7067,20.43603515625,218.63232421875,4822.0
7068,20.436035156250004,218.63330078125,4821.5
7069,20.43603515625,218.63427734375,4821.0
7070,20.43603515625,218.63525390625,4821.0
7071,20.43603515625,218.63623046875003,4820.5
7072,20.43603515625,218.63720703125,4820.0
7073,20.43603515625,218.63818359375,4819.5
7074,20.43603515625,218.63916015625,4819.5
7075,20.43603515625,218.64013671875003,4819.0
7076,20.43603515625,218.64111328125,4819.0
7077,20.43603515625,218.64208984375,4819.0
7078,20.43603515625,218.64306640625,4819.5
7079,20.43603515625,218.64404296875,4819.5
7080,20.43603515625,218.64501953125,4819.5
7081,20.43603515625,218.64599609375,4818.0
7082,20.43603515625,218.64697265625,4816.0
7083,20.43603515625,218.64794921875,4813.0
7084,20.43603515625,218.64892578125003,4809.5
7085,20.43603515625,218.64990234375,4806.0
7086,20.43603515625,218.65087890625,4802.0
7087,20.43603515625,218.65185546875003,4799.0
7088,20.43603515625,218.65283203125,4795.5
7089,20.43603515625,218.65380859375,4792.5
7090,20.43603515625,218.65478515625,4789.5
7091,20.43603515625,218.65576171875,4786.5
7092,20.43603515625,218.65673828125,4783.5
7093,20.43603515625,218.65771484375003,4780.5
7094,20.43603515625,218.65869140625,4777.5
7095,20.43603515625,218.65966796875,4774.5
7096,20.43603515625,218.66064453125,4771.5
7097,20.43603515625,218.66162109374997,4768.5
7098,20.43603515625,218.66259765625,4765.5
7099,20.43603515625,218.66357421875,4762.5
7100,20.43603515625,218.66455078125,4759.5
7101,20.43603515625,218.66552734375,4756.5
7102,20.43603515625,218.66650390625,4753.0
7103,20.43603515625,218.66748046875003,4749.5
7104,20.43603515625,218.66845703125,4745.5
7105,20.43603515625,218.66943359375,4741.0
7106,20.43603515625,218.67041015625,4735.5
7107,20.43603515625,218.67138671875003,4730.0
7108,20.43603515625,218.67236328125,4724.0
7109,20.43603515625,218.67333984375,4727.5
7110,20.43603515625,218.67431640625003,4733.0
7111,20.43603515625,218.67529296875,4739.0
7112,20.43603515625,218.67626953125,4745.0
7113,20.43603515625,218.67724609375,4750.5
7114,20.43603515625,218.67822265625,4756.0
7115,20.43603515625,218.67919921875,4761.0
7116,20.436035156250004,218.68017578125003,4765.5
7117,20.43603515625,218.68115234375,4770.0
7118,20.43603515625,218.68212890625,4774.5
7119,20.43603515625,218.68310546875003,4778.5
7120,20.43603515625,218.68408203125003,4782.5
7121,20.43603515625,218.68505859375,4786.5
7122,20.43603515625,218.68603515625,4790.0
7123,20.43603515625,218.68701171875,4793.5
7124,20.43603515625,218.68798828125,4797.0
7125,20.43603515625,218.68896484375,4800.5
7126,20.43603515625,218.68994140625,4803.5
7127,20.43603515625,218.69091796875,4807.0
7128,20.43603515625,218.69189453125,4810.0
7129,20.43603515625,218.69287109374997,4813.0
7130,20.43603515625,218.69384765625003,4816.0
7131,20.43603515625,218.69482421875,4819.0
7132,20.43603515625,218.69580078125,4821.5
7133,20.43603515625,218.69677734375,4824.5
7134,20.43603515625,218.69775390625,4827.0
7135,20.43603515625,218.69873046875,4830.0
7136,20.43603515625,218.69970703125,4832.5
7137,20.43603515625,218.70068359375,4834.5
7138,20.43603515625,218.70166015625,4836.5
7139,20.43603515625,218.70263671875003,4838.5
7140,20.43603515625,218.70361328125,4840.0
7141,20.43603515625,218.70458984375,4842.5
7142,20.43603515625,218.70556640625003,4847.0
7143,20.43603515625,218.70654296875003,4850.5
7144,20.43603515625,218.70751953125,4852.0
7145,20.43603515625,218.70849609375,4854.0
7146,20.43603515625,218.70947265625,4856.0
7147,20.43603515625,218.71044921875,4858.0
7148,20.43603515625,218.71142578125,4859.0
7149,20.43603515625,218.71240234375,4859.5
7150,20.43603515625,218.71337890625,4860.5
7151,20.43603515625,218.71435546875,4861.0
7152,20.43603515625,218.71533203125003,4862.0
7153,20.43603515625,218.71630859375003,4862.5
7154,20.43603515625,218.71728515625,4863.5
7155,20.43603515625,218.71826171875,4864.5
7156,20.43603515625,218.71923828125,4865.5
7157,20.43603515625,218.72021484375,4867.0
7158,20.43603515625,218.72119140625,4868.0
7159,20.43603515625,218.72216796875,4869.0
7160,20.43603515625,218.72314453125,4870.5
7161,20.43603515625,218.72412109375,4872.0
7162,20.43603515625,218.72509765625003,4874.0
7163,20.43603515625,218.72607421875,4876.0
7164,20.43603515625,218.72705078125,4877.5
7165,20.43603515625,218.72802734375003,4879.0
7166,20.43603515625,218.72900390625003,4881.5
7167,20.43603515625,218.72998046875,4885.0
7168,20.43603515625,218.73095703125,4888.5
7169,20.43603515625,218.73193359375,4892.0
7170,20.43603515625,218.73291015625,4895.5
7171,20.43603515625,218.73388671875,4898.5
7172,20.43603515625,218.73486328125,4902.0
7173,20.43603515625,218.73583984375,4905.5
7174,20.43603515625,218.73681640625,4908.5
7175,20.43603515625,218.73779296874997,4911.5
7176,20.43603515625,218.73876953125,4914.0
7177,20.43603515625,218.73974609375,4916.5
7178,20.43603515625,218.74072265625003,4919.0
7179,20.43603515625,218.74169921875,4922.0
7180,20.43603515625,218.74267578125,4925.0
7181,20.43603515625,218.74365234375,4928.5
7182,20.43603515625,218.74462890625,4932.5
7183,20.43505859375,218.62255859375,4829.0
7184,20.43505859375,218.62353515625,4828.5
7185,20.43505859375,218.62451171875,4827.5
7186,20.43505859375,218.62548828125,4827.0
7187,20.43505859375001,218.62646484375003,4826.0
7188,20.43505859375,218.62744140625,4825.5
7189,20.43505859375001,218.62841796875,4824.5
7190,20.43505859375,218.62939453125,4824.0
7191,20.43505859375,218.63037109374997,4823.5
7192,20.43505859375001,218.63134765625,4823.0
7193,20.43505859375,218.63232421875,4822.5
7194,20.43505859375001,218.63330078125,4821.5
7195,20.43505859375,218.63427734375,4821.0
7196,20.43505859375,218.63525390625,4820.5
7197,20.43505859375,218.63623046875003,4820.5
7198,20.43505859375001,218.63720703125,4820.0
7199,20.43505859375001,218.63818359375,4819.5
7200,20.43505859375001,218.63916015625,4819.0
7201,20.43505859375001,218.64013671875003,4819.0
7202,20.43505859375,218.64111328125,4819.0
7203,20.43505859375,218.64208984375,4819.0
7204,20.43505859375,218.64306640625,4819.0
7205,20.43505859375,218.64404296875,4819.0
7206,20.43505859375,218.64501953125,4818.5
7207,20.43505859375,218.64599609375,4817.0
7208,20.43505859375,218.64697265625,4816.5
7209,20.43505859375,218.64794921875,4813.5
7210,20.43505859375,218.64892578125003,4810.0
7211,20.43505859375001,218.64990234375,4806.0
7212,20.43505859375,218.65087890625,4803.0
7213,20.43505859375,218.65185546875003,4799.5
7214,20.43505859375,218.65283203125,4796.5
7215,20.43505859375,218.65380859375,4793.5
7216,20.43505859375,218.65478515625,4790.5
7217,20.43505859375,218.65576171875,4787.5
7218,20.43505859375,218.65673828125,4784.5
7219,20.43505859375,218.65771484375,4782.0
7220,20.43505859375,218.65869140625,4779.0
7221,20.43505859375001,218.65966796875,4776.5
7222,20.43505859375,218.66064453125,4774.0
7223,20.43505859375,218.66162109374997,4771.0
7224,20.43505859375,218.66259765625,4768.5
7225,20.43505859375,218.66357421875,4766.0
7226,20.43505859375,218.66455078125,4763.0
7227,20.43505859375,218.66552734375,4760.5
7228,20.43505859375,218.66650390625,4757.5
7229,20.43505859375,218.66748046875003,4755.0
7230,20.43505859375,218.66845703125,4751.5
7231,20.43505859375001,218.66943359375,4748.0
7232,20.43505859375001,218.67041015625,4744.5
7233,20.43505859375,218.67138671875003,4740.0
7234,20.43505859375,218.67236328125,4734.0
7235,20.43505859375,218.67333984375,4736.0
7236,20.43505859375,218.67431640625003,4740.0
7237,20.43505859375,218.67529296875,4745.5
7238,20.43505859375,218.67626953125,4750.5
7239,20.43505859375,218.67724609375,4755.5
7240,20.43505859375,218.67822265625,4760.0
7241,20.43505859375001,218.67919921875,4764.0
7242,20.43505859375001,218.68017578125003,4768.5
7243,20.43505859375,218.68115234375,4772.5
7244,20.43505859375,218.68212890625,4776.0
7245,20.43505859375,218.68310546875003,4780.0
7246,20.43505859375,218.68408203125003,4783.5
7247,20.43505859375001,218.68505859375,4787.0
7248,20.43505859375,218.68603515625,4790.5
7249,20.43505859375,218.68701171875,4793.5
7250,20.43505859375,218.68798828125,4797.0
7251,20.43505859375,218.68896484375,4800.0
7252,20.43505859375,218.68994140625,4803.0
7253,20.43505859375,218.69091796875,4806.0
7254,20.43505859375,218.69189453125,4809.0
7255,20.43505859375,218.69287109374997,4812.0
7256,20.43505859375001,218.69384765625003,4814.5
7257,20.43505859375,218.69482421875,4817.0
7258,20.43505859375,218.69580078125,4820.0
7259,20.43505859375001,218.69677734375,4822.5
7260,20.43505859375,218.69775390625,4825.0
7261,20.43505859375,218.69873046875,4827.5
7262,20.43505859375,218.69970703125,4829.5
7263,20.43505859375,218.70068359375,4831.5
7264,20.43505859375,218.70166015625,4833.5
7265,20.43505859375001,218.70263671875003,4834.5
7266,20.43505859375,218.70361328125,4834.5
7267,20.43505859375,218.70458984375,4834.5
7268,20.43505859375,218.70556640625003,4843.0
7269,20.43505859375,218.70654296874997,4842.0
7270,20.43505859375001,218.70751953125,4846.0
7271,20.43505859375,218.70849609375,4849.5
7272,20.43505859375,218.70947265625,4852.0
7273,20.43505859375,218.71044921875,4853.5
7274,20.43505859375,218.71142578125,4855.0
7275,20.43505859375,218.71240234375,4856.0
7276,20.43505859375,218.71337890625,4857.0
7277,20.43505859375,218.71435546875,4857.5
7278,20.43505859375,218.71533203125003,4858.5
7279,20.43505859375001,218.71630859375003,4859.5
7280,20.43505859375,218.71728515625,4860.5
7281,20.43505859375001,218.71826171875,4862.0
7282,20.43505859375,218.71923828125,4863.0
7283,20.43505859375,218.72021484375,4864.0
7284,20.43505859375001,218.72119140625,4865.5
7285,20.43505859375,218.72216796875,4866.5
7286,20.43505859375,218.72314453125,4866.5
7287,20.43505859375001,218.72412109375,4869.0
7288,20.43505859375,218.72509765625003,4872.0
7289,20.43505859375,218.72607421875,4874.5
7290,20.43505859375,218.72705078125,4876.5
7291,20.43505859375,218.72802734375,4877.5
7292,20.43505859375001,218.72900390625003,4879.5
7293,20.43505859375,218.72998046875,4882.5
7294,20.43505859375,218.73095703125,4886.0
7295,20.43505859375,218.73193359375,4889.5
7296,20.43505859375,218.73291015625,4893.0
7297,20.43505859375,218.73388671875,4896.5
7298,20.43505859375,218.73486328125,4899.5
7299,20.43505859375,218.73583984375,4903.0
7300,20.43505859375,218.73681640625,4906.0
7301,20.43505859375,218.73779296875003,4909.0
7302,20.43505859375,218.73876953125,4912.0
7303,20.43505859375001,218.73974609375,4914.5
7304,20.43505859375001,218.74072265625,4917.5
7305,20.43505859375,218.74169921875,4920.5
7306,20.43505859375,218.74267578125,4923.5
7307,20.43505859375001,218.74365234375,4927.0
7308,20.43505859375,218.74462890625,4930.5
7309,20.434082031250004,218.62255859375,4829.5
7310,20.434082031250004,218.62353515625,4828.5
7311,20.434082031250004,218.62451171875,4828.0
7312,20.434082031250004,218.62548828125,4827.0
7313,20.434082031250004,218.62646484375003,4826.5
7314,20.434082031250004,218.62744140625,4825.5
7315,20.434082031250004,218.62841796875,4825.0
7316,20.434082031250004,218.62939453125,4824.0
7317,20.434082031250004,218.63037109374997,4823.5
7318,20.434082031250004,218.63134765625,4823.0
7319,20.434082031250004,218.63232421875,4822.5
7320,20.434082031250004,218.63330078125,4821.5
7321,20.434082031250004,218.63427734375,4821.0
7322,20.434082031250004,218.63525390625,4820.5
7323,20.434082031250004,218.63623046875003,4820.0
7324,20.434082031250004,218.63720703125,4819.5
7325,20.434082031250004,218.63818359375,4819.5
7326,20.434082031250004,218.63916015625,4819.0
7327,20.434082031250004,218.64013671875003,4818.5
7328,20.434082031250004,218.64111328125,4818.5
7329,20.434082031250004,218.64208984375,4818.5
7330,20.434082031250004,218.64306640625,4818.5
7331,20.434082031250004,218.64404296875,4819.0
7332,20.434082031250004,218.64501953125,4819.0
7333,20.434082031250004,218.64599609375,4818.0
7334,20.434082031250004,218.64697265625,4816.5
7335,20.434082031250004,218.64794921875,4813.5
7336,20.434082031250004,218.64892578125003,4810.0
7337,20.434082031250004,218.64990234375,4806.5
7338,20.434082031250004,218.65087890625,4803.0
7339,20.434082031250004,218.65185546875003,4800.0
7340,20.434082031250004,218.65283203125,4797.0
7341,20.434082031250004,218.65380859375,4794.0
7342,20.434082031250004,218.65478515625,4791.5
7343,20.434082031250004,218.65576171875,4788.5
7344,20.434082031250004,218.65673828125,4786.0
7345,20.434082031250004,218.65771484375,4783.5
7346,20.434082031250004,218.65869140625,4781.0
7347,20.434082031250004,218.65966796875,4778.5
7348,20.434082031250004,218.66064453125,4776.0
7349,20.434082031250004,218.66162109374997,4773.5
7350,20.434082031250004,218.66259765625,4771.5
7351,20.434082031250004,218.66357421875,4769.0
7352,20.434082031250004,218.66455078125,4767.0
7353,20.434082031250004,218.66552734375,4765.0
7354,20.434082031250004,218.66650390625,4762.5
7355,20.434082031250004,218.66748046875,4760.5
7356,20.434082031250004,218.66845703125,4758.5
7357,20.434082031250004,218.66943359375,4756.0
7358,20.434082031250004,218.67041015625,4753.0
7359,20.434082031250004,218.67138671875003,4748.5
7360,20.434082031250004,218.67236328124997,4742.0
7361,20.434082031250004,218.67333984375,4744.0
7362,20.434082031250004,218.67431640625003,4748.0
7363,20.434082031250004,218.67529296875,4752.0
7364,20.434082031250004,218.67626953125,4756.5
7365,20.434082031250004,218.67724609375,4760.5
7366,20.434082031250004,218.67822265625,4764.0
7367,20.434082031250004,218.67919921875,4768.0
7368,20.434082031250004,218.68017578125,4771.5
7369,20.434082031250004,218.68115234375,4775.0
7370,20.434082031250004,218.68212890625,4778.5
7371,20.434082031250004,218.68310546875003,4781.5
7372,20.434082031250004,218.68408203124997,4785.0
7373,20.434082031250004,218.68505859375,4788.0
7374,20.434082031250004,218.68603515625,4791.0
7375,20.434082031250004,218.68701171875,4794.0
7376,20.434082031250004,218.68798828125,4797.0
7377,20.434082031250004,218.68896484375,4800.0
7378,20.434082031250004,218.68994140625003,4802.5
7379,20.434082031250004,218.69091796875,4805.5
7380,20.434082031250004,218.69189453125,4808.0
7381,20.434082031250004,218.69287109374997,4810.5
7382,20.434082031250004,218.69384765625003,4813.5
7383,20.434082031250004,218.69482421875,4816.0
7384,20.434082031250004,218.69580078125,4818.0
7385,20.434082031250004,218.69677734375,4820.5
7386,20.434082031250004,218.69775390625,4823.0
7387,20.434082031250004,218.69873046875,4825.0
7388,20.434082031250004,218.69970703125,4827.0
7389,20.434082031250004,218.70068359375,4829.0
7390,20.434082031250004,218.70166015625,4831.0
7391,20.434082031250004,218.70263671875003,4832.5
7392,20.434082031250004,218.70361328125,4833.5
7393,20.434082031250004,218.70458984375,4835.0
7394,20.434082031250004,218.70556640625003,4837.5
7395,20.434082031250004,218.70654296874997,4843.0
7396,20.434082031250004,218.70751953125,4844.5
7397,20.434082031250004,218.70849609375,4846.0
7398,20.434082031250004,218.70947265625,4848.0
7399,20.434082031250004,218.71044921875,4849.5
7400,20.434082031250004,218.71142578125,4851.0
7401,20.434082031250004,218.71240234375,4852.5
7402,20.434082031250004,218.71337890625,4853.5
7403,20.434082031250004,218.71435546875,4854.5
7404,20.434082031250004,218.71533203124997,4855.5
7405,20.434082031250004,218.71630859375003,4856.5
7406,20.434082031250004,218.71728515625,4857.5
7407,20.434082031250004,218.71826171875,4859.0
7408,20.434082031250004,218.71923828125,4860.0
7409,20.434082031250004,218.72021484375,4861.5
7410,20.434082031250004,218.72119140625,4863.0
7411,20.434082031250004,218.72216796875,4864.5
7412,20.434082031250004,218.72314453125,4865.0
7413,20.434082031250004,218.72412109375,4867.0
7414,20.434082031250004,218.72509765625003,4870.0
7415,20.434082031250004,218.72607421875,4873.5
7416,20.434082031250004,218.72705078125,4876.0
7417,20.434082031250004,218.72802734375003,4875.0
7418,20.434082031250004,218.72900390625003,4877.0
7419,20.434082031250004,218.72998046875,4880.0
7420,20.434082031250004,218.73095703125,4883.5
7421,20.434082031250004,218.73193359375,4887.0
7422,20.434082031250004,218.73291015625,4890.5
7423,20.434082031250004,218.73388671875,4894.0
7424,20.434082031250004,218.73486328125,4897.5
7425,20.434082031250004,218.73583984375,4901.0
7426,20.434082031250004,218.73681640625,4904.0
7427,20.434082031250004,218.73779296874997,4907.0
7428,20.434082031250004,218.73876953125,4910.0
7429,20.434082031250004,218.73974609375,4913.0
7430,20.434082031250004,218.74072265625003,4916.0
7431,20.434082031250004,218.74169921875,4919.0
7432,20.434082031250004,218.74267578125,4922.5
7433,20.434082031250004,218.74365234375,4925.5
7434,20.434082031250004,218.74462890625,4929.0
7435,20.43310546875,218.62255859375,4829.5
7436,20.43310546875,218.62353515625,4829.0
7437,20.43310546875,218.62451171875,4828.0
7438,20.43310546875,218.62548828125,4827.0
7439,20.43310546875,218.62646484375003,4826.5
7440,20.43310546875,218.62744140625,4825.5
7441,20.43310546875,218.62841796875,4825.0
7442,20.43310546875,218.62939453125,4824.0
7443,20.43310546875,218.63037109374997,4823.5
7444,20.43310546875,218.63134765625,4823.0
7445,20.43310546875,218.63232421875,4822.0
7446,20.43310546875,218.63330078125,4821.5
7447,20.43310546875,218.63427734375,4821.0
7448,20.43310546875,218.63525390625,4820.5
7449,20.43310546875,218.63623046875003,4820.0
7450,20.433105468750004,218.63720703125,4819.5
7451,20.43310546875,218.63818359375,4819.0
7452,20.43310546875,218.63916015625,4818.5
7453,20.43310546875,218.64013671875003,4818.0
7454,20.43310546875,218.64111328125,4818.0
7455,20.43310546875,218.64208984375,4818.0
7456,20.43310546875,218.64306640625,4818.0
7457,20.43310546875,218.64404296875,4818.0
7458,20.43310546875,218.64501953125,4817.5
7459,20.43310546875,218.64599609375,4817.0
7460,20.43310546875,218.64697265625,4816.0
7461,20.43310546875,218.64794921875,4813.0
7462,20.43310546875,218.64892578125003,4810.0
7463,20.43310546875,218.64990234375,4806.5
7464,20.43310546875,218.65087890625,4803.5
7465,20.43310546875,218.65185546875003,4800.5
7466,20.43310546875,218.65283203125,4797.5
7467,20.43310546875,218.65380859375,4795.0
7468,20.43310546875,218.65478515625,4792.5
7469,20.43310546875,218.65576171875,4790.0
7470,20.43310546875,218.65673828125,4787.5
7471,20.43310546875,218.65771484375003,4785.0
7472,20.43310546875,218.65869140625,4783.0
7473,20.43310546875,218.65966796875,4780.5
7474,20.43310546875,218.66064453125,4778.5
7475,20.43310546875,218.66162109374997,4776.5
7476,20.433105468750004,218.66259765625,4774.5
7477,20.43310546875,218.66357421875,4772.5
7478,20.43310546875,218.66455078125,4771.0
7479,20.43310546875,218.66552734375,4769.5
7480,20.43310546875,218.66650390625,4768.0
7481,20.43310546875,218.66748046875,4766.5
7482,20.43310546875,218.66845703125,4765.5
7483,20.43310546875,218.66943359375,4764.0
7484,20.43310546875,218.67041015625,4762.5
7485,20.43310546875,218.67138671875003,4760.5
7486,20.43310546875,218.67236328124997,4755.0
7487,20.43310546875,218.67333984375,4755.0
7488,20.433105468750004,218.67431640625003,4757.0
7489,20.43310546875,218.67529296875,4759.5
7490,20.43310546875,218.67626953125,4762.5
7491,20.43310546875,218.67724609375,4765.5
7492,20.43310546875,218.67822265625,4768.5
7493,20.43310546875,218.67919921875,4771.5
7494,20.433105468750004,218.68017578125,4774.5
7495,20.43310546875,218.68115234375,4777.5
7496,20.43310546875,218.68212890625,4780.5
7497,20.43310546875,218.68310546875003,4783.5
7498,20.43310546875,218.68408203125003,4786.0
7499,20.43310546875,218.68505859375,4789.0
7500,20.43310546875,218.68603515625,4792.0
7501,20.43310546875,218.68701171875,4794.5
7502,20.43310546875,218.68798828125,4797.0
7503,20.43310546875,218.68896484375,4799.5
7504,20.43310546875,218.68994140625,4802.5
7505,20.43310546875,218.69091796875,4805.0
7506,20.43310546875,218.69189453125,4807.5
7507,20.43310546875,218.69287109374997,4809.5
7508,20.43310546875,218.69384765625003,4812.0
7509,20.43310546875,218.69482421875,4814.5
7510,20.43310546875,218.69580078125,4816.5
7511,20.43310546875,218.69677734375,4819.0
7512,20.43310546875,218.69775390625,4821.0
7513,20.43310546875,218.69873046875,4823.0
7514,20.43310546875,218.69970703125,4825.0
7515,20.43310546875,218.70068359375,4827.0
7516,20.43310546875,218.70166015625,4829.0
7517,20.43310546875,218.70263671875003,4831.0
7518,20.43310546875,218.70361328125,4833.5
7519,20.43310546875,218.70458984375,4836.5
7520,20.43310546875,218.70556640625,4834.0
7521,20.43310546875,218.70654296874997,4836.5
7522,20.43310546875,218.70751953125,4840.0
7523,20.43310546875,218.70849609375,4842.5
7524,20.43310546875,218.70947265625,4845.0
7525,20.43310546875,218.71044921875,4846.5
7526,20.43310546875,218.71142578125,4847.5
7527,20.43310546875,218.71240234375,4849.0
7528,20.43310546875,218.71337890625,4850.0
7529,20.43310546875,218.71435546875,4851.0
7530,20.43310546875,218.71533203125003,4852.0
7531,20.43310546875,218.71630859375003,4853.5
7532,20.43310546875,218.71728515625,4854.5
7533,20.43310546875,218.71826171875,4855.5
7534,20.43310546875,218.71923828125,4857.0
7535,20.43310546875,218.72021484375,4858.5
7536,20.43310546875,218.72119140625,4860.0
7537,20.43310546875,218.72216796875,4861.0
7538,20.43310546875,218.72314453125,4861.5
7539,20.43310546875,218.72412109375,4864.5
7540,20.43310546875,218.72509765625003,4867.5
7541,20.43310546875,218.72607421875,4871.0
7542,20.43310546875,218.72705078125,4873.5
7543,20.43310546875,218.72802734375003,4873.0
7544,20.43310546875,218.72900390624997,4875.0
7545,20.43310546875,218.72998046875,4878.0
7546,20.43310546875,218.73095703125,4881.5
7547,20.43310546875,218.73193359375,4885.0
7548,20.43310546875,218.73291015625,4888.5
7549,20.43310546875,218.73388671875,4892.0
7550,20.43310546875,218.73486328125,4895.5
7551,20.43310546875,218.73583984375,4899.0
7552,20.43310546875,218.73681640625,4902.0
7553,20.43310546875,218.73779296874997,4905.5
7554,20.43310546875,218.73876953125,4908.5
7555,20.43310546875,218.73974609375,4911.5
7556,20.43310546875,218.74072265625,4914.0
7557,20.43310546875,218.74169921875,4916.0
7558,20.43310546875,218.74267578125,4920.5
7559,20.433105468750004,218.74365234375,4924.0
7560,20.43310546875,218.74462890625,4927.5
7561,20.43212890625,218.62255859375,4830.0
7562,20.43212890625,218.62353515625,4829.0
7563,20.43212890625,218.62451171875,4828.0
7564,20.43212890625,218.62548828125,4827.5
7565,20.43212890625,218.62646484375003,4826.5
7566,20.43212890625,218.62744140625,4826.0
7567,20.43212890625,218.62841796875,4825.0
7568,20.43212890625,218.62939453125003,4824.0
7569,20.43212890625,218.63037109374997,4823.5
7570,20.43212890625,218.63134765625,4823.0
7571,20.43212890625,218.63232421875,4822.0
7572,20.43212890625,218.63330078125,4821.5
7573,20.43212890625,218.63427734375,4821.0
7574,20.43212890625,218.63525390625,4820.0
7575,20.43212890625,218.63623046875,4819.5
7576,20.43212890625,218.63720703125,4819.0
7577,20.43212890625,218.63818359375,4818.5
7578,20.43212890625,218.63916015625,4818.0
7579,20.43212890625,218.64013671875003,4817.5
7580,20.43212890625,218.64111328125,4817.0
7581,20.43212890625,218.64208984375,4817.0
7582,20.43212890625,218.64306640625,4817.0
7583,20.43212890625,218.64404296875,4817.0
7584,20.43212890625,218.64501953125,4817.0
7585,20.43212890625,218.64599609375,4816.0
7586,20.43212890625,218.64697265625,4815.0
7587,20.43212890625,218.64794921875,4812.0
7588,20.43212890625,218.64892578125003,4809.0
7589,20.43212890625,218.64990234375,4806.0
7590,20.43212890625,218.65087890625,4803.0
7591,20.43212890625,218.65185546875003,4800.5
7592,20.43212890625,218.65283203125,4798.0
7593,20.43212890625,218.65380859375,4795.5
7594,20.43212890625,218.65478515625,4793.0
7595,20.43212890625,218.65576171875,4791.0
7596,20.43212890625,218.65673828125,4788.5
7597,20.43212890625,218.65771484375,4786.5
7598,20.43212890625,218.65869140625,4784.5
7599,20.43212890625,218.65966796875,4782.5
7600,20.43212890625,218.66064453125,4781.0
7601,20.43212890625,218.66162109374997,4779.0
7602,20.43212890625,218.66259765625,4777.5
7603,20.43212890625,218.66357421875,4776.0
7604,20.43212890625,218.66455078125,4775.0
7605,20.43212890625,218.66552734375,4774.0
7606,20.43212890625,218.66650390625,4773.0
7607,20.43212890625,218.66748046875,4772.5
7608,20.43212890625,218.66845703125,4772.0
7609,20.43212890625,218.66943359375,4772.0
7610,20.43212890625,218.67041015625,4771.5
7611,20.43212890625,218.67138671875003,4770.0
7612,20.43212890625,218.67236328125,4765.5
7613,20.43212890625,218.67333984375,4765.0
7614,20.43212890625,218.67431640625003,4765.5
7615,20.43212890625,218.67529296875,4767.0
7616,20.43212890625,218.67626953125,4769.0
7617,20.43212890625,218.67724609375,4771.0
7618,20.43212890625,218.67822265625,4773.5
7619,20.43212890625,218.67919921875,4775.5
7620,20.43212890625,218.68017578125003,4778.0
7621,20.43212890625,218.68115234375,4780.5
7622,20.43212890625,218.68212890625,4783.0
7623,20.43212890625,218.68310546875003,4785.5
7624,20.43212890625,218.68408203124997,4787.5
7625,20.43212890625,218.68505859375,4790.0
7626,20.43212890625,218.68603515625,4792.5
7627,20.43212890625,218.68701171875,4795.0
7628,20.43212890625,218.68798828125,4797.5
7629,20.43212890625,218.68896484375,4799.5
7630,20.43212890625,218.68994140625003,4802.0
7631,20.43212890625,218.69091796875,4804.5
7632,20.43212890625,218.69189453125,4806.5
7633,20.43212890625,218.69287109374997,4808.5
7634,20.43212890625,218.69384765625003,4811.0
7635,20.43212890625,218.69482421875,4813.0
7636,20.43212890625,218.69580078125,4815.0
7637,20.43212890625,218.69677734375,4817.0
7638,20.43212890625,218.69775390625,4819.0
7639,20.43212890625,218.69873046875,4821.0
7640,20.43212890625,218.69970703125,4823.0
7641,20.43212890625,218.70068359375,4825.0
7642,20.43212890625,218.70166015625,4826.5
7643,20.43212890625,218.70263671875003,4828.5
7644,20.43212890625,218.70361328125,4830.5
7645,20.43212890625,218.70458984375,4831.5
7646,20.43212890625,218.70556640625003,4831.0
7647,20.43212890625,218.70654296874997,4835.0
7648,20.43212890625,218.70751953125,4836.5
7649,20.43212890625,218.70849609375,4839.0
7650,20.43212890625,218.70947265625,4841.5
7651,20.43212890625,218.71044921875,4843.0
7652,20.43212890625,218.71142578125,4844.0
7653,20.43212890625,218.71240234375,4845.5
7654,20.43212890625,218.71337890625,4846.5
7655,20.43212890625,218.71435546875,4847.5
7656,20.43212890625,218.71533203125003,4849.0
7657,20.43212890625,218.71630859375003,4850.0
7658,20.43212890625,218.71728515625,4851.0
7659,20.43212890625,218.71826171875,4852.5
7660,20.43212890625,218.71923828125,4854.0
7661,20.43212890625,218.72021484375,4855.0
7662,20.43212890625,218.72119140625,4856.5
7663,20.43212890625,218.72216796875,4858.5
7664,20.43212890625,218.72314453125,4860.5
7665,20.43212890625,218.72412109375,4862.5
7666,20.43212890625,218.72509765625003,4865.0
7667,20.43212890625,218.72607421875,4868.5
7668,20.43212890625,218.72705078125,4871.0
7669,20.43212890625,218.72802734375003,4870.0
7670,20.43212890625,218.72900390624997,4872.5
7671,20.43212890625,218.72998046875,4876.0
7672,20.43212890625,218.73095703125,4879.5
7673,20.43212890625,218.73193359375,4883.0
7674,20.43212890625,218.73291015625,4886.5
7675,20.43212890625,218.73388671875003,4890.0
7676,20.43212890625,218.73486328125,4893.5
7677,20.43212890625,218.73583984375,4897.0
7678,20.43212890625,218.73681640625,4900.5
7679,20.43212890625,218.73779296875003,4904.0
7680,20.43212890625,218.73876953125,4907.0
7681,20.43212890625,218.73974609375,4910.5
7682,20.43212890625,218.74072265625003,4913.5
7683,20.43212890625,218.74169921875,4916.5
7684,20.43212890625,218.74267578125,4920.0
7685,20.43212890625,218.74365234375,4923.0
7686,20.43212890625,218.74462890625,4926.5
7687,20.431152343750004,218.62255859375,4830.0
7688,20.431152343750004,218.62353515625,4829.0
7689,20.431152343750004,218.62451171875,4828.5
7690,20.431152343750004,218.62548828125,4827.5
7691,20.431152343750004,218.62646484375003,4826.5
7692,20.431152343750004,218.62744140625,4826.0
7693,20.431152343750004,218.62841796875,4825.0
7694,20.431152343750004,218.62939453125,4824.0
7695,20.431152343750004,218.63037109374997,4823.5
7696,20.431152343750004,218.63134765625,4822.5
7697,20.431152343750004,218.63232421875,4822.0
7698,20.431152343750004,218.63330078125,4821.0
7699,20.431152343750004,218.63427734375,4820.5
7700,20.431152343750004,218.63525390625,4820.0
7701,20.431152343750004,218.63623046875003,4819.0
7702,20.431152343750004,218.63720703125,4818.5
7703,20.431152343750004,218.63818359375,4818.0
7704,20.431152343750004,218.63916015625,4817.0
7705,20.431152343750004,218.64013671875003,4816.5
7706,20.431152343750004,218.64111328125,4816.0
7707,20.431152343750004,218.64208984375,4815.5
7708,20.431152343750004,218.64306640625,4815.5
7709,20.431152343750004,218.64404296875,4815.5
7710,20.431152343750004,218.64501953125,4815.5
7711,20.431152343750004,218.64599609375,4813.5
7712,20.431152343750004,218.64697265625,4813.5
7713,20.431152343750004,218.64794921875,4811.0
7714,20.431152343750004,218.64892578125003,4808.0
7715,20.431152343750004,218.64990234375,4805.5
7716,20.431152343750004,218.65087890625,4803.0
7717,20.431152343750004,218.65185546875003,4800.5
7718,20.431152343750004,218.65283203125,4798.0
7719,20.431152343750004,218.65380859375,4796.0
7720,20.431152343750004,218.65478515625,4794.0
7721,20.431152343750004,218.65576171875,4792.0
7722,20.431152343750004,218.65673828125,4790.0
7723,20.431152343750004,218.65771484375,4788.0
7724,20.431152343750004,218.65869140625,4786.5
7725,20.431152343750004,218.65966796875,4784.5
7726,20.431152343750004,218.66064453125,4783.0
7727,20.431152343750004,218.66162109374997,4781.5
7728,20.431152343750004,218.66259765625,4780.5
7729,20.431152343750004,218.66357421875,4779.5
7730,20.431152343750004,218.66455078125,4778.5
7731,20.431152343750004,218.66552734375,4778.0
7732,20.431152343750004,218.66650390625,4778.0
7733,20.431152343750004,218.66748046875,4778.0
7734,20.431152343750004,218.66845703125,4779.0
7735,20.431152343750004,218.66943359375,4780.0
7736,20.431152343750004,218.67041015625,4781.0
7737,20.431152343750004,218.67138671875003,4781.5
7738,20.431152343750004,218.67236328125,4777.0
7739,20.431152343750004,218.67333984375,4775.0
7740,20.431152343750004,218.67431640625003,4774.5
7741,20.431152343750004,218.67529296875,4774.5
7742,20.431152343750004,218.67626953125,4775.5
7743,20.431152343750004,218.67724609375,4776.5
7744,20.431152343750004,218.67822265625,4778.0
7745,20.431152343750004,218.67919921875,4779.5
7746,20.431152343750004,218.68017578125003,4781.5
7747,20.431152343750004,218.68115234375,4783.0
7748,20.431152343750004,218.68212890625,4785.0
7749,20.431152343750004,218.68310546875003,4787.0
7750,20.431152343750004,218.68408203125003,4789.5
7751,20.431152343750004,218.68505859375,4791.5
7752,20.431152343750004,218.68603515625,4793.5
7753,20.431152343750004,218.68701171875,4795.5
7754,20.431152343750004,218.68798828125,4797.5
7755,20.431152343750004,218.68896484375,4799.5
7756,20.431152343750004,218.68994140625003,4802.0
7757,20.431152343750004,218.69091796875,4804.0
7758,20.431152343750004,218.69189453125,4806.0
7759,20.431152343750004,218.69287109374997,4808.0
7760,20.431152343750004,218.69384765625003,4810.0
7761,20.431152343750004,218.69482421875,4811.5
7762,20.431152343750004,218.69580078125,4813.5
7763,20.431152343750004,218.69677734375,4815.5
7764,20.431152343750004,218.69775390625,4817.5
7765,20.431152343750004,218.69873046875,4819.0
7766,20.431152343750004,218.69970703125,4821.0
7767,20.431152343750004,218.70068359375,4822.5
7768,20.431152343750004,218.70166015625,4824.5
7769,20.431152343750004,218.70263671875003,4826.0
7770,20.431152343750004,218.70361328125,4827.0
7771,20.431152343750004,218.70458984375,4827.5
7772,20.431152343750004,218.70556640625003,4827.0
7773,20.431152343750004,218.70654296874997,4827.5
7774,20.431152343750004,218.70751953125,4831.5
7775,20.431152343750004,218.70849609375,4835.0
7776,20.431152343750004,218.70947265625,4838.0
7777,20.431152343750004,218.71044921875,4839.5
7778,20.431152343750004,218.71142578125,4840.5
7779,20.431152343750004,218.71240234375,4842.0
7780,20.431152343750004,218.71337890625,4843.0
7781,20.431152343750004,218.71435546875,4844.5
7782,20.431152343750004,218.71533203125003,4845.5
7783,20.431152343750004,218.71630859375003,4846.5
7784,20.431152343750004,218.71728515625,4848.0
7785,20.431152343750004,218.71826171875,4849.0
7786,20.431152343750004,218.71923828125,4850.5
7787,20.431152343750004,218.72021484375,4852.0
7788,20.431152343750004,218.72119140625,4853.5
7789,20.431152343750004,218.72216796875,4855.0
7790,20.431152343750004,218.72314453125,4856.5
7791,20.431152343750004,218.72412109375,4859.0
7792,20.431152343750004,218.72509765625003,4862.0
7793,20.431152343750004,218.72607421875,4864.5
7794,20.431152343750004,218.72705078125,4866.0
7795,20.431152343750004,218.72802734375003,4867.5
7796,20.431152343750004,218.72900390624997,4870.5
7797,20.431152343750004,218.72998046875,4874.0
7798,20.431152343750004,218.73095703125,4877.5
7799,20.431152343750004,218.73193359375,4881.0
7800,20.431152343750004,218.73291015625,4884.5
7801,20.431152343750004,218.73388671875,4888.0
7802,20.431152343750004,218.73486328125,4891.5
7803,20.431152343750004,218.73583984375,4895.5
7804,20.431152343750004,218.73681640625,4899.0
7805,20.431152343750004,218.73779296875003,4902.5
7806,20.431152343750004,218.73876953125,4906.0
7807,20.431152343750004,218.73974609375,4909.5
7808,20.431152343750004,218.74072265625003,4913.0
7809,20.431152343750004,218.74169921875,4916.5
7810,20.431152343750004,218.74267578125,4919.5
7811,20.431152343750004,218.74365234375,4922.5
7812,20.431152343750004,218.74462890625,4925.0
7813,20.43017578125,218.62255859375,4830.0
7814,20.43017578125,218.62353515625,4829.0
7815,20.43017578125,218.62451171875,4828.5
7816,20.43017578125,218.62548828125,4827.5
7817,20.430175781250004,218.62646484375003,4826.5
7818,20.43017578125,218.62744140625,4826.0
7819,20.43017578125,218.62841796875,4825.0
7820,20.43017578125,218.62939453125,4824.0
7821,20.43017578125,218.63037109374997,4823.5
7822,20.43017578125,218.63134765625,4822.5
7823,20.43017578125,218.63232421875,4822.0
7824,20.430175781250004,218.63330078125,4821.0
7825,20.430175781250004,218.63427734375,4820.0
7826,20.43017578125,218.63525390625,4819.5
7827,20.430175781250004,218.63623046875003,4818.5
7828,20.430175781250004,218.63720703125,4818.0
7829,20.43017578125,218.63818359375,4817.0
7830,20.430175781250004,218.63916015625,4816.5
7831,20.430175781250004,218.64013671875003,4815.5
7832,20.43017578125,218.64111328125,4815.0
7833,20.430175781250004,218.64208984375,4814.0
7834,20.43017578125,218.64306640625,4813.5
7835,20.430175781250004,218.64404296875,4812.5
7836,20.43017578125,218.64501953125,4811.0
7837,20.430175781250004,218.64599609375,4810.5
7838,20.43017578125,218.64697265625,4810.5
7839,20.43017578125,218.64794921875,4809.0
7840,20.43017578125,218.64892578125003,4807.0
7841,20.430175781250004,218.64990234375,4804.5
7842,20.43017578125,218.65087890625,4802.5
7843,20.430175781250004,218.65185546875003,4800.5
7844,20.43017578125,218.65283203125,4798.5
7845,20.43017578125,218.65380859375,4796.5
7846,20.43017578125,218.65478515625,4794.5
7847,20.43017578125,218.65576171875,4793.0
7848,20.43017578125,218.65673828125,4791.0
7849,20.43017578125,218.65771484375,4789.5
7850,20.43017578125,218.65869140625,4788.0
7851,20.43017578125,218.65966796875,4786.5
7852,20.430175781250004,218.66064453125,4785.5
7853,20.43017578125,218.66162109374997,4784.0
7854,20.43017578125,218.66259765625,4783.5
7855,20.43017578125,218.66357421875,4782.5
7856,20.43017578125,218.66455078125,4782.0
7857,20.43017578125,218.66552734375,4782.0
7858,20.43017578125,218.66650390625,4782.5
7859,20.43017578125,218.66748046875,4783.5
7860,20.43017578125,218.66845703125,4784.5
7861,20.430175781250004,218.66943359375,4786.5
7862,20.43017578125,218.67041015625,4788.5
7863,20.43017578125,218.67138671875003,4789.0
7864,20.43017578125,218.67236328125,4786.0
7865,20.43017578125,218.67333984375,4783.5
7866,20.430175781250004,218.67431640625003,4782.0
7867,20.43017578125,218.67529296875,4781.5
7868,20.43017578125,218.67626953125,4781.5
7869,20.43017578125,218.67724609375,4781.5
7870,20.43017578125,218.67822265625,4782.5
7871,20.430175781250004,218.67919921875,4783.5
7872,20.43017578125,218.68017578125,4784.5
7873,20.43017578125,218.68115234374997,4786.0
7874,20.43017578125,218.68212890625,4787.5
7875,20.430175781250004,218.68310546875003,4789.0
7876,20.43017578125,218.68408203125003,4791.0
7877,20.43017578125,218.68505859375,4792.5
7878,20.430175781250004,218.68603515625,4794.5
7879,20.43017578125,218.68701171875,4796.0
7880,20.43017578125,218.68798828125,4798.0
7881,20.43017578125,218.68896484375,4800.0
7882,20.43017578125,218.68994140625,4801.5
7883,20.43017578125,218.69091796875,4803.5
7884,20.43017578125,218.69189453125,4805.0
7885,20.43017578125,218.69287109374997,4807.0
7886,20.430175781250004,218.69384765625003,4809.0
7887,20.43017578125,218.69482421875,4810.5
7888,20.43017578125,218.69580078125,4812.0
7889,20.43017578125,218.69677734375,4814.0
7890,20.43017578125,218.69775390625,4815.5
7891,20.43017578125,218.69873046875,4817.0
7892,20.430175781250004,218.69970703125,4819.0
7893,20.43017578125,218.70068359375,4820.5
7894,20.430175781250004,218.70166015625,4822.0
7895,20.43017578125,218.70263671875003,4823.5
7896,20.43017578125,218.70361328124997,4824.5
7897,20.430175781250004,218.70458984375,4825.0
7898,20.43017578125,218.70556640625,4825.5
7899,20.43017578125,218.70654296874997,4827.0
7900,20.43017578125,218.70751953125,4829.0
7901,20.430175781250004,218.70849609375,4831.5
7902,20.43017578125,218.70947265625,4833.5
7903,20.43017578125,218.71044921875,4835.5
7904,20.43017578125,218.71142578125,4837.0
7905,20.43017578125,218.71240234375,4838.5
7906,20.43017578125,218.71337890625,4839.5
7907,20.43017578125,218.71435546875,4841.0
7908,20.43017578125,218.71533203125003,4842.0
7909,20.430175781250004,218.71630859375003,4843.5
7910,20.43017578125,218.71728515625,4844.5
7911,20.43017578125,218.71826171875,4846.0
7912,20.43017578125,218.71923828125,4847.5
7913,20.430175781250004,218.72021484375,4848.5
7914,20.43017578125,218.72119140625,4850.0
7915,20.43017578125,218.72216796875,4851.5
7916,20.430175781250004,218.72314453125,4854.0
7917,20.430175781250004,218.72412109375,4856.0
7918,20.43017578125,218.72509765625003,4859.0
7919,20.43017578125,218.72607421875,4861.5
7920,20.43017578125,218.72705078125,4864.0
7921,20.43017578125,218.72802734375003,4865.5
7922,20.43017578125,218.72900390625003,4868.5
7923,20.430175781250004,218.72998046875,4872.0
7924,20.43017578125,218.73095703125,4875.5
7925,20.43017578125,218.73193359375,4879.0
7926,20.43017578125,218.73291015625,4882.5
7927,20.43017578125,218.73388671875,4886.5
7928,20.43017578125,218.73486328125,4890.0
7929,20.430175781250004,218.73583984375,4893.5
7930,20.43017578125,218.73681640625,4897.0
7931,20.43017578125,218.73779296875003,4901.0
7932,20.43017578125,218.73876953125,4905.0
7933,20.43017578125,218.73974609375,4909.0
7934,20.43017578125,218.74072265625003,4913.5
7935,20.43017578125,218.74169921875,4918.5
7936,20.43017578125,218.74267578125,4920.0
7937,20.430175781250004,218.74365234375,4921.5
7938,20.43017578125,218.74462890625,4924.0
7939,20.429199218750004,218.62255859375,4830.0
7940,20.429199218749996,218.62353515625,4829.5
7941,20.429199218749996,218.62451171875,4828.5
7942,20.429199218750004,218.62548828125,4827.5
7943,20.429199218750004,218.62646484375003,4826.5
7944,20.429199218750004,218.62744140625,4826.0
7945,20.429199218750004,218.62841796875,4825.0
7946,20.429199218749996,218.62939453125,4824.0
7947,20.429199218750004,218.63037109374997,4823.5
7948,20.429199218749996,218.63134765625,4822.5
7949,20.429199218750004,218.63232421875,4821.5
7950,20.429199218750004,218.63330078125,4821.0
7951,20.429199218749996,218.63427734375,4820.0
7952,20.429199218750004,218.63525390625,4819.0
7953,20.429199218750004,218.63623046875003,4818.0
7954,20.429199218750004,218.63720703125,4817.5
7955,20.429199218750004,218.63818359375,4816.5
7956,20.429199218750004,218.63916015625,4815.5
7957,20.429199218750004,218.64013671875003,4814.5
7958,20.429199218750004,218.64111328125,4813.5
7959,20.429199218749996,218.64208984375,4812.5
7960,20.429199218749996,218.64306640625,4811.5
7961,20.429199218750004,218.64404296875,4810.5
7962,20.429199218750004,218.64501953125,4809.0
7963,20.429199218750004,218.64599609375,4808.5
7964,20.429199218750004,218.64697265625,4808.0
7965,20.429199218749996,218.64794921875,4807.0
7966,20.429199218750004,218.64892578125003,4805.5
7967,20.429199218750004,218.64990234375,4803.5
7968,20.429199218750004,218.65087890625,4802.0
7969,20.429199218750004,218.65185546875003,4800.0
7970,20.429199218750004,218.65283203125,4798.5
7971,20.429199218749996,218.65380859375,4797.0
7972,20.429199218749996,218.65478515625,4795.0
7973,20.429199218750004,218.65576171875,4793.5
7974,20.429199218750004,218.65673828125,4792.5
7975,20.429199218749996,218.65771484375,4791.0
7976,20.429199218750004,218.65869140625,4789.5
7977,20.429199218750004,218.65966796875,4788.5
7978,20.429199218749996,218.66064453125,4787.5
7979,20.429199218749996,218.66162109374997,4786.5
7980,20.429199218750004,218.66259765625,4786.0
7981,20.429199218750004,218.66357421875,4785.5
7982,20.429199218750004,218.66455078125,4785.5
7983,20.429199218750004,218.66552734375,4786.0
7984,20.429199218750004,218.66650390625,4786.5
7985,20.429199218749996,218.66748046875003,4788.0
7986,20.429199218749996,218.66845703125,4789.5
7987,20.429199218750004,218.66943359375,4792.0
7988,20.429199218750004,218.67041015625,4795.0
7989,20.429199218749996,218.67138671875003,4797.5
7990,20.429199218749996,218.67236328125,4794.5
7991,20.429199218750004,218.67333984375,4791.5
7992,20.429199218750004,218.67431640625003,4789.5
7993,20.429199218750004,218.67529296875,4788.0
7994,20.429199218749996,218.67626953125,4787.0
7995,20.429199218750004,218.67724609375,4786.5
7996,20.429199218749996,218.67822265625,4786.5
7997,20.429199218750004,218.67919921875,4787.0
7998,20.429199218750004,218.68017578125,4787.5
7999,20.429199218750004,218.68115234375,4788.5
8000,20.429199218750004,218.68212890625,4789.5
8001,20.429199218750004,218.68310546875003,4791.0
8002,20.429199218749996,218.68408203125003,4792.0
8003,20.429199218750004,218.68505859375,4793.5
8004,20.429199218750004,218.68603515625,4795.0
8005,20.429199218750004,218.68701171875,4796.5
8006,20.429199218750004,218.68798828125,4798.5
8007,20.429199218749996,218.68896484375,4800.0
8008,20.429199218750004,218.68994140625,4801.5
8009,20.429199218750004,218.69091796875,4803.0
8010,20.429199218750004,218.69189453125,4804.5
8011,20.429199218750004,218.69287109374997,4806.0
8012,20.429199218750004,218.69384765625003,4808.0
8013,20.429199218749996,218.69482421875,4809.5
8014,20.429199218750004,218.69580078125,4811.0
8015,20.429199218750004,218.69677734375,4812.5
8016,20.429199218749996,218.69775390625,4814.0
8017,20.429199218750004,218.69873046875,4815.5
8018,20.429199218749996,218.69970703125,4817.0
8019,20.429199218749996,218.70068359375,4818.5
8020,20.429199218749996,218.70166015625,4819.5
8021,20.429199218750004,218.70263671875003,4821.0
8022,20.429199218750004,218.70361328125,4822.0
8023,20.429199218750004,218.70458984375,4823.0
8024,20.429199218750004,218.70556640625003,4823.0
8025,20.429199218749996,218.70654296874997,4824.5
8026,20.429199218750004,218.70751953125,4827.0
8027,20.429199218750004,218.70849609375,4829.5
8028,20.429199218750004,218.70947265625,4831.0
8029,20.429199218749996,218.71044921875,4833.0
8030,20.429199218749996,218.71142578125,4834.0
8031,20.429199218750004,218.71240234375,4835.5
8032,20.429199218749996,218.71337890625,4836.5
8033,20.429199218750004,218.71435546875,4837.5
8034,20.429199218749996,218.71533203124997,4839.0
8035,20.429199218749996,218.71630859375003,4840.0
8036,20.429199218750004,218.71728515625,4841.5
8037,20.429199218749996,218.71826171875,4842.5
8038,20.429199218750004,218.71923828125,4844.0
8039,20.429199218750004,218.72021484375,4845.0
8040,20.429199218749996,218.72119140625,4846.5
8041,20.429199218749996,218.72216796875,4847.5
8042,20.429199218750004,218.72314453125,4848.5
8043,20.429199218749996,218.72412109375,4852.0
8044,20.429199218749996,218.72509765625003,4856.0
8045,20.429199218749996,218.72607421875,4859.5
8046,20.429199218750004,218.72705078125,4863.0
8047,20.429199218749996,218.72802734375003,4864.5
8048,20.429199218750004,218.72900390625003,4867.0
8049,20.429199218749996,218.72998046875,4870.5
8050,20.429199218749996,218.73095703125,4873.5
8051,20.429199218749996,218.73193359375,4877.0
8052,20.429199218749996,218.73291015625,4881.0
8053,20.429199218750004,218.73388671875,4884.5
8054,20.429199218750004,218.73486328125,4888.0
8055,20.429199218750004,218.73583984375,4891.5
8056,20.429199218750004,218.73681640625,4895.5
8057,20.429199218750004,218.73779296875003,4899.5
8058,20.429199218750004,218.73876953125,4903.5
8059,20.429199218750004,218.73974609375,4907.5
8060,20.429199218750004,218.74072265625003,4911.5
8061,20.429199218749996,218.74169921875,4915.0
8062,20.429199218750004,218.74267578125,4917.5
8063,20.429199218749996,218.74365234375,4920.0
8064,20.429199218749996,218.74462890625,4922.0
8065,20.428222656250004,218.62255859375,4830.5
8066,20.428222656250004,218.62353515625,4829.5
8067,20.428222656249996,218.62451171875,4828.5
8068,20.428222656250004,218.62548828125,4827.5
8069,20.428222656250004,218.62646484375003,4827.0
8070,20.428222656250004,218.62744140625,4826.0
8071,20.428222656250004,218.62841796875,4825.0
8072,20.428222656249996,218.62939453125,4824.0
8073,20.428222656249996,218.63037109374997,4823.0
8074,20.428222656249996,218.63134765625,4822.5
8075,20.428222656249996,218.63232421875,4821.5
8076,20.428222656250004,218.63330078125,4820.5
8077,20.428222656250004,218.63427734375,4819.5
8078,20.428222656249996,218.63525390625,4818.5
8079,20.428222656250004,218.63623046875,4818.0
8080,20.428222656250004,218.63720703125,4817.0
8081,20.428222656249996,218.63818359375,4816.0
8082,20.428222656250004,218.63916015625,4815.0
8083,20.428222656250004,218.64013671875003,4813.5
8084,20.428222656250004,218.64111328125,4812.5
8085,20.428222656250004,218.64208984375,4811.5
8086,20.428222656249996,218.64306640625,4810.0
8087,20.428222656249996,218.64404296875,4808.5
8088,20.428222656249996,218.64501953125,4807.0
8089,20.428222656250004,218.64599609375,4806.0
8090,20.428222656250004,218.64697265625,4805.5
8091,20.428222656249996,218.64794921875,4805.0
8092,20.428222656250004,218.64892578125003,4804.0
8093,20.428222656250004,218.64990234375,4802.5
8094,20.428222656249996,218.65087890625,4801.5
8095,20.428222656249996,218.65185546875003,4800.0
8096,20.428222656250004,218.65283203125,4798.5
8097,20.428222656249996,218.65380859375,4797.0
8098,20.428222656249996,218.65478515625,4796.0
8099,20.428222656249996,218.65576171875,4794.5
8100,20.428222656250004,218.65673828125,4793.5
8101,20.428222656249996,218.65771484375003,4792.0
8102,20.428222656249996,218.65869140625,4791.0
8103,20.428222656249996,218.65966796875,4790.0
8104,20.428222656250004,218.66064453125,4789.5
8105,20.428222656249996,218.66162109374997,4789.0
8106,20.428222656250004,218.66259765625,4788.5
8107,20.428222656249996,218.66357421875,4788.5
8108,20.428222656249996,218.66455078125,4788.5
8109,20.428222656249996,218.66552734375,4789.0
8110,20.428222656250004,218.66650390625,4790.0
8111,20.428222656250004,218.66748046875,4792.0
8112,20.428222656250004,218.66845703125,4794.0
8113,20.428222656249996,218.66943359375,4796.5
8114,20.428222656250004,218.67041015625,4799.0
8115,20.428222656250004,218.67138671875003,4801.0
8116,20.428222656250004,218.67236328124997,4800.5
8117,20.428222656249996,218.67333984375,4798.0
8118,20.428222656250004,218.67431640625003,4795.5
8119,20.428222656250004,218.67529296875,4793.0
8120,20.428222656249996,218.67626953125,4791.5
8121,20.428222656250004,218.67724609375,4790.5
8122,20.428222656249996,218.67822265625,4790.0
8123,20.428222656249996,218.67919921875,4790.0
8124,20.428222656250004,218.68017578125003,4790.5
8125,20.428222656250004,218.68115234375,4791.0
8126,20.428222656250004,218.68212890625,4791.5
8127,20.428222656250004,218.68310546875003,4792.5
8128,20.428222656250004,218.68408203125003,4793.5
8129,20.428222656250004,218.68505859375,4795.0
8130,20.428222656250004,218.68603515625,4796.0
8131,20.428222656250004,218.68701171875,4797.5
8132,20.428222656250004,218.68798828125,4798.5
8133,20.428222656250004,218.68896484375,4800.0
8134,20.428222656249996,218.68994140625,4801.5
8135,20.428222656249996,218.69091796875,4802.5
8136,20.428222656249996,218.69189453125,4804.0
8137,20.428222656249996,218.69287109374997,4805.5
8138,20.428222656250004,218.69384765625003,4807.0
8139,20.428222656249996,218.69482421875,4808.0
8140,20.428222656250004,218.69580078125,4809.5
8141,20.428222656250004,218.69677734375,4811.0
8142,20.428222656249996,218.69775390625,4812.0
8143,20.428222656249996,218.69873046875,4813.5
8144,20.428222656249996,218.69970703125,4815.0
8145,20.428222656249996,218.70068359375,4816.0
8146,20.428222656250004,218.70166015625,4817.5
8147,20.428222656249996,218.70263671875003,4818.5
8148,20.428222656249996,218.70361328125,4819.5
8149,20.428222656250004,218.70458984375,4820.0
8150,20.428222656249996,218.70556640625003,4820.5
8151,20.428222656249996,218.70654296874997,4824.0
8152,20.428222656250004,218.70751953125,4825.5
8153,20.428222656250004,218.70849609375,4827.5
8154,20.428222656249996,218.70947265625,4829.5
8155,20.428222656249996,218.71044921875,4830.5
8156,20.428222656249996,218.71142578125,4831.0
8157,20.428222656249996,218.71240234375,4832.0
8158,20.428222656249996,218.71337890625,4833.0
8159,20.428222656249996,218.71435546875,4834.0
8160,20.428222656249996,218.71533203125003,4835.5
8161,20.428222656250004,218.71630859375003,4837.0
8162,20.428222656249996,218.71728515625,4838.0
8163,20.428222656249996,218.71826171875,4839.5
8164,20.428222656250004,218.71923828125,4841.0
8165,20.428222656250004,218.72021484375003,4842.0
8166,20.428222656250004,218.72119140625,4843.0
8167,20.428222656249996,218.72216796875,4844.0
8168,20.428222656250004,218.72314453125,4846.0
8169,20.428222656250004,218.72412109375,4849.0
8170,20.428222656249996,218.72509765625003,4853.0
8171,20.428222656249996,218.72607421875,4857.0
8172,20.428222656250004,218.72705078125,4860.5
8173,20.428222656250004,218.72802734375003,4862.5
8174,20.428222656249996,218.72900390624997,4865.5
8175,20.428222656250004,218.72998046875,4868.5
8176,20.428222656250004,218.73095703125,4872.0
8177,20.428222656249996,218.73193359375,4875.5
8178,20.428222656250004,218.73291015625,4879.0
8179,20.428222656250004,218.73388671875,4882.5
8180,20.428222656249996,218.73486328125,4886.0
8181,20.428222656249996,218.73583984375,4890.0
8182,20.428222656250004,218.73681640625,4893.5
8183,20.428222656250004,218.73779296875003,4897.5
8184,20.428222656250004,218.73876953125,4901.5
8185,20.428222656250004,218.73974609375,4905.5
8186,20.428222656250004,218.74072265625,4909.5
8187,20.428222656249996,218.74169921875,4914.0
8188,20.428222656249996,218.74267578125,4916.0
8189,20.428222656250004,218.74365234375,4918.0
8190,20.428222656249996,218.74462890625,4920.0
8191,20.42724609375,218.62255859375,4830.5
8192,20.42724609375,218.62353515625,4829.5
8193,20.42724609375,218.62451171875,4828.5
8194,20.42724609375,218.62548828125,4827.5
8195,20.427246093750004,218.62646484375003,4827.0
8196,20.42724609375,218.62744140625,4826.0
8197,20.42724609375,218.62841796875,4825.0
8198,20.42724609375,218.62939453125,4824.0
8199,20.427246093750004,218.63037109374997,4823.0
8200,20.427246093750004,218.63134765625,4822.0
8201,20.42724609375,218.63232421875,4821.0
8202,20.427246093750004,218.63330078125,4820.5
8203,20.42724609375,218.63427734375,4819.5
8204,20.42724609375,218.63525390625,4818.5
8205,20.42724609375,218.63623046875003,4817.5
8206,20.427246093750004,218.63720703125,4816.5
8207,20.42724609375,218.63818359375,4815.0
8208,20.427246093750004,218.63916015625,4814.0
8209,20.42724609375,218.64013671875003,4813.0
8210,20.42724609375,218.64111328125,4811.5
8211,20.42724609375,218.64208984375,4810.0
8212,20.42724609375,218.64306640625,4808.5
8213,20.42724609375,218.64404296875,4807.0
8214,20.42724609375,218.64501953125,4805.0
8215,20.427246093750004,218.64599609375,4803.5
8216,20.42724609375,218.64697265625,4804.0
8217,20.42724609375,218.64794921875,4803.5
8218,20.427246093750004,218.64892578125003,4802.5
8219,20.427246093750004,218.64990234375,4801.5
8220,20.42724609375,218.65087890625,4800.5
8221,20.42724609375,218.65185546875003,4799.5
8222,20.42724609375,218.65283203125,4798.5
8223,20.42724609375,218.65380859375,4797.5
8224,20.42724609375,218.65478515625,4796.5
8225,20.427246093750004,218.65576171875,4795.5
8226,20.42724609375,218.65673828125,4794.5
8227,20.42724609375,218.65771484375003,4793.5
8228,20.42724609375,218.65869140625,4792.5
8229,20.427246093750004,218.65966796875,4792.0
8230,20.427246093750004,218.66064453125,4791.0
8231,20.42724609375,218.66162109374997,4791.0
8232,20.427246093750004,218.66259765625,4790.5
8233,20.427246093750004,218.66357421875,4791.0
8234,20.42724609375,218.66455078125,4791.5
8235,20.42724609375,218.66552734375,4792.0
8236,20.42724609375,218.66650390625,4793.5
8237,20.42724609375,218.66748046875,4795.0
8238,20.42724609375,218.66845703125,4797.0
8239,20.427246093750004,218.66943359375,4799.5
8240,20.42724609375,218.67041015625,4802.5
8241,20.42724609375,218.67138671875003,4805.0
8242,20.42724609375,218.67236328125,4808.0
8243,20.42724609375,218.67333984375,4804.5
8244,20.42724609375,218.67431640625003,4800.5
8245,20.42724609375,218.67529296875,4797.5
8246,20.42724609375,218.67626953125,4795.5
8247,20.42724609375,218.67724609375,4794.0
8248,20.42724609375,218.67822265625,4793.0
8249,20.42724609375,218.67919921875,4792.5
8250,20.42724609375,218.68017578125003,4792.5
8251,20.42724609375,218.68115234375,4793.0
8252,20.42724609375,218.68212890625,4793.5
8253,20.42724609375,218.68310546875,4794.0
8254,20.42724609375,218.68408203124997,4795.0
8255,20.42724609375,218.68505859375,4796.0
8256,20.427246093750004,218.68603515625,4796.5
8257,20.42724609375,218.68701171875,4798.0
8258,20.42724609375,218.68798828125,4799.0
8259,20.42724609375,218.68896484375,4800.0
8260,20.42724609375,218.68994140625,4801.0
8261,20.42724609375,218.69091796875,4802.5
8262,20.42724609375,218.69189453125,4803.5
8263,20.42724609375,218.69287109374997,4804.5
8264,20.42724609375,218.69384765625003,4806.0
8265,20.42724609375,218.69482421875,4807.0
8266,20.42724609375,218.69580078125,4808.5
8267,20.427246093750004,218.69677734375,4809.5
8268,20.42724609375,218.69775390625,4810.5
8269,20.42724609375,218.69873046875,4812.0
8270,20.42724609375,218.69970703125,4813.0
8271,20.42724609375,218.70068359375,4814.0
8272,20.427246093750004,218.70166015625,4815.5
8273,20.42724609375,218.70263671875003,4816.5
8274,20.42724609375,218.70361328125,4817.0
8275,20.42724609375,218.70458984375,4817.0
8276,20.42724609375,218.70556640625003,4816.5
8277,20.42724609375,218.70654296874997,4818.5
8278,20.42724609375,218.70751953125,4822.0
8279,20.42724609375,218.70849609375,4824.5
8280,20.42724609375,218.70947265625,4827.0
8281,20.427246093750004,218.71044921875,4827.5
8282,20.42724609375,218.71142578125,4828.0
8283,20.42724609375,218.71240234375,4828.5
8284,20.42724609375,218.71337890625,4829.5
8285,20.427246093750004,218.71435546875,4830.5
8286,20.42724609375,218.71533203125003,4832.0
8287,20.42724609375,218.71630859375003,4833.5
8288,20.42724609375,218.71728515625,4835.0
8289,20.427246093750004,218.71826171875,4836.5
8290,20.42724609375,218.71923828125,4838.0
8291,20.427246093750004,218.72021484375003,4839.0
8292,20.427246093750004,218.72119140625,4840.5
8293,20.42724609375,218.72216796875,4841.5
8294,20.42724609375,218.72314453125,4842.5
8295,20.427246093750004,218.72412109375,4846.5
8296,20.42724609375,218.72509765625,4851.0
8297,20.42724609375,218.72607421875,4855.0
8298,20.427246093750004,218.72705078125,4858.5
8299,20.42724609375,218.72802734375,4861.0
8300,20.42724609375,218.72900390624997,4863.5
8301,20.42724609375,218.72998046875,4866.5
8302,20.42724609375,218.73095703125,4870.0
8303,20.427246093750004,218.73193359375,4873.5
8304,20.42724609375,218.73291015625,4877.0
8305,20.427246093750004,218.73388671875003,4880.5
8306,20.42724609375,218.73486328125,4884.0
8307,20.42724609375,218.73583984375,4888.0
8308,20.42724609375,218.73681640625,4891.5
8309,20.42724609375,218.73779296874997,4895.5
8310,20.427246093750004,218.73876953125,4899.5
8311,20.42724609375,218.73974609375,4903.5
8312,20.427246093750004,218.74072265625,4906.5
8313,20.42724609375,218.74169921875,4909.0
8314,20.42724609375,218.74267578125,4913.0
8315,20.42724609375,218.74365234375,4915.5
8316,20.42724609375,218.74462890625,4918.0
8317,20.42626953125,218.62255859375,4830.5
8318,20.42626953125,218.62353515625,4829.5
8319,20.426269531250007,218.62451171875,4828.5
8320,20.42626953125,218.62548828125,4827.5
8321,20.426269531250007,218.62646484375003,4827.0
8322,20.42626953125,218.62744140625,4826.0
8323,20.42626953125,218.62841796875,4825.0
8324,20.42626953125,218.62939453125003,4824.0
8325,20.426269531250007,218.63037109374997,4823.0
8326,20.42626953125,218.63134765625,4822.0
8327,20.42626953125,218.63232421875,4821.0
8328,20.42626953125,218.63330078125,4820.0
8329,20.42626953125,218.63427734375,4819.0
8330,20.42626953125,218.63525390625,4818.0
8331,20.426269531250007,218.63623046875003,4817.0
8332,20.426269531250007,218.63720703125,4816.0
8333,20.42626953125,218.63818359375,4814.5
8334,20.42626953125,218.63916015625,4813.5
8335,20.426269531250007,218.64013671875003,4812.0
8336,20.42626953125,218.64111328125,4810.5
8337,20.42626953125,218.64208984375,4809.0
8338,20.42626953125,218.64306640625,4807.5
8339,20.426269531250007,218.64404296875,4806.0
8340,20.42626953125,218.64501953125,4804.0
8341,20.426269531250007,218.64599609375,4802.5
8342,20.42626953125,218.64697265625,4802.0
8343,20.42626953125,218.64794921875,4802.0
8344,20.42626953125,218.64892578125003,4801.5
8345,20.426269531250007,218.64990234375,4801.0
8346,20.42626953125,218.65087890625,4800.0
8347,20.42626953125,218.65185546875003,4799.5
8348,20.42626953125,218.65283203125,4798.5
8349,20.42626953125,218.65380859375,4797.5
8350,20.42626953125,218.65478515625,4797.0
8351,20.42626953125,218.65576171875,4796.0
8352,20.42626953125,218.65673828125,4795.0
8353,20.42626953125,218.65771484375,4794.5
8354,20.42626953125,218.65869140625,4794.0
8355,20.42626953125,218.65966796875,4793.5
8356,20.42626953125,218.66064453125,4793.0
8357,20.426269531250007,218.66162109374997,4792.5
8358,20.426269531250007,218.66259765625,4792.5
8359,20.42626953125,218.66357421875,4793.0
8360,20.42626953125,218.66455078125,4793.5
8361,20.426269531250007,218.66552734375,4794.5
8362,20.42626953125,218.66650390625,4796.0
8363,20.42626953125,218.66748046875003,4797.5
8364,20.426269531250007,218.66845703125,4800.0
8365,20.42626953125,218.66943359375,4802.5
8366,20.426269531250007,218.67041015625,4805.5
8367,20.426269531250007,218.67138671875003,4808.0
8368,20.42626953125,218.67236328125,4809.5
8369,20.42626953125,218.67333984375,4807.0
8370,20.426269531250007,218.67431640625003,4803.5
8371,20.426269531250007,218.67529296875,4800.5
8372,20.42626953125,218.67626953125,4798.5
8373,20.426269531250007,218.67724609375,4797.0
8374,20.42626953125,218.67822265625,4795.5
8375,20.426269531250007,218.67919921875,4795.0
8376,20.426269531250007,218.68017578125,4795.0
8377,20.426269531250007,218.68115234375,4795.0
8378,20.42626953125,218.68212890625,4795.0
8379,20.426269531250007,218.68310546875003,4795.5
8380,20.42626953125,218.68408203125003,4796.0
8381,20.426269531250007,218.68505859375,4796.5
8382,20.426269531250007,218.68603515625,4797.5
8383,20.42626953125,218.68701171875,4798.5
8384,20.42626953125,218.68798828125,4799.0
8385,20.42626953125,218.68896484375,4800.0
8386,20.42626953125,218.68994140625003,4801.0
8387,20.42626953125,218.69091796875,4802.0
8388,20.42626953125,218.69189453125,4803.0
8389,20.42626953125,218.69287109374997,4804.0
8390,20.426269531250007,218.69384765625003,4805.0
8391,20.42626953125,218.69482421875,4806.0
8392,20.426269531250007,218.69580078125,4807.0
8393,20.42626953125,218.69677734375,4808.0
8394,20.42626953125,218.69775390625,4809.0
8395,20.42626953125,218.69873046875,4810.0
8396,20.42626953125,218.69970703125,4811.0
8397,20.42626953125,218.70068359375,4812.0
8398,20.42626953125,218.70166015625,4813.5
8399,20.426269531250007,218.70263671875003,4814.5
8400,20.42626953125,218.70361328125,4816.0
8401,20.426269531250007,218.70458984375,4817.5
8402,20.42626953125,218.70556640625003,4818.0
8403,20.42626953125,218.70654296875003,4818.5
8404,20.42626953125,218.70751953125,4820.0
8405,20.42626953125,218.70849609375,4821.5
8406,20.42626953125,218.70947265625,4823.0
8407,20.42626953125,218.71044921875,4823.5
8408,20.42626953125,218.71142578125,4824.0
8409,20.42626953125,218.71240234375,4824.5
8410,20.42626953125,218.71337890625,4825.5
8411,20.42626953125,218.71435546875,4827.0
8412,20.42626953125,218.71533203125003,4828.5
8413,20.42626953125,218.71630859375003,4830.0
8414,20.42626953125,218.71728515625,4832.0
8415,20.426269531250007,218.71826171875,4833.5
8416,20.42626953125,218.71923828125,4835.0
8417,20.42626953125,218.72021484375,4836.5
8418,20.42626953125,218.72119140625,4838.5
8419,20.42626953125,218.72216796875,4840.0
8420,20.42626953125,218.72314453125,4842.0
8421,20.42626953125,218.72412109375,4845.5
8422,20.42626953125,218.72509765625003,4849.0
8423,20.42626953125,218.72607421875,4853.0
8424,20.42626953125,218.72705078125,4856.0
8425,20.42626953125,218.72802734375,4858.5
8426,20.42626953125,218.72900390624997,4861.5
8427,20.42626953125,218.72998046875,4864.5
8428,20.42626953125,218.73095703125,4868.0
8429,20.426269531250007,218.73193359375,4871.5
8430,20.42626953125,218.73291015625,4875.0
8431,20.42626953125,218.73388671875,4878.5
8432,20.42626953125,218.73486328125,4882.0
8433,20.42626953125,218.73583984375,4886.0
8434,20.42626953125,218.73681640625,4889.5
8435,20.42626953125,218.73779296875003,4893.5
8436,20.42626953125,218.73876953125,4897.5
8437,20.42626953125,218.73974609375,4901.5
8438,20.426269531250007,218.74072265625003,4905.5
8439,20.42626953125,218.74169921875,4909.0
8440,20.42626953125,218.74267578125,4911.5
8441,20.42626953125,218.74365234375,4913.5
8442,20.42626953125,218.74462890625,4915.5
8443,20.425292968749996,218.62255859375,4830.5
8444,20.425292968749996,218.62353515625,4829.5
8445,20.425292968749996,218.62451171875,4828.5
8446,20.425292968750004,218.62548828125,4828.0
8447,20.425292968750004,218.62646484375003,4827.0
8448,20.425292968750004,218.62744140625,4826.0
8449,20.425292968750004,218.62841796875,4825.0
8450,20.425292968749996,218.62939453125,4824.0
8451,20.425292968749996,218.63037109374997,4823.0
8452,20.425292968750004,218.63134765625,4822.0
8453,20.425292968750004,218.63232421875,4821.0
8454,20.425292968750004,218.63330078125,4820.0
8455,20.425292968749996,218.63427734375,4819.0
8456,20.425292968749996,218.63525390625,4817.5
8457,20.425292968750004,218.63623046875003,4816.5
8458,20.425292968749996,218.63720703125,4815.5
8459,20.425292968749996,218.63818359375,4814.0
8460,20.425292968749996,218.63916015625,4813.0
8461,20.425292968750004,218.64013671875003,4811.5
8462,20.425292968749996,218.64111328125,4810.0
8463,20.425292968749996,218.64208984375,4808.5
8464,20.425292968749996,218.64306640625,4806.5
8465,20.425292968750004,218.64404296875,4805.0
8466,20.425292968749996,218.64501953125,4803.0
8467,20.425292968750004,218.64599609375,4801.5
8468,20.425292968750004,218.64697265625,4801.0
8469,20.425292968749996,218.64794921875,4800.5
8470,20.425292968750004,218.64892578125003,4800.5
8471,20.425292968749996,218.64990234375,4800.0
8472,20.425292968750004,218.65087890625,4800.0
8473,20.425292968749996,218.65185546875003,4799.5
8474,20.425292968750004,218.65283203125,4798.5
8475,20.425292968749996,218.65380859375,4798.0
8476,20.425292968749996,218.65478515625,4797.5
8477,20.425292968749996,218.65576171875,4796.5
8478,20.425292968749996,218.65673828125,4796.0
8479,20.425292968749996,218.65771484375003,4795.5
8480,20.425292968749996,218.65869140625,4795.0
8481,20.425292968749996,218.65966796875,4794.5
8482,20.425292968749996,218.66064453125,4794.5
8483,20.425292968749996,218.66162109374997,4794.5
8484,20.425292968750004,218.66259765625,4794.5
8485,20.425292968750004,218.66357421875,4795.0
8486,20.425292968749996,218.66455078125,4795.5
8487,20.425292968749996,218.66552734375,4796.5
8488,20.425292968749996,218.66650390625,4798.0
8489,20.425292968750004,218.66748046875,4800.0
8490,20.425292968750004,218.66845703125,4802.0
8491,20.425292968750004,218.66943359375,4805.0
8492,20.425292968749996,218.67041015625,4808.0
8493,20.425292968749996,218.67138671875003,4811.0
8494,20.425292968749996,218.67236328124997,4811.0
8495,20.425292968750004,218.67333984375,4808.5
8496,20.425292968750004,218.67431640625003,4805.5
8497,20.425292968750004,218.67529296875,4803.0
8498,20.425292968749996,218.67626953125,4800.5
8499,20.425292968750004,218.67724609375,4799.0
8500,20.425292968749996,218.67822265625,4797.5
8501,20.425292968749996,218.67919921875,4797.0
8502,20.425292968750004,218.68017578125,4796.5
8503,20.425292968750004,218.68115234375,4796.5
8504,20.425292968750004,218.68212890625,4796.5
8505,20.425292968750004,218.68310546875003,4796.5
8506,20.425292968749996,218.68408203125003,4797.0
8507,20.425292968749996,218.68505859375,4797.5
8508,20.425292968749996,218.68603515625,4798.0
8509,20.425292968749996,218.68701171875,4798.5
8510,20.425292968750004,218.68798828125,4799.5
8511,20.425292968750004,218.68896484375,4800.0
8512,20.425292968749996,218.68994140625,4801.0
8513,20.425292968749996,218.69091796875,4801.5
8514,20.425292968749996,218.69189453125,4802.5
8515,20.425292968750004,218.69287109374997,4803.5
8516,20.425292968750004,218.69384765625003,4804.0
8517,20.425292968749996,218.69482421875,4805.0
8518,20.425292968749996,218.69580078125,4806.0
8519,20.425292968750004,218.69677734375,4806.5
8520,20.425292968749996,218.69775390625,4807.5
8521,20.425292968749996,218.69873046875,4808.5
8522,20.425292968749996,218.69970703125,4809.0
8523,20.425292968749996,218.70068359375,4810.0
8524,20.425292968750004,218.70166015625,4811.0
8525,20.425292968750004,218.70263671875003,4812.5
8526,20.425292968750004,218.70361328125,4814.0
8527,20.425292968749996,218.70458984375,4816.0
8528,20.425292968749996,218.70556640625,4815.0
8529,20.425292968749996,218.70654296874997,4815.5
8530,20.425292968749996,218.70751953125,4816.5
8531,20.425292968750004,218.70849609375,4818.0
8532,20.425292968749996,218.70947265625,4819.5
8533,20.425292968749996,218.71044921875,4819.5
8534,20.425292968749996,218.71142578125,4819.5
8535,20.425292968749996,218.71240234375,4820.5
8536,20.425292968749996,218.71337890625,4821.5
8537,20.425292968750004,218.71435546875,4823.5
8538,20.425292968749996,218.71533203125003,4825.0
8539,20.425292968750004,218.71630859375003,4827.0
8540,20.425292968749996,218.71728515625,4828.5
8541,20.425292968749996,218.71826171875,4830.5
8542,20.425292968750004,218.71923828125,4832.5
8543,20.425292968750004,218.72021484375,4834.5
8544,20.425292968750004,218.72119140625,4836.5
8545,20.425292968749996,218.72216796875,4838.5
8546,20.425292968750004,218.72314453125,4841.0
8547,20.425292968750004,218.72412109375,4844.0
8548,20.425292968749996,218.72509765625003,4847.5
8549,20.425292968750004,218.72607421875,4851.0
8550,20.425292968750004,218.72705078125,4854.5
8551,20.425292968750004,218.72802734375003,4856.5
8552,20.425292968749996,218.72900390624997,4859.5
8553,20.425292968749996,218.72998046875,4862.5
8554,20.425292968749996,218.73095703125,4866.0
8555,20.425292968749996,218.73193359375,4869.0
8556,20.425292968750004,218.73291015625,4872.5
8557,20.425292968750004,218.73388671875003,4876.5
8558,20.425292968750004,218.73486328125,4880.0
8559,20.425292968749996,218.73583984375,4884.0
8560,20.425292968749996,218.73681640625,4887.5
8561,20.425292968749996,218.73779296874997,4891.5
8562,20.425292968749996,218.73876953125,4895.5
8563,20.425292968750004,218.73974609375,4899.5
8564,20.425292968750004,218.74072265625003,4903.0
8565,20.425292968749996,218.74169921875,4905.5
8566,20.425292968749996,218.74267578125,4908.5
8567,20.425292968750004,218.74365234375,4911.0
8568,20.425292968750004,218.74462890625,4913.5
8569,20.42431640625,218.62255859375,4830.5
8570,20.424316406250004,218.62353515625,4830.0
8571,20.424316406250004,218.62451171875,4829.0
8572,20.424316406250004,218.62548828125,4828.0
8573,20.424316406250004,218.62646484375003,4827.0
8574,20.424316406250004,218.62744140625,4826.0
8575,20.424316406250004,218.62841796875,4825.0
8576,20.424316406250004,218.62939453125,4824.0
8577,20.424316406250004,218.63037109374997,4823.0
8578,20.42431640625,218.63134765625,4822.0
8579,20.42431640625,218.63232421875,4821.0
8580,20.424316406250004,218.63330078125,4819.5
8581,20.42431640625,218.63427734375,4818.5
8582,20.424316406250004,218.63525390625,4817.5
8583,20.424316406250004,218.63623046875003,4816.5
8584,20.424316406250004,218.63720703125,4815.0
8585,20.42431640625,218.63818359375,4814.0
8586,20.424316406250004,218.63916015625,4812.5
8587,20.424316406250004,218.64013671875003,4811.0
8588,20.424316406250004,218.64111328125,4809.5
8589,20.424316406250004,218.64208984375,4807.5
8590,20.42431640625,218.64306640625,4806.0
8591,20.424316406250004,218.64404296875,4804.0
8592,20.424316406250004,218.64501953125,4802.0
8593,20.424316406250004,218.64599609375,4800.0
8594,20.424316406250004,218.64697265625,4799.5
8595,20.42431640625,218.64794921875,4799.5
8596,20.424316406250004,218.64892578125003,4799.5
8597,20.424316406250004,218.64990234375,4799.5
8598,20.424316406250004,218.65087890625,4799.5
8599,20.42431640625,218.65185546875003,4799.0
8600,20.424316406250004,218.65283203125,4799.0
8601,20.42431640625,218.65380859375,4798.5
8602,20.42431640625,218.65478515625,4798.0
8603,20.424316406250004,218.65576171875,4797.5
8604,20.42431640625,218.65673828125,4797.0
8605,20.42431640625,218.65771484375003,4796.5
8606,20.42431640625,218.65869140625,4796.0
8607,20.424316406250004,218.65966796875,4796.0
8608,20.424316406250004,218.66064453125,4796.0
8609,20.42431640625,218.66162109374997,4796.0
8610,20.424316406250004,218.66259765625,4796.0
8611,20.424316406250004,218.66357421875,4796.5
8612,20.42431640625,218.66455078125,4797.5
8613,20.424316406250004,218.66552734375,4798.5
8614,20.424316406250004,218.66650390625,4800.0
8615,20.424316406250004,218.66748046875,4801.5
8616,20.42431640625,218.66845703125,4804.0
8617,20.424316406250004,218.66943359375,4806.5
8618,20.424316406250004,218.67041015625,4809.0
8619,20.424316406250004,218.67138671875003,4811.0
8620,20.42431640625,218.67236328125,4811.0
8621,20.424316406250004,218.67333984375,4809.0
8622,20.424316406250004,218.67431640625003,4806.5
8623,20.42431640625,218.67529296875,4804.0
8624,20.42431640625,218.67626953125,4802.0
8625,20.424316406250004,218.67724609375,4800.5
8626,20.42431640625,218.67822265625,4799.5
8627,20.424316406250004,218.67919921875,4798.5
8628,20.424316406250004,218.68017578125003,4798.0
8629,20.424316406250004,218.68115234375,4797.5
8630,20.424316406250004,218.68212890625,4797.5
8631,20.424316406250004,218.68310546875003,4797.5
8632,20.42431640625,218.68408203125003,4798.0
8633,20.424316406250004,218.68505859375,4798.0
8634,20.42431640625,218.68603515625,4798.5
8635,20.424316406250004,218.68701171875,4799.0
8636,20.424316406250004,218.68798828125,4799.5
8637,20.42431640625,218.68896484375,4800.0
8638,20.42431640625,218.68994140625,4800.5
8639,20.424316406250004,218.69091796875,4801.5
8640,20.424316406250004,218.69189453125,4802.0
8641,20.42431640625,218.69287109374997,4802.5
8642,20.424316406250004,218.69384765625003,4803.5
8643,20.424316406250004,218.69482421875,4804.0
8644,20.42431640625,218.69580078125,4804.5
8645,20.42431640625,218.69677734375,4805.0
8646,20.42431640625,218.69775390625,4806.0
8647,20.42431640625,218.69873046875,4806.5
8648,20.42431640625,218.69970703125,4807.0
8649,20.424316406250004,218.70068359375,4808.0
8650,20.42431640625,218.70166015625,4808.5
8651,20.424316406250004,218.70263671875003,4809.5
8652,20.424316406250004,218.70361328125,4810.0
8653,20.42431640625,218.70458984375,4810.5
8654,20.42431640625,218.70556640625003,4811.5
8655,20.42431640625,218.70654296874997,4813.0
8656,20.424316406250004,218.70751953125,4813.0
8657,20.424316406250004,218.70849609375,4814.0
8658,20.42431640625,218.70947265625,4814.5
8659,20.424316406250004,218.71044921875,4814.0
8660,20.42431640625,218.71142578125,4814.5
8661,20.42431640625,218.71240234375,4815.5
8662,20.424316406250004,218.71337890625,4817.5
8663,20.42431640625,218.71435546875,4819.5
8664,20.42431640625,218.71533203125003,4821.5
8665,20.424316406250004,218.71630859375003,4823.5
8666,20.424316406250004,218.71728515625,4825.5
8667,20.424316406250004,218.71826171875,4828.0
8668,20.424316406250004,218.71923828125,4830.0
8669,20.424316406250004,218.72021484375,4832.0
8670,20.424316406250004,218.72119140625,4834.5
8671,20.424316406250004,218.72216796875,4837.0
8672,20.42431640625,218.72314453125,4840.0
8673,20.424316406250004,218.72412109375,4842.5
8674,20.42431640625,218.72509765625003,4845.5
8675,20.42431640625,218.72607421875,4849.0
8676,20.424316406250004,218.72705078125,4851.5
8677,20.424316406250004,218.72802734375,4854.0
8678,20.424316406250004,218.72900390624997,4857.0
8679,20.42431640625,218.72998046875,4860.0
8680,20.424316406250004,218.73095703125,4863.5
8681,20.424316406250004,218.73193359375,4867.0
8682,20.424316406250004,218.73291015625,4870.5
8683,20.424316406250004,218.73388671875,4874.0
8684,20.42431640625,218.73486328125,4878.0
8685,20.42431640625,218.73583984375,4881.5
8686,20.424316406250004,218.73681640625,4885.5
8687,20.424316406250004,218.73779296874997,4889.5
8688,20.424316406250004,218.73876953125,4894.0
8689,20.424316406250004,218.73974609375,4898.0
8690,20.424316406250004,218.74072265625003,4902.0
8691,20.42431640625,218.74169921875,4905.5
8692,20.424316406250004,218.74267578125,4907.5
8693,20.424316406250004,218.74365234375,4909.0
8694,20.42431640625,218.74462890625,4911.0
8695,20.42333984375,218.62255859375,4831.0
8696,20.42333984375,218.62353515625,4830.0
8697,20.42333984375,218.62451171875,4829.0
8698,20.42333984375,218.62548828125,4828.0
8699,20.42333984375,218.62646484375003,4827.0
8700,20.42333984375,218.62744140625,4826.0
8701,20.42333984375,218.62841796875,4825.0
8702,20.42333984375,218.62939453125,4824.0
8703,20.42333984375,218.63037109374997,4823.0
8704,20.42333984375,218.63134765625,4822.0
8705,20.42333984375,218.63232421875,4820.5
8706,20.42333984375,218.63330078125,4819.5
8707,20.42333984375,218.63427734375,4818.5
8708,20.42333984375,218.63525390625,4817.5
8709,20.42333984375,218.63623046875003,4816.0
8710,20.42333984375,218.63720703125,4815.0
8711,20.42333984375,218.63818359375,4813.5
8712,20.42333984375,218.63916015625,4812.0
8713,20.42333984375,218.64013671875003,4810.5
8714,20.42333984375,218.64111328125,4809.0
8715,20.42333984375,218.64208984375,4807.0
8716,20.42333984375,218.64306640625,4805.5
8717,20.42333984375,218.64404296875,4803.5
8718,20.42333984375,218.64501953125,4801.5
8719,20.42333984375,218.64599609375,4800.0
8720,20.42333984375,218.64697265625,4798.5
8721,20.42333984375,218.64794921875,4799.0
8722,20.42333984375,218.64892578125003,4799.0
8723,20.42333984375,218.64990234375,4799.5
8724,20.42333984375,218.65087890625,4799.5
8725,20.42333984375,218.65185546875003,4799.5
8726,20.42333984375,218.65283203125,4799.0
8727,20.42333984375,218.65380859375,4799.0
8728,20.42333984375,218.65478515625,4798.5
8729,20.42333984375,218.65576171875,4798.0
8730,20.42333984375,218.65673828125,4797.5
8731,20.42333984375,218.65771484375,4797.5
8732,20.42333984375,218.65869140625,4797.0
8733,20.42333984375,218.65966796875,4797.0
8734,20.42333984375,218.66064453125,4797.0
8735,20.42333984375,218.66162109374997,4797.0
8736,20.42333984375,218.66259765625,4797.5
8737,20.42333984375,218.66357421875,4798.0
8738,20.42333984375,218.66455078125,4798.5
8739,20.42333984375,218.66552734375,4799.5
8740,20.42333984375,218.66650390625,4801.0
8741,20.42333984375,218.66748046875,4802.5
8742,20.42333984375,218.66845703125,4805.0
8743,20.42333984375,218.66943359375,4807.0
8744,20.42333984375,218.67041015625,4809.5
8745,20.42333984375,218.67138671875003,4811.5
8746,20.42333984375,218.67236328125,4810.5
8747,20.42333984375,218.67333984375,4809.0
8748,20.42333984375,218.67431640625003,4806.5
8749,20.42333984375,218.67529296875,4804.5
8750,20.42333984375,218.67626953125,4803.0
8751,20.42333984375,218.67724609375,4801.5
8752,20.42333984375,218.67822265625,4800.5
8753,20.42333984375,218.67919921875,4799.5
8754,20.42333984375,218.68017578125003,4799.0
8755,20.42333984375,218.68115234375,4798.5
8756,20.42333984375,218.68212890625,4798.5
8757,20.42333984375,218.68310546875003,4798.5
8758,20.42333984375,218.68408203125003,4798.5
8759,20.42333984375,218.68505859375,4798.5
8760,20.42333984375,218.68603515625,4799.0
8761,20.42333984375,218.68701171875,4799.5
8762,20.42333984375,218.68798828125,4799.5
8763,20.42333984375,218.68896484375,4800.0
8764,20.42333984375,218.68994140625003,4800.5
8765,20.42333984375,218.69091796875,4801.0
8766,20.42333984375,218.69189453125,4801.5
8767,20.42333984375,218.69287109374997,4802.0
8768,20.42333984375,218.69384765625003,4802.5
8769,20.42333984375,218.69482421875,4803.0
8770,20.42333984375,218.69580078125,4803.5
8771,20.42333984375,218.69677734375,4804.0
8772,20.42333984375,218.69775390625,4804.5
8773,20.42333984375,218.69873046875,4804.5
8774,20.42333984375,218.69970703125,4805.0
8775,20.42333984375,218.70068359375,4805.5
8776,20.42333984375,218.70166015625,4806.0
8777,20.42333984375,218.70263671875003,4806.5
8778,20.42333984375,218.70361328125,4807.0
8779,20.42333984375,218.70458984375,4807.5
8780,20.42333984375,218.70556640625003,4808.0
8781,20.42333984375,218.70654296874997,4808.5
8782,20.42333984375,218.70751953125,4808.5
8783,20.42333984375,218.70849609375,4809.0
8784,20.42333984375,218.70947265625,4809.0
8785,20.42333984375,218.71044921875,4807.0
8786,20.42333984375,218.71142578125,4808.0
8787,20.42333984375,218.71240234375,4810.5
8788,20.42333984375,218.71337890625,4812.5
8789,20.42333984375,218.71435546875,4815.0
8790,20.42333984375,218.71533203124997,4817.5
8791,20.42333984375,218.71630859375003,4820.0
8792,20.42333984375,218.71728515625,4822.5
8793,20.42333984375,218.71826171875,4825.0
8794,20.42333984375,218.71923828125,4827.5
8795,20.42333984375,218.72021484375,4829.5
8796,20.42333984375,218.72119140625,4832.0
8797,20.42333984375,218.72216796875,4834.5
8798,20.42333984375,218.72314453125,4836.5
8799,20.42333984375,218.72412109375,4840.0
8800,20.42333984375,218.72509765625003,4843.5
8801,20.42333984375,218.72607421875,4846.5
8802,20.42333984375,218.72705078125,4849.5
8803,20.42333984375,218.72802734375,4852.0
8804,20.42333984375,218.72900390624997,4855.0
8805,20.42333984375,218.72998046875,4858.0
8806,20.42333984375,218.73095703125,4861.5
8807,20.42333984375,218.73193359375,4864.5
8808,20.42333984375,218.73291015625,4868.0
8809,20.42333984375,218.73388671875003,4871.5
8810,20.42333984375,218.73486328125,4875.5
8811,20.42333984375,218.73583984375,4879.5
8812,20.42333984375,218.73681640625,4883.5
8813,20.42333984375,218.73779296874997,4887.5
8814,20.42333984375,218.73876953125,4891.5
8815,20.42333984375,218.73974609375,4896.0
8816,20.42333984375,218.74072265625003,4900.5
8817,20.42333984375,218.74169921875,4903.0
8818,20.42333984375,218.74267578125,4905.0
8819,20.42333984375,218.74365234375,4906.5
8820,20.42333984375,218.74462890625,4908.5
8821,20.422363281250004,218.62255859375,4831.0
8822,20.422363281250004,218.62353515625,4830.0
8823,20.422363281250004,218.62451171875,4829.0
8824,20.422363281250004,218.62548828125,4828.0
8825,20.422363281250004,218.62646484375003,4827.0
8826,20.422363281250004,218.62744140625,4826.0
8827,20.422363281250004,218.62841796875,4825.0
8828,20.422363281250004,218.62939453125,4824.0
8829,20.422363281250004,218.63037109375,4823.0
8830,20.422363281250004,218.63134765625,4821.5
8831,20.422363281250004,218.63232421875,4820.5
8832,20.422363281250004,218.63330078125,4819.5
8833,20.422363281250004,218.63427734375,4818.5
8834,20.422363281250004,218.63525390625,4817.0
8835,20.422363281250004,218.63623046875003,4816.0
8836,20.422363281250004,218.63720703125,4814.5
8837,20.422363281250004,218.63818359375,4813.5
8838,20.422363281250004,218.63916015625,4812.0
8839,20.422363281250004,218.64013671875003,4810.5
8840,20.422363281250004,218.64111328125,4808.5
8841,20.422363281250004,218.64208984375,4807.0
8842,20.422363281250004,218.64306640625,4805.0
8843,20.422363281250004,218.64404296875,4802.5
8844,20.422363281250004,218.64501953125,4800.5
8845,20.422363281250004,218.64599609375,4798.5
8846,20.422363281250004,218.64697265625,4798.0
8847,20.422363281250004,218.64794921875,4798.5
8848,20.422363281250004,218.64892578125003,4799.0
8849,20.422363281250004,218.64990234375,4799.5
8850,20.422363281250004,218.65087890625,4799.5
8851,20.422363281250004,218.65185546875003,4799.5
8852,20.422363281250004,218.65283203125,4799.5
8853,20.422363281250004,218.65380859375,4799.5
8854,20.422363281250004,218.65478515625,4799.0
8855,20.422363281250004,218.65576171875,4798.5
8856,20.422363281250004,218.65673828125,4798.5
8857,20.422363281250004,218.65771484375003,4798.0
8858,20.422363281250004,218.65869140625,4798.0
8859,20.422363281250004,218.65966796875,4798.0
8860,20.422363281250004,218.66064453125,4798.0
8861,20.422363281250004,218.66162109374997,4798.0
8862,20.422363281250004,218.66259765625,4798.5
8863,20.422363281250004,218.66357421875,4799.0
8864,20.422363281250004,218.66455078125,4799.5
8865,20.422363281250004,218.66552734375,4800.5
8866,20.422363281250004,218.66650390625,4802.0
8867,20.422363281250004,218.66748046875,4803.5
8868,20.422363281250004,218.66845703125,4805.5
8869,20.422363281250004,218.66943359375,4807.5
8870,20.422363281250004,218.67041015625,4809.5
8871,20.422363281250004,218.67138671875003,4811.5
8872,20.422363281250004,218.67236328125,4810.5
8873,20.422363281250004,218.67333984375,4808.5
8874,20.422363281250004,218.67431640625003,4806.5
8875,20.422363281250004,218.67529296875,4805.0
8876,20.422363281250004,218.67626953125,4803.5
8877,20.422363281250004,218.67724609375,4802.0
8878,20.422363281250004,218.67822265625,4801.0
8879,20.422363281250004,218.67919921875,4800.5
8880,20.422363281250004,218.68017578125003,4800.0
8881,20.422363281250004,218.68115234374997,4799.5
8882,20.422363281250004,218.68212890625,4799.0
8883,20.422363281250004,218.68310546875003,4799.0
8884,20.422363281250004,218.68408203124997,4799.0
8885,20.422363281250004,218.68505859375,4799.0
8886,20.422363281250004,218.68603515625,4799.5
8887,20.422363281250004,218.68701171875,4799.5
8888,20.422363281250004,218.68798828125,4799.5
8889,20.422363281250004,218.68896484375,4800.0
8890,20.422363281250004,218.68994140625,4800.5
8891,20.422363281250004,218.69091796875,4800.5
8892,20.422363281250004,218.69189453125,4801.0
8893,20.422363281250004,218.69287109374997,4801.5
8894,20.422363281250004,218.69384765625003,4801.5
8895,20.422363281250004,218.69482421875,4802.0
8896,20.422363281250004,218.69580078125,4802.0
8897,20.422363281250004,218.69677734375,4802.5
8898,20.422363281250004,218.69775390625,4802.5
8899,20.422363281250004,218.69873046875,4803.0
8900,20.422363281250004,218.69970703125,4803.0
8901,20.422363281250004,218.70068359375,4803.5
8902,20.422363281250004,218.70166015625,4803.5
8903,20.422363281250004,218.70263671875003,4803.5
8904,20.422363281250004,218.70361328125,4804.0
8905,20.422363281250004,218.70458984375,4804.0
8906,20.422363281250004,218.70556640625003,4805.0
8907,20.422363281250004,218.70654296875003,4805.5
8908,20.422363281250004,218.70751953125,4804.0
8909,20.422363281250004,218.70849609375,4803.0
8910,20.422363281250004,218.70947265625,4802.0
8911,20.422363281250004,218.71044921875,4799.0
8912,20.422363281250004,218.71142578125,4801.5
8913,20.422363281250004,218.71240234375,4805.0
8914,20.422363281250004,218.71337890625,4808.5
8915,20.422363281250004,218.71435546875,4811.5
8916,20.422363281250004,218.71533203125003,4814.0
8917,20.422363281250004,218.71630859375003,4817.0
8918,20.422363281250004,218.71728515625,4819.5
8919,20.422363281250004,218.71826171875,4822.0
8920,20.422363281250004,218.71923828125,4824.5
8921,20.422363281250004,218.72021484375,4827.0
8922,20.422363281250004,218.72119140625,4829.5
8923,20.422363281250004,218.72216796875,4832.0
8924,20.422363281250004,218.72314453125,4835.0
8925,20.422363281250004,218.72412109375,4837.5
8926,20.422363281250004,218.72509765625003,4841.0
8927,20.422363281250004,218.72607421875,4844.5
8928,20.422363281250004,218.72705078125,4847.5
8929,20.422363281250004,218.72802734375,4850.5
8930,20.422363281250004,218.72900390624997,4853.0
8931,20.422363281250004,218.72998046875,4856.0
8932,20.422363281250004,218.73095703125,4859.0
8933,20.422363281250004,218.73193359375,4862.0
8934,20.422363281250004,218.73291015625,4865.5
8935,20.422363281250004,218.73388671875003,4869.5
8936,20.422363281250004,218.73486328125,4873.0
8937,20.422363281250004,218.73583984375,4877.0
8938,20.422363281250004,218.73681640625,4881.0
8939,20.422363281250004,218.73779296874997,4885.0
8940,20.422363281250004,218.73876953125,4889.0
8941,20.422363281250004,218.73974609375,4893.0
8942,20.422363281250004,218.74072265625,4897.0
8943,20.422363281250004,218.74169921875,4900.0
8944,20.422363281250004,218.74267578125,4902.0
8945,20.422363281250004,218.74365234375,4904.0
8946,20.422363281250004,218.74462890625,4905.5
8947,20.421386718750004,218.62255859375,4831.0
8948,20.421386718750004,218.62353515625,4830.0
8949,20.421386718750004,218.62451171875,4829.0
8950,20.421386718750004,218.62548828125,4828.0
8951,20.421386718750004,218.62646484375003,4827.0
8952,20.421386718750004,218.62744140625,4826.0
8953,20.421386718750004,218.62841796875,4825.0
8954,20.421386718750004,218.62939453125003,4824.0
8955,20.421386718750004,218.63037109374997,4823.0
8956,20.421386718750004,218.63134765625,4821.5
8957,20.421386718750004,218.63232421875,4820.5
8958,20.421386718750004,218.63330078125,4819.5
8959,20.421386718750004,218.63427734375,4818.5
8960,20.421386718750004,218.63525390625,4817.0
8961,20.421386718750004,218.63623046875,4816.0
8962,20.421386718750004,218.63720703125,4814.5
8963,20.421386718749996,218.63818359375,4813.0
8964,20.421386718750004,218.63916015625,4811.5
8965,20.421386718750004,218.64013671875003,4810.0
8966,20.421386718750004,218.64111328125,4808.5
8967,20.421386718749996,218.64208984375,4806.5
8968,20.421386718750004,218.64306640625,4804.5
8969,20.421386718750004,218.64404296875,4802.0
8970,20.421386718749996,218.64501953125,4799.5
8971,20.421386718750004,218.64599609375,4799.5
8972,20.421386718750004,218.64697265625,4798.0
8973,20.421386718750004,218.64794921875,4798.5
8974,20.421386718750004,218.64892578125003,4799.0
8975,20.421386718750004,218.64990234375,4799.5
8976,20.421386718750004,218.65087890625,4800.0
8977,20.421386718750004,218.65185546875003,4800.0
8978,20.421386718750004,218.65283203125,4800.0
8979,20.421386718750004,218.65380859375,4800.0
8980,20.421386718750004,218.65478515625,4799.5
8981,20.421386718750004,218.65576171875,4799.5
8982,20.421386718750004,218.65673828125,4799.0
8983,20.421386718750004,218.65771484375,4799.0
8984,20.421386718749996,218.65869140625,4799.0
8985,20.421386718750004,218.65966796875,4799.0
8986,20.421386718750004,218.66064453125,4799.0
8987,20.421386718750004,218.66162109374997,4799.0
8988,20.421386718750004,218.66259765625,4799.5
8989,20.421386718749996,218.66357421875,4800.0
8990,20.421386718749996,218.66455078125,4800.5
8991,20.421386718749996,218.66552734375,4801.5
8992,20.421386718750004,218.66650390625,4802.5
8993,20.421386718750004,218.66748046875003,4804.0
8994,20.421386718750004,218.66845703125,4805.5
8995,20.421386718750004,218.66943359375,4807.0
8996,20.421386718750004,218.67041015625,4809.5
8997,20.421386718749996,218.67138671875003,4811.5
8998,20.421386718750004,218.67236328125,4810.0
8999,20.421386718750004,218.67333984375,4808.0
9000,20.421386718750004,218.67431640625003,4806.0
9001,20.421386718750004,218.67529296875,4804.5
9002,20.421386718749996,218.67626953125,4803.5
9003,20.421386718749996,218.67724609375,4802.5
9004,20.421386718749996,218.67822265625,4801.5
9005,20.421386718750004,218.67919921875,4801.0
9006,20.421386718750004,218.68017578125003,4800.5
9007,20.421386718750004,218.68115234375,4800.0
9008,20.421386718750004,218.68212890625,4799.5
9009,20.421386718750004,218.68310546875003,4799.5
9010,20.421386718749996,218.68408203124997,4799.5
9011,20.421386718750004,218.68505859375,4799.5
9012,20.421386718750004,218.68603515625,4799.5
9013,20.421386718750004,218.68701171875,4799.5
9014,20.421386718750004,218.68798828125,4800.0
9015,20.421386718749996,218.68896484375,4800.0
9016,20.421386718750004,218.68994140625,4800.0
9017,20.421386718749996,218.69091796875,4800.5
9018,20.421386718750004,218.69189453125,4800.5
9019,20.421386718750004,218.69287109374997,4800.5
9020,20.421386718750004,218.69384765625003,4801.0
9021,20.421386718750004,218.69482421875,4801.0
9022,20.421386718750004,218.69580078125,4801.0
9023,20.421386718750004,218.69677734375,4801.0
9024,20.421386718749996,218.69775390625,4801.0
9025,20.421386718749996,218.69873046875,4801.0
9026,20.421386718750004,218.69970703125,4801.0
9027,20.421386718750004,218.70068359375,4801.0
9028,20.421386718750004,218.70166015625,4801.0
9029,20.421386718750004,218.70263671875003,4801.0
9030,20.421386718750004,218.70361328125,4801.0
9031,20.421386718750004,218.70458984375,4801.0
9032,20.421386718750004,218.70556640625003,4801.0
9033,20.421386718749996,218.70654296874997,4797.5
9034,20.421386718749996,218.70751953125,4797.0
9035,20.421386718750004,218.70849609375,4796.0
9036,20.421386718750004,218.70947265625,4795.5
9037,20.421386718750004,218.71044921875,4795.0
9038,20.421386718750004,218.71142578125,4797.5
9039,20.421386718750004,218.71240234375,4801.0
9040,20.421386718750004,218.71337890625,4804.5
9041,20.421386718750004,218.71435546875,4807.5
9042,20.421386718749996,218.71533203124997,4811.0
9043,20.421386718750004,218.71630859375003,4814.0
9044,20.421386718749996,218.71728515625,4817.0
9045,20.421386718749996,218.71826171875,4819.5
9046,20.421386718750004,218.71923828125,4822.0
9047,20.421386718750004,218.72021484375,4824.5
9048,20.421386718750004,218.72119140625,4827.0
9049,20.421386718750004,218.72216796875,4829.5
9050,20.421386718749996,218.72314453125,4831.5
9051,20.421386718750004,218.72412109375,4835.0
9052,20.421386718750004,218.72509765625003,4838.5
9053,20.421386718750004,218.72607421875,4842.0
9054,20.421386718750004,218.72705078125,4845.5
9055,20.421386718750004,218.72802734375003,4848.5
9056,20.421386718749996,218.72900390624997,4850.5
9057,20.421386718750004,218.72998046875,4853.0
9058,20.421386718750004,218.73095703125,4856.0
9059,20.421386718750004,218.73193359375,4859.5
9060,20.421386718750004,218.73291015625,4863.0
9061,20.421386718750004,218.73388671875,4866.5
9062,20.421386718750004,218.73486328125,4870.5
9063,20.421386718749996,218.73583984375,4874.0
9064,20.421386718750004,218.73681640625,4878.0
9065,20.421386718750004,218.73779296874997,4882.0
9066,20.421386718750004,218.73876953125,4886.0
9067,20.421386718749996,218.73974609375,4890.0
9068,20.421386718750004,218.74072265625,4893.5
9069,20.421386718750004,218.74169921875,4896.5
9070,20.421386718750004,218.74267578125,4898.5
9071,20.421386718750004,218.74365234375,4900.5
9072,20.421386718749996,218.74462890625,4902.5
9073,20.420410156250007,218.62255859375,4831.0
9074,20.42041015625,218.62353515625,4830.0
9075,20.42041015625,218.62451171875,4829.0
9076,20.420410156250007,218.62548828125,4828.0
9077,20.420410156250007,218.62646484375003,4827.0
9078,20.42041015625,218.62744140625,4826.0
9079,20.420410156250007,218.62841796875,4825.0
9080,20.42041015625,218.62939453125,4824.0
9081,20.42041015625,218.63037109374997,4823.0
9082,20.42041015625,218.63134765625,4822.0
9083,20.42041015625,218.63232421875,4820.5
9084,20.420410156250007,218.63330078125,4819.5
9085,20.420410156250007,218.63427734375,4818.5
9086,20.42041015625,218.63525390625,4817.0
9087,20.42041015625,218.63623046875003,4816.0
9088,20.420410156250007,218.63720703125,4814.5
9089,20.42041015625,218.63818359375,4813.0
9090,20.420410156250007,218.63916015625,4812.0
9091,20.42041015625,218.64013671875003,4810.5
9092,20.42041015625,218.64111328125,4808.5
9093,20.42041015625,218.64208984375,4807.0
9094,20.42041015625,218.64306640625,4805.0
9095,20.420410156250007,218.64404296875,4802.5
9096,20.42041015625,218.64501953125,4800.5
9097,20.420410156250007,218.64599609375,4799.5
9098,20.42041015625,218.64697265625,4799.0
9099,20.42041015625,218.64794921875,4799.5
9100,20.420410156250007,218.64892578125003,4800.0
9101,20.42041015625,218.64990234375,4800.5
9102,20.42041015625,218.65087890625,4800.5
9103,20.42041015625,218.65185546875003,4800.5
9104,20.420410156250007,218.65283203125,4800.5
9105,20.42041015625,218.65380859375,4800.5
9106,20.42041015625,218.65478515625,4800.0
9107,20.42041015625,218.65576171875,4800.0
9108,20.420410156250007,218.65673828125,4800.0
9109,20.42041015625,218.65771484375,4799.5
9110,20.42041015625,218.65869140625,4799.5
9111,20.42041015625,218.65966796875,4799.5
9112,20.420410156250007,218.66064453125,4799.5
9113,20.420410156250007,218.66162109374997,4800.0
9114,20.420410156250007,218.66259765625,4800.0
9115,20.42041015625,218.66357421875,4800.5
9116,20.42041015625,218.66455078125,4801.0
9117,20.42041015625,218.66552734375,4802.0
9118,20.42041015625,218.66650390625,4802.5
9119,20.42041015625,218.66748046875,4803.5
9120,20.42041015625,218.66845703125,4805.0
9121,20.420410156250007,218.66943359375,4806.0
9122,20.420410156250007,218.67041015625,4807.0
9123,20.42041015625,218.67138671875003,4807.5
9124,20.42041015625,218.67236328125,4807.0
9125,20.42041015625,218.67333984375,4806.0
9126,20.42041015625,218.67431640625003,4805.0
9127,20.420410156250007,218.67529296875,4804.0
9128,20.42041015625,218.67626953125,4803.0
9129,20.42041015625,218.67724609375,4802.5
9130,20.42041015625,218.67822265625,4801.5
9131,20.420410156250007,218.67919921875,4801.0
9132,20.420410156250007,218.68017578125,4800.5
9133,20.420410156250007,218.68115234375,4800.5
9134,20.42041015625,218.68212890625,4800.0
9135,20.420410156250007,218.68310546875003,4800.0
9136,20.42041015625,218.68408203124997,4800.0
9137,20.42041015625,218.68505859375,4799.5
9138,20.420410156250007,218.68603515625,4799.5
9139,20.42041015625,218.68701171875,4799.5
9140,20.42041015625,218.68798828125,4800.0
9141,20.420410156250007,218.68896484375,4800.0
9142,20.42041015625,218.68994140625,4800.0
9143,20.42041015625,218.69091796875,4800.0
9144,20.420410156250007,218.69189453125,4800.0
9145,20.420410156250007,218.69287109374997,4800.0
9146,20.420410156250007,218.69384765625003,4800.0
9147,20.42041015625,218.69482421875,4800.0
9148,20.42041015625,218.69580078125,4800.0
9149,20.42041015625,218.69677734375,4800.0
9150,20.42041015625,218.69775390625,4800.0
9151,20.42041015625,218.69873046875,4799.5
9152,20.42041015625,218.69970703125,4799.0
9153,20.42041015625,218.70068359375,4799.0
9154,20.42041015625,218.70166015625,4798.5
9155,20.42041015625,218.70263671875003,4798.0
9156,20.42041015625,218.70361328125,4797.5
9157,20.420410156250007,218.70458984375,4796.5
9158,20.42041015625,218.70556640625,4796.0
9159,20.42041015625,218.70654296874997,4792.5
9160,20.42041015625,218.70751953125,4790.5
9161,20.420410156250007,218.70849609375,4789.0
9162,20.42041015625,218.70947265625,4788.5
9163,20.42041015625,218.71044921875,4790.5
9164,20.42041015625,218.71142578125,4793.5
9165,20.42041015625,218.71240234375,4797.0
9166,20.42041015625,218.71337890625,4800.5
9167,20.42041015625,218.71435546875,4804.5
9168,20.42041015625,218.71533203124997,4808.0
9169,20.42041015625,218.71630859375003,4811.0
9170,20.42041015625,218.71728515625,4814.0
9171,20.42041015625,218.71826171875,4817.0
9172,20.42041015625,218.71923828125,4820.0
9173,20.420410156250007,218.72021484375003,4822.5
9174,20.42041015625,218.72119140625,4825.0
9175,20.42041015625,218.72216796875,4827.5
9176,20.42041015625,218.72314453125,4829.5
9177,20.420410156250007,218.72412109375,4832.5
9178,20.42041015625,218.72509765625003,4836.0
9179,20.420410156250007,218.72607421875,4839.0
9180,20.420410156250007,218.72705078125,4842.0
9181,20.420410156250007,218.72802734375003,4845.5
9182,20.42041015625,218.72900390625003,4847.5
9183,20.42041015625,218.72998046875,4850.0
9184,20.42041015625,218.73095703125,4853.0
9185,20.42041015625,218.73193359375,4856.5
9186,20.420410156250007,218.73291015625,4860.5
9187,20.42041015625,218.73388671875,4864.0
9188,20.42041015625,218.73486328125,4867.5
9189,20.42041015625,218.73583984375,4871.5
9190,20.42041015625,218.73681640625,4875.5
9191,20.420410156250007,218.73779296874997,4879.5
9192,20.420410156250007,218.73876953125,4883.0
9193,20.42041015625,218.73974609375,4887.0
9194,20.420410156250007,218.74072265625003,4890.5
9195,20.42041015625,218.74169921875,4892.5
9196,20.42041015625,218.74267578125,4895.0
9197,20.42041015625,218.74365234375,4897.0
9198,20.42041015625,218.74462890625,4899.5
9199,20.419433593750004,218.62255859375,4831.0
9200,20.41943359375,218.62353515625,4830.0
9201,20.419433593750004,218.62451171875,4829.0
9202,20.41943359375,218.62548828125,4828.0
9203,20.419433593750004,218.62646484375003,4827.0
9204,20.419433593750004,218.62744140625,4826.0
9205,20.419433593750004,218.62841796875,4825.0
9206,20.41943359375,218.62939453125,4824.0
9207,20.419433593750004,218.63037109374997,4823.0
9208,20.419433593750004,218.63134765625,4822.0
9209,20.419433593750004,218.63232421875,4820.5
9210,20.419433593750004,218.63330078125,4819.5
9211,20.419433593750004,218.63427734375,4818.5
9212,20.41943359375,218.63525390625,4817.0
9213,20.41943359375,218.63623046875003,4816.0
9214,20.419433593750004,218.63720703125,4814.5
9215,20.419433593750004,218.63818359375,4813.5
9216,20.41943359375,218.63916015625,4812.0
9217,20.41943359375,218.64013671875003,4810.5
9218,20.41943359375,218.64111328125,4809.0
9219,20.419433593750004,218.64208984375,4807.5
9220,20.41943359375,218.64306640625,4806.0
9221,20.419433593750004,218.64404296875,4804.0
9222,20.41943359375,218.64501953125,4802.5
9223,20.419433593750004,218.64599609375,4802.0
9224,20.41943359375,218.64697265625,4800.5
9225,20.41943359375,218.64794921875,4801.0
9226,20.419433593750004,218.64892578125003,4801.5
9227,20.419433593750004,218.64990234375,4801.5
9228,20.41943359375,218.65087890625,4801.5
9229,20.41943359375,218.65185546875003,4801.5
9230,20.419433593750004,218.65283203125,4801.0
9231,20.41943359375,218.65380859375,4801.0
9232,20.41943359375,218.65478515625,4801.0
9233,20.419433593750004,218.65576171875,4800.5
9234,20.41943359375,218.65673828125,4800.5
9235,20.41943359375,218.65771484375,4800.5
9236,20.41943359375,218.65869140625,4800.5
9237,20.41943359375,218.65966796875,4800.5
9238,20.419433593750004,218.66064453125,4800.5
9239,20.41943359375,218.66162109375003,4800.5
9240,20.419433593750004,218.66259765625,4801.0
9241,20.41943359375,218.66357421875,4801.0
9242,20.41943359375,218.66455078125,4801.5
9243,20.419433593750004,218.66552734375,4802.0
9244,20.41943359375,218.66650390625,4803.0
9245,20.419433593750004,218.66748046875,4803.5
9246,20.41943359375,218.66845703125,4804.5
9247,20.419433593750004,218.66943359375,4805.0
9248,20.419433593750004,218.67041015625,4805.0
9249,20.41943359375,218.67138671875003,4804.0
9250,20.41943359375,218.67236328125,4804.0
9251,20.41943359375,218.67333984375,4804.0
9252,20.419433593750004,218.67431640625003,4803.5
9253,20.419433593750004,218.67529296875,4803.0
9254,20.419433593750004,218.67626953125,4802.5
9255,20.41943359375,218.67724609375,4802.5
9256,20.41943359375,218.67822265625,4802.0
9257,20.419433593750004,218.67919921875,4801.5
9258,20.419433593750004,218.68017578125,4801.0
9259,20.419433593750004,218.68115234374997,4800.5
9260,20.41943359375,218.68212890625,4800.5
9261,20.419433593750004,218.68310546875003,4800.0
9262,20.41943359375,218.68408203124997,4800.0
9263,20.41943359375,218.68505859375,4800.0
9264,20.419433593750004,218.68603515625,4800.0
9265,20.41943359375,218.68701171875,4800.0
9266,20.41943359375,218.68798828125,4800.0
9267,20.41943359375,218.68896484375,4800.0
9268,20.41943359375,218.68994140625,4799.5
9269,20.41943359375,218.69091796875,4799.5
9270,20.419433593750004,218.69189453125,4799.5
9271,20.41943359375,218.69287109374997,4799.5
9272,20.419433593750004,218.69384765625003,4799.5
9273,20.41943359375,218.69482421875,4799.5
9274,20.41943359375,218.69580078125,4799.0
9275,20.41943359375,218.69677734375,4799.0
9276,20.41943359375,218.69775390625,4798.5
9277,20.41943359375,218.69873046875,4798.0
9278,20.41943359375,218.69970703125,4797.5
9279,20.41943359375,218.70068359375,4796.5
9280,20.41943359375,218.70166015625,4795.5
9281,20.41943359375,218.70263671875003,4794.5
9282,20.419433593750004,218.70361328125,4793.5
9283,20.419433593750004,218.70458984375,4792.5
9284,20.41943359375,218.70556640625003,4791.5
9285,20.41943359375,218.70654296874997,4786.0
9286,20.41943359375,218.70751953125,4784.0
9287,20.419433593750004,218.70849609375,4783.0
9288,20.41943359375,218.70947265625,4783.5
9289,20.41943359375,218.71044921875,4785.5
9290,20.41943359375,218.71142578125,4789.5
9291,20.41943359375,218.71240234375,4793.5
9292,20.41943359375,218.71337890625,4797.5
9293,20.419433593750004,218.71435546875,4801.5
9294,20.41943359375,218.71533203125003,4805.0
9295,20.41943359375,218.71630859375003,4808.5
9296,20.41943359375,218.71728515625,4812.0
9297,20.41943359375,218.71826171875,4815.0
9298,20.419433593750004,218.71923828125,4818.0
9299,20.419433593750004,218.72021484375,4820.5
9300,20.41943359375,218.72119140625,4823.5
9301,20.41943359375,218.72216796875,4826.0
9302,20.419433593750004,218.72314453125,4829.0
9303,20.419433593750004,218.72412109375,4831.0
9304,20.41943359375,218.72509765625003,4833.5
9305,20.41943359375,218.72607421875,4835.5
9306,20.419433593750004,218.72705078125,4837.0
9307,20.419433593750004,218.72802734375003,4839.0
9308,20.41943359375,218.72900390624997,4842.0
9309,20.41943359375,218.72998046875,4846.0
9310,20.41943359375,218.73095703125,4850.0
9311,20.41943359375,218.73193359375,4853.5
9312,20.419433593750004,218.73291015625,4857.5
9313,20.419433593750004,218.73388671875,4861.0
9314,20.41943359375,218.73486328125,4865.0
9315,20.41943359375,218.73583984375,4869.0
9316,20.419433593750004,218.73681640625,4872.5
9317,20.41943359375,218.73779296874997,4876.5
9318,20.41943359375,218.73876953125,4880.5
9319,20.41943359375,218.73974609375,4884.0
9320,20.419433593750004,218.74072265625,4887.5
9321,20.41943359375,218.74169921875,4889.5
9322,20.41943359375,218.74267578125,4891.5
9323,20.419433593750004,218.74365234375,4894.0
9324,20.41943359375,218.74462890625,4896.0
9325,20.418457031250004,218.62255859375,4831.5
9326,20.41845703125,218.62353515625,4830.5
9327,20.41845703125,218.62451171875,4829.5
9328,20.41845703125,218.62548828125,4828.5
9329,20.418457031250004,218.62646484375003,4827.5
9330,20.41845703125,218.62744140625,4826.5
9331,20.418457031250004,218.62841796875,4825.0
9332,20.41845703125,218.62939453125,4824.0
9333,20.41845703125,218.63037109374997,4823.0
9334,20.418457031250004,218.63134765625,4822.0
9335,20.41845703125,218.63232421875,4821.0
9336,20.418457031250004,218.63330078125,4819.5
9337,20.41845703125,218.63427734375,4818.5
9338,20.41845703125,218.63525390625,4817.0
9339,20.41845703125,218.63623046875003,4816.0
9340,20.41845703125,218.63720703125,4815.0
9341,20.41845703125,218.63818359375,4813.5
9342,20.41845703125,218.63916015625,4812.0
9343,20.41845703125,218.64013671875003,4811.0
9344,20.41845703125,218.64111328125,4809.5
9345,20.41845703125,218.64208984375,4808.5
9346,20.41845703125,218.64306640625,4807.0
9347,20.41845703125,218.64404296875,4806.0
9348,20.41845703125,218.64501953125,4805.0
9349,20.418457031250004,218.64599609375,4805.0
9350,20.41845703125,218.64697265625,4805.5
9351,20.41845703125,218.64794921875,4804.5
9352,20.41845703125,218.64892578125003,4803.5
9353,20.418457031250004,218.64990234375,4803.0
9354,20.418457031250004,218.65087890625,4802.5
9355,20.41845703125,218.65185546875003,4802.0
9356,20.41845703125,218.65283203125,4802.0
9357,20.41845703125,218.65380859375,4801.5
9358,20.41845703125,218.65478515625,4801.5
9359,20.41845703125,218.65576171875,4801.0
9360,20.418457031250004,218.65673828125,4801.0
9361,20.41845703125,218.65771484375003,4801.0
9362,20.41845703125,218.65869140625,4801.0
9363,20.418457031250004,218.65966796875,4801.0
9364,20.41845703125,218.66064453125,4801.0
9365,20.41845703125,218.66162109374997,4801.0
9366,20.41845703125,218.66259765625,4801.5
9367,20.41845703125,218.66357421875,4801.5
9368,20.41845703125,218.66455078125,4802.0
9369,20.41845703125,218.66552734375,4802.5
9370,20.41845703125,218.66650390625,4803.0
9371,20.41845703125,218.66748046875,4803.5
9372,20.418457031250004,218.66845703125,4804.0
9373,20.418457031250004,218.66943359375,4804.5
9374,20.41845703125,218.67041015625,4804.5
9375,20.41845703125,218.67138671875003,4805.0
9376,20.41845703125,218.67236328125,4803.0
9377,20.41845703125,218.67333984375,4802.5
9378,20.418457031250004,218.67431640625003,4802.5
9379,20.41845703125,218.67529296875,4802.5
9380,20.41845703125,218.67626953125,4802.5
9381,20.41845703125,218.67724609375,4802.0
9382,20.41845703125,218.67822265625,4802.0
9383,20.418457031250004,218.67919921875,4801.5
9384,20.418457031250004,218.68017578125003,4801.0
9385,20.418457031250004,218.68115234375,4801.0
9386,20.418457031250004,218.68212890625,4800.5
9387,20.41845703125,218.68310546875003,4800.5
9388,20.41845703125,218.68408203125003,4800.5
9389,20.41845703125,218.68505859375,4800.0
9390,20.418457031250004,218.68603515625,4800.0
9391,20.41845703125,218.68701171875,4800.0
9392,20.418457031250004,218.68798828125,4800.0
9393,20.41845703125,218.68896484375,4799.5
9394,20.41845703125,218.68994140625,4799.5
9395,20.41845703125,218.69091796875,4799.5
9396,20.41845703125,218.69189453125,4799.5
9397,20.41845703125,218.69287109374997,4799.0
9398,20.41845703125,218.69384765625003,4799.0
9399,20.41845703125,218.69482421875,4798.5
9400,20.41845703125,218.69580078125,4798.0
9401,20.418457031250004,218.69677734375,4798.0
9402,20.41845703125,218.69775390625,4797.0
9403,20.41845703125,218.69873046875,4796.5
9404,20.41845703125,218.69970703125,4795.5
9405,20.41845703125,218.70068359375,4794.5
9406,20.41845703125,218.70166015625,4793.0
9407,20.41845703125,218.70263671875003,4791.5
9408,20.41845703125,218.70361328125,4790.0
9409,20.41845703125,218.70458984375,4787.5
9410,20.41845703125,218.70556640625003,4784.5
9411,20.41845703125,218.70654296874997,4780.0
9412,20.41845703125,218.70751953125,4778.0
9413,20.418457031250004,218.70849609375,4777.0
9414,20.41845703125,218.70947265625,4776.5
9415,20.41845703125,218.71044921875,4780.5
9416,20.41845703125,218.71142578125,4785.5
9417,20.41845703125,218.71240234375,4790.0
9418,20.41845703125,218.71337890625,4794.5
9419,20.41845703125,218.71435546875,4799.0
9420,20.41845703125,218.71533203125003,4802.5
9421,20.41845703125,218.71630859375003,4806.5
9422,20.41845703125,218.71728515625,4809.5
9423,20.41845703125,218.71826171875,4813.0
9424,20.41845703125,218.71923828125,4816.0
9425,20.418457031250004,218.72021484375,4819.0
9426,20.41845703125,218.72119140625,4821.5
9427,20.41845703125,218.72216796875,4824.5
9428,20.41845703125,218.72314453125,4827.5
9429,20.418457031250004,218.72412109375,4829.0
9430,20.41845703125,218.72509765625003,4830.5
9431,20.418457031250004,218.72607421875,4832.0
9432,20.418457031250004,218.72705078125,4832.5
9433,20.418457031250004,218.72802734375003,4832.0
9434,20.41845703125,218.72900390625003,4837.0
9435,20.41845703125,218.72998046875,4842.0
9436,20.41845703125,218.73095703125,4846.5
9437,20.41845703125,218.73193359375,4850.5
9438,20.41845703125,218.73291015625,4854.5
9439,20.41845703125,218.73388671875003,4858.5
9440,20.41845703125,218.73486328125,4862.0
9441,20.41845703125,218.73583984375,4866.0
9442,20.41845703125,218.73681640625,4869.5
9443,20.41845703125,218.73779296875003,4873.5
9444,20.41845703125,218.73876953125,4877.0
9445,20.41845703125,218.73974609375,4880.5
9446,20.41845703125,218.74072265625003,4883.5
9447,20.41845703125,218.74169921875,4885.5
9448,20.418457031250004,218.74267578125,4888.0
9449,20.41845703125,218.74365234375,4890.5
9450,20.41845703125,218.74462890625,4893.0
9451,20.417480468750004,218.62255859375,4831.5
9452,20.417480468749996,218.62353515625,4830.5
9453,20.417480468750004,218.62451171875,4829.5
9454,20.417480468750004,218.62548828125,4828.5
9455,20.417480468750004,218.62646484375003,4827.5
9456,20.417480468749996,218.62744140625,4826.5
9457,20.417480468750004,218.62841796875,4825.5
9458,20.417480468749996,218.62939453125,4824.5
9459,20.417480468750004,218.63037109374997,4823.0
9460,20.417480468750004,218.63134765625,4822.0
9461,20.417480468750004,218.63232421875,4821.0
9462,20.417480468750004,218.63330078125,4820.0
9463,20.417480468750004,218.63427734375,4818.5
9464,20.417480468749996,218.63525390625,4817.5
9465,20.417480468750004,218.63623046875003,4816.0
9466,20.417480468750004,218.63720703125,4815.0
9467,20.417480468750004,218.63818359375,4813.5
9468,20.417480468750004,218.63916015625,4812.5
9469,20.417480468750004,218.64013671875003,4811.5
9470,20.417480468750004,218.64111328125,4810.0
9471,20.417480468750004,218.64208984375,4809.5
9472,20.417480468749996,218.64306640625,4808.5
9473,20.417480468750004,218.64404296875,4808.5
9474,20.417480468749996,218.64501953125,4808.5
9475,20.417480468750004,218.64599609375,4807.5
9476,20.417480468750004,218.64697265625,4807.5
9477,20.417480468749996,218.64794921875,4806.0
9478,20.417480468750004,218.64892578125003,4805.0
9479,20.417480468750004,218.64990234375,4804.0
9480,20.417480468750004,218.65087890625,4803.5
9481,20.417480468750004,218.65185546875003,4803.0
9482,20.417480468750004,218.65283203125,4802.5
9483,20.417480468749996,218.65380859375,4802.0
9484,20.417480468749996,218.65478515625,4802.0
9485,20.417480468750004,218.65576171875,4802.0
9486,20.417480468750004,218.65673828125,4801.5
9487,20.417480468750004,218.65771484375003,4801.5
9488,20.417480468750004,218.65869140625,4801.5
9489,20.417480468750004,218.65966796875,4801.5
9490,20.417480468749996,218.66064453125,4801.5
9491,20.417480468750004,218.66162109374997,4801.5
9492,20.417480468750004,218.66259765625,4802.0
9493,20.417480468750004,218.66357421875,4802.0
9494,20.417480468750004,218.66455078125,4802.5
9495,20.417480468750004,218.66552734375,4802.5
9496,20.417480468750004,218.66650390625,4803.0
9497,20.417480468750004,218.66748046875,4803.5
9498,20.417480468750004,218.66845703125,4803.5
9499,20.417480468750004,218.66943359375,4803.5
9500,20.417480468750004,218.67041015625,4803.5
9501,20.417480468749996,218.67138671875003,4802.5
9502,20.417480468749996,218.67236328125,4800.0
9503,20.417480468750004,218.67333984375,4801.0
9504,20.417480468750004,218.67431640625003,4801.5
9505,20.417480468750004,218.67529296875,4802.0
9506,20.417480468750004,218.67626953125,4802.0
9507,20.417480468750004,218.67724609375,4802.0
9508,20.417480468749996,218.67822265625,4802.0
9509,20.417480468750004,218.67919921875,4801.5
9510,20.417480468750004,218.68017578125,4801.5
9511,20.417480468750004,218.68115234375,4801.0
9512,20.417480468750004,218.68212890625,4801.0
9513,20.417480468750004,218.68310546875,4800.5
9514,20.417480468749996,218.68408203125003,4800.5
9515,20.417480468750004,218.68505859375,4800.0
9516,20.417480468750004,218.68603515625,4800.0
9517,20.417480468750004,218.68701171875,4800.0
9518,20.417480468750004,218.68798828125,4799.5
9519,20.417480468750004,218.68896484375,4799.5
9520,20.417480468749996,218.68994140625003,4799.5
9521,20.417480468750004,218.69091796875,4799.0
9522,20.417480468750004,218.69189453125,4799.0
9523,20.417480468750004,218.69287109374997,4798.5
9524,20.417480468750004,218.69384765625003,4798.5
9525,20.417480468750004,218.69482421875,4798.0
9526,20.417480468750004,218.69580078125,4797.5
9527,20.417480468749996,218.69677734375,4797.0
9528,20.417480468749996,218.69775390625,4796.0
9529,20.417480468749996,218.69873046875,4795.5
9530,20.417480468750004,218.69970703125,4794.0
9531,20.417480468750004,218.70068359375,4793.0
9532,20.417480468750004,218.70166015625,4791.0
9533,20.417480468750004,218.70263671875003,4789.0
9534,20.417480468750004,218.70361328125,4786.5
9535,20.417480468750004,218.70458984375,4783.5
9536,20.417480468750004,218.70556640625003,4781.0
9537,20.417480468749996,218.70654296875003,4774.5
9538,20.417480468750004,218.70751953125,4773.0
9539,20.417480468750004,218.70849609375,4772.0
9540,20.417480468750004,218.70947265625,4772.5
9541,20.417480468749996,218.71044921875,4777.0
9542,20.417480468749996,218.71142578125,4782.0
9543,20.417480468750004,218.71240234375,4787.5
9544,20.417480468750004,218.71337890625,4792.0
9545,20.417480468750004,218.71435546875,4796.5
9546,20.417480468750004,218.71533203125003,4800.5
9547,20.417480468750004,218.71630859375003,4804.5
9548,20.417480468750004,218.71728515625,4808.0
9549,20.417480468750004,218.71826171875,4811.0
9550,20.417480468750004,218.71923828125,4814.0
9551,20.417480468750004,218.72021484375,4817.0
9552,20.417480468750004,218.72119140625,4819.5
9553,20.417480468749996,218.72216796875,4822.0
9554,20.417480468749996,218.72314453125,4824.5
9555,20.417480468750004,218.72412109375,4826.5
9556,20.417480468750004,218.72509765625003,4828.5
9557,20.417480468750004,218.72607421875,4830.5
9558,20.417480468750004,218.72705078125,4831.5
9559,20.417480468750004,218.72802734375003,4833.0
9560,20.417480468750004,218.72900390625003,4836.0
9561,20.417480468750004,218.72998046875,4840.0
9562,20.417480468749996,218.73095703125,4844.0
9563,20.417480468750004,218.73193359375,4848.0
9564,20.417480468750004,218.73291015625,4852.0
9565,20.417480468750004,218.73388671875,4856.0
9566,20.417480468749996,218.73486328125,4859.5
9567,20.417480468749996,218.73583984375,4863.0
9568,20.417480468750004,218.73681640625,4867.0
9569,20.417480468750004,218.73779296875003,4870.5
9570,20.417480468750004,218.73876953125,4874.0
9571,20.417480468750004,218.73974609375,4877.0
9572,20.417480468750004,218.74072265625,4880.0
9573,20.417480468750004,218.74169921875,4881.5
9574,20.417480468749996,218.74267578125,4884.0
9575,20.417480468750004,218.74365234375,4887.0
9576,20.417480468750004,218.74462890625,4889.5
9577,20.41650390625,218.62255859375,4831.5
9578,20.41650390625,218.62353515625,4830.5
9579,20.41650390625,218.62451171875,4829.5
9580,20.41650390625,218.62548828125,4828.5
9581,20.41650390625,218.62646484375003,4827.5
9582,20.41650390625,218.62744140625,4826.5
9583,20.41650390625,218.62841796875,4825.5
9584,20.41650390625,218.62939453125,4824.5
9585,20.41650390625,218.63037109374997,4823.5
9586,20.416503906250004,218.63134765625,4822.5
9587,20.416503906250004,218.63232421875,4821.0
9588,20.416503906250004,218.63330078125,4820.0
9589,20.41650390625,218.63427734375,4819.0
9590,20.41650390625,218.63525390625,4817.5
9591,20.416503906250004,218.63623046875,4816.5
9592,20.416503906250004,218.63720703125,4815.0
9593,20.41650390625,218.63818359375,4814.0
9594,20.41650390625,218.63916015625,4812.5
9595,20.41650390625,218.64013671875003,4811.5
9596,20.41650390625,218.64111328125,4810.5
9597,20.416503906250004,218.64208984375,4810.0
9598,20.41650390625,218.64306640625,4809.5
9599,20.416503906250004,218.64404296875,4809.0
9600,20.41650390625,218.64501953125,4809.0
9601,20.416503906250004,218.64599609375,4809.0
9602,20.41650390625,218.64697265625,4808.5
9603,20.41650390625,218.64794921875,4807.0
9604,20.416503906250004,218.64892578125003,4806.0
9605,20.416503906250004,218.64990234375,4804.5
9606,20.41650390625,218.65087890625,4804.0
9607,20.416503906250004,218.65185546875003,4803.5
9608,20.41650390625,218.65283203125,4803.0
9609,20.41650390625,218.65380859375,4802.5
9610,20.41650390625,218.65478515625,4802.5
9611,20.41650390625,218.65576171875,4802.5
9612,20.41650390625,218.65673828125,4802.0
9613,20.41650390625,218.65771484375,4802.0
9614,20.41650390625,218.65869140625,4802.0
9615,20.41650390625,218.65966796875,4802.0
9616,20.41650390625,218.66064453125,4802.0
9617,20.41650390625,218.66162109374997,4802.0
9618,20.41650390625,218.66259765625,4802.5
9619,20.416503906250004,218.66357421875,4802.5
9620,20.41650390625,218.66455078125,4802.5
9621,20.41650390625,218.66552734375,4803.0
9622,20.416503906250004,218.66650390625,4803.0
9623,20.41650390625,218.66748046875003,4803.0
9624,20.41650390625,218.66845703125,4803.5
9625,20.41650390625,218.66943359375,4803.5
9626,20.41650390625,218.67041015625,4803.0
9627,20.41650390625,218.67138671875003,4802.5
9628,20.416503906250004,218.67236328125,4801.0
9629,20.41650390625,218.67333984375,4801.5
9630,20.41650390625,218.67431640625003,4801.5
9631,20.416503906250004,218.67529296875,4802.0
9632,20.41650390625,218.67626953125,4802.0
9633,20.41650390625,218.67724609375,4802.0
9634,20.41650390625,218.67822265625,4802.0
9635,20.416503906250004,218.67919921875,4801.5
9636,20.416503906250004,218.68017578125,4801.5
9637,20.41650390625,218.68115234375,4801.5
9638,20.416503906250004,218.68212890625,4801.0
9639,20.41650390625,218.68310546875003,4801.0
9640,20.41650390625,218.68408203125003,4800.5
9641,20.41650390625,218.68505859375,4800.5
9642,20.41650390625,218.68603515625,4800.0
9643,20.41650390625,218.68701171875,4800.0
9644,20.41650390625,218.68798828125,4799.5
9645,20.41650390625,218.68896484375,4799.5
9646,20.41650390625,218.68994140625,4799.5
9647,20.41650390625,218.69091796875,4799.0
9648,20.41650390625,218.69189453125,4798.5
9649,20.41650390625,218.69287109374997,4798.5
9650,20.41650390625,218.69384765625003,4798.0
9651,20.41650390625,218.69482421875,4797.5
9652,20.41650390625,218.69580078125,4797.0
9653,20.41650390625,218.69677734375,4796.0
9654,20.41650390625,218.69775390625,4795.5
9655,20.41650390625,218.69873046875,4794.5
9656,20.41650390625,218.69970703125,4793.0
9657,20.41650390625,218.70068359375,4791.5
9658,20.416503906250004,218.70166015625,4789.5
9659,20.41650390625,218.70263671875003,4787.0
9660,20.41650390625,218.70361328125,4783.5
9661,20.416503906250004,218.70458984375,4779.0
9662,20.416503906250004,218.70556640625003,4775.0
9663,20.41650390625,218.70654296874997,4771.0
9664,20.41650390625,218.70751953125,4769.5
9665,20.416503906250004,218.70849609375,4769.0
9666,20.41650390625,218.70947265625,4769.0
9667,20.41650390625,218.71044921875,4774.0
9668,20.41650390625,218.71142578125,4780.0
9669,20.41650390625,218.71240234375,4785.5
9670,20.41650390625,218.71337890625,4790.5
9671,20.41650390625,218.71435546875,4795.0
9672,20.41650390625,218.71533203125003,4799.0
9673,20.416503906250004,218.71630859375003,4803.0
9674,20.41650390625,218.71728515625,4806.5
9675,20.41650390625,218.71826171875,4809.5
9676,20.41650390625,218.71923828125,4812.5
9677,20.416503906250004,218.72021484375003,4815.5
9678,20.41650390625,218.72119140625,4818.0
9679,20.41650390625,218.72216796875,4821.0
9680,20.41650390625,218.72314453125,4823.5
9681,20.41650390625,218.72412109375,4825.0
9682,20.41650390625,218.72509765625003,4827.0
9683,20.41650390625,218.72607421875,4829.0
9684,20.41650390625,218.72705078125,4831.0
9685,20.41650390625,218.72802734375003,4833.0
9686,20.41650390625,218.72900390625003,4835.0
9687,20.416503906250004,218.72998046875,4838.0
9688,20.41650390625,218.73095703125,4841.5
9689,20.41650390625,218.73193359375,4845.5
9690,20.41650390625,218.73291015625,4849.5
9691,20.41650390625,218.73388671875,4853.0
9692,20.41650390625,218.73486328125,4857.0
9693,20.41650390625,218.73583984375,4860.5
9694,20.41650390625,218.73681640625,4864.0
9695,20.416503906250004,218.73779296874997,4867.5
9696,20.41650390625,218.73876953125,4870.5
9697,20.416503906250004,218.73974609375,4873.5
9698,20.41650390625,218.74072265625003,4876.0
9699,20.41650390625,218.74169921875,4878.0
9700,20.41650390625,218.74267578125,4880.5
9701,20.41650390625,218.74365234375,4883.5
9702,20.41650390625,218.74462890625,4886.5
9703,20.41552734375,218.62255859375,4831.5
9704,20.41552734375,218.62353515625,4830.5
9705,20.41552734375,218.62451171875,4829.5
9706,20.41552734375,218.62548828125,4828.5
9707,20.41552734375,218.62646484375003,4827.5
9708,20.41552734375,218.62744140625,4826.5
9709,20.41552734375,218.62841796875,4825.5
9710,20.41552734375,218.62939453125003,4824.5
9711,20.41552734375,218.63037109374997,4823.5
9712,20.41552734375,218.63134765625,4822.5
9713,20.41552734375,218.63232421875,4821.5
9714,20.41552734375,218.63330078125,4820.0
9715,20.41552734375,218.63427734375,4819.0
9716,20.41552734375,218.63525390625,4818.0
9717,20.41552734375,218.63623046875,4816.5
9718,20.41552734375,218.63720703125,4815.5
9719,20.41552734375,218.63818359375,4814.0
9720,20.41552734375,218.63916015625,4813.0
9721,20.41552734375,218.64013671875003,4812.0
9722,20.41552734375,218.64111328125,4811.0
9723,20.41552734375,218.64208984375,4810.0
9724,20.41552734375,218.64306640625,4809.5
9725,20.41552734375,218.64404296875,4809.5
9726,20.41552734375,218.64501953125,4809.5
9727,20.41552734375,218.64599609375,4808.5
9728,20.41552734375,218.64697265625,4808.5
9729,20.41552734375,218.64794921875,4807.0
9730,20.41552734375,218.64892578125003,4806.0
9731,20.41552734375,218.64990234375,4805.0
9732,20.41552734375,218.65087890625,4804.0
9733,20.41552734375,218.65185546875003,4803.5
9734,20.41552734375,218.65283203125,4803.0
9735,20.41552734375,218.65380859375,4803.0
9736,20.41552734375,218.65478515625,4803.0
9737,20.41552734375,218.65576171875,4802.5
9738,20.41552734375,218.65673828125,4802.5
9739,20.41552734375,218.65771484375,4802.5
9740,20.41552734375,218.65869140625,4802.5
9741,20.41552734375,218.65966796875,4802.5
9742,20.41552734375,218.66064453125,4802.5
9743,20.41552734375,218.66162109374997,4802.5
9744,20.41552734375,218.66259765625,4803.0
9745,20.41552734375,218.66357421875,4803.0
9746,20.41552734375,218.66455078125,4803.0
9747,20.41552734375,218.66552734375,4803.0
9748,20.41552734375,218.66650390625,4803.0
9749,20.41552734375,218.66748046875,4803.0
9750,20.41552734375,218.66845703125,4803.0
9751,20.41552734375,218.66943359375,4803.0
9752,20.41552734375,218.67041015625,4803.0
9753,20.41552734375,218.67138671875003,4802.5
9754,20.41552734375,218.67236328125,4802.0
9755,20.41552734375,218.67333984375,4802.0
9756,20.41552734375,218.67431640625003,4802.0
9757,20.41552734375,218.67529296875,4802.5
9758,20.41552734375,218.67626953125,4802.5
9759,20.41552734375,218.67724609375,4802.0
9760,20.41552734375,218.67822265625,4802.0
9761,20.41552734375,218.67919921875,4802.0
9762,20.41552734375,218.68017578125,4801.5
9763,20.41552734375,218.68115234375,4801.5
9764,20.41552734375,218.68212890625,4801.0
9765,20.41552734375,218.68310546875003,4801.0
9766,20.41552734375,218.68408203125003,4800.5
9767,20.41552734375,218.68505859375,4800.5
9768,20.41552734375,218.68603515625,4800.0
9769,20.41552734375,218.68701171875,4800.0
9770,20.41552734375,218.68798828125,4799.5
9771,20.41552734375,218.68896484375,4799.5
9772,20.41552734375,218.68994140625,4799.0
9773,20.41552734375,218.69091796875,4799.0
9774,20.41552734375,218.69189453125,4798.5
9775,20.41552734375,218.69287109374997,4798.0
9776,20.41552734375,218.69384765625003,4797.5
9777,20.41552734375,218.69482421875,4797.0
9778,20.41552734375,218.69580078125,4796.5
9779,20.41552734375,218.69677734375,4795.5
9780,20.41552734375,218.69775390625,4794.5
9781,20.41552734375,218.69873046875,4793.5
9782,20.41552734375,218.69970703125,4792.5
9783,20.41552734375,218.70068359375,4790.5
9784,20.41552734375,218.70166015625,4788.5
9785,20.41552734375,218.70263671875003,4786.0
9786,20.41552734375,218.70361328125,4782.5
9787,20.41552734375,218.70458984375,4779.0
9788,20.41552734375,218.70556640625003,4775.0
9789,20.41552734375,218.70654296874997,4769.5
9790,20.41552734375,218.70751953125,4768.5
9791,20.41552734375,218.70849609375,4768.0
9792,20.41552734375,218.70947265625,4769.0
9793,20.41552734375,218.71044921875,4773.5
9794,20.41552734375,218.71142578125,4779.0
9795,20.41552734375,218.71240234375,4784.5
9796,20.41552734375,218.71337890625,4789.5
9797,20.41552734375,218.71435546875,4794.0
9798,20.41552734375,218.71533203125003,4798.0
9799,20.41552734375,218.71630859375003,4801.5
9800,20.41552734375,218.71728515625,4805.0
9801,20.41552734375,218.71826171875,4808.5
9802,20.41552734375,218.71923828125,4811.5
9803,20.41552734375,218.72021484375003,4814.0
9804,20.41552734375,218.72119140625,4816.5
9805,20.41552734375,218.72216796875,4818.5
9806,20.41552734375,218.72314453125,4820.5
9807,20.41552734375,218.72412109375,4822.5
9808,20.41552734375,218.72509765625003,4825.0
9809,20.41552734375,218.72607421875,4827.0
9810,20.41552734375,218.72705078125,4829.0
9811,20.41552734375,218.72802734375003,4828.0
9812,20.41552734375,218.72900390624997,4831.5
9813,20.41552734375,218.72998046875,4835.5
9814,20.41552734375,218.73095703125,4839.5
9815,20.41552734375,218.73193359375,4843.5
9816,20.41552734375,218.73291015625,4847.0
9817,20.41552734375,218.73388671875,4851.0
9818,20.41552734375,218.73486328125,4854.5
9819,20.41552734375,218.73583984375,4858.0
9820,20.41552734375,218.73681640625,4861.5
9821,20.41552734375,218.73779296874997,4864.5
9822,20.41552734375,218.73876953125,4868.0
9823,20.41552734375,218.73974609375,4870.5
9824,20.41552734375,218.74072265625,4873.0
9825,20.41552734375,218.74169921875,4875.0
9826,20.41552734375,218.74267578125,4877.5
9827,20.41552734375,218.74365234375,4880.0
9828,20.41552734375,218.74462890625,4883.5
9829,20.414550781250004,218.62255859375,4831.5
9830,20.414550781250004,218.62353515625,4831.0
9831,20.414550781250004,218.62451171875,4830.0
9832,20.414550781250004,218.62548828125,4829.0
9833,20.414550781250004,218.62646484375003,4828.0
9834,20.414550781250004,218.62744140625,4827.0
9835,20.414550781250004,218.62841796875,4826.0
9836,20.414550781250004,218.62939453125003,4825.0
9837,20.414550781250004,218.63037109375,4824.0
9838,20.414550781250004,218.63134765625,4822.5
9839,20.414550781250004,218.63232421875,4821.5
9840,20.414550781250004,218.63330078125,4820.5
9841,20.414550781250004,218.63427734375,4819.0
9842,20.414550781250004,218.63525390625,4818.0
9843,20.414550781250004,218.63623046875003,4816.5
9844,20.414550781250004,218.63720703125,4815.5
9845,20.414550781250004,218.63818359375,4814.0
9846,20.414550781250004,218.63916015625,4813.0
9847,20.414550781250004,218.64013671875003,4812.0
9848,20.414550781250004,218.64111328125,4810.5
9849,20.414550781250004,218.64208984375,4810.0
9850,20.414550781250004,218.64306640625,4809.5
9851,20.414550781250004,218.64404296875,4809.0
9852,20.414550781250004,218.64501953125,4809.5
9853,20.414550781250004,218.64599609375,4810.5
9854,20.414550781250004,218.64697265625,4809.0
9855,20.414550781250004,218.64794921875,4807.0
9856,20.414550781250004,218.64892578125003,4805.5
9857,20.414550781250004,218.64990234375,4804.5
9858,20.414550781250004,218.65087890625,4804.0
9859,20.414550781250004,218.65185546875003,4803.5
9860,20.414550781250004,218.65283203125,4803.5
9861,20.414550781250004,218.65380859375,4803.5
9862,20.414550781250004,218.65478515625,4803.0
9863,20.414550781250004,218.65576171875,4803.0
9864,20.414550781250004,218.65673828125,4803.0
9865,20.414550781250004,218.65771484375,4803.0
9866,20.414550781250004,218.65869140625,4803.0
9867,20.414550781250004,218.65966796875,4803.0
9868,20.414550781250004,218.66064453125,4803.0
9869,20.414550781250004,218.66162109374997,4803.0
9870,20.414550781250004,218.66259765625,4803.0
9871,20.414550781250004,218.66357421875,4803.0
9872,20.414550781250004,218.66455078125,4803.5
9873,20.414550781250004,218.66552734375,4803.5
9874,20.414550781250004,218.66650390625,4803.5
9875,20.414550781250004,218.66748046875,4803.5
9876,20.414550781250004,218.66845703125,4803.0
9877,20.414550781250004,218.66943359375,4803.0
9878,20.414550781250004,218.67041015625,4803.0
9879,20.414550781250004,218.67138671875003,4803.0
9880,20.414550781250004,218.67236328125,4803.0
9881,20.414550781250004,218.67333984375,4803.0
9882,20.414550781250004,218.67431640625003,4803.0
9883,20.414550781250004,218.67529296875,4802.5
9884,20.414550781250004,218.67626953125,4802.5
9885,20.414550781250004,218.67724609375,4802.5
9886,20.414550781250004,218.67822265625,4802.5
9887,20.414550781250004,218.67919921875,4802.0
9888,20.414550781250004,218.68017578125,4802.0
9889,20.414550781250004,218.68115234375,4801.5
9890,20.414550781250004,218.68212890625,4801.5
9891,20.414550781250004,218.68310546875003,4801.0
9892,20.414550781250004,218.68408203124997,4801.0
9893,20.414550781250004,218.68505859375,4800.5
9894,20.414550781250004,218.68603515625,4800.5
9895,20.414550781250004,218.68701171875,4800.0
9896,20.414550781250004,218.68798828125,4799.5
9897,20.414550781250004,218.68896484375,4799.5
9898,20.414550781250004,218.68994140625,4799.0
9899,20.414550781250004,218.69091796875,4798.5
9900,20.414550781250004,218.69189453125,4798.5
9901,20.414550781250004,218.69287109374997,4798.0
9902,20.414550781250004,218.69384765625003,4797.5
9903,20.414550781250004,218.69482421875,4796.5
9904,20.414550781250004,218.69580078125,4796.0
9905,20.414550781250004,218.69677734375,4795.5
9906,20.414550781250004,218.69775390625,4794.5
9907,20.414550781250004,218.69873046875,4793.5
9908,20.414550781250004,218.69970703125,4792.0
9909,20.414550781250004,218.70068359375,4790.5
9910,20.414550781250004,218.70166015625,4788.5
9911,20.414550781250004,218.70263671875003,4786.0
9912,20.414550781250004,218.70361328125,4783.0
9913,20.414550781250004,218.70458984375,4780.0
9914,20.414550781250004,218.70556640625,4776.5
9915,20.414550781250004,218.70654296874997,4773.0
9916,20.414550781250004,218.70751953125,4770.5
9917,20.414550781250004,218.70849609375,4769.0
9918,20.414550781250004,218.70947265625,4769.0
9919,20.414550781250004,218.71044921875,4773.5
9920,20.414550781250004,218.71142578125,4779.0
9921,20.414550781250004,218.71240234375,4784.5
9922,20.414550781250004,218.71337890625,4789.0
9923,20.414550781250004,218.71435546875,4793.5
9924,20.414550781250004,218.71533203124997,4797.5
9925,20.414550781250004,218.71630859375003,4801.0
9926,20.414550781250004,218.71728515625,4804.5
9927,20.414550781250004,218.71826171875,4807.5
9928,20.414550781250004,218.71923828125,4810.5
9929,20.414550781250004,218.72021484375,4813.0
9930,20.414550781250004,218.72119140625,4815.0
9931,20.414550781250004,218.72216796875,4817.0
9932,20.414550781250004,218.72314453125,4818.0
9933,20.414550781250004,218.72412109375,4820.5
9934,20.414550781250004,218.72509765625003,4823.0
9935,20.414550781250004,218.72607421875,4825.0
9936,20.414550781250004,218.72705078125,4826.0
9937,20.414550781250004,218.72802734375003,4827.0
9938,20.414550781250004,218.72900390624997,4829.5
9939,20.414550781250004,218.72998046875,4833.5
9940,20.414550781250004,218.73095703125,4837.5
9941,20.414550781250004,218.73193359375,4841.0
9942,20.414550781250004,218.73291015625,4845.0
9943,20.414550781250004,218.73388671875,4848.5
9944,20.414550781250004,218.73486328125,4852.0
9945,20.414550781250004,218.73583984375,4855.5
9946,20.414550781250004,218.73681640625,4859.0
9947,20.414550781250004,218.73779296874997,4862.0
9948,20.414550781250004,218.73876953125,4865.0
9949,20.414550781250004,218.73974609375,4868.0
9950,20.414550781250004,218.74072265625003,4870.0
9951,20.414550781250004,218.74169921875,4871.5
9952,20.414550781250004,218.74267578125,4873.5
9953,20.414550781250004,218.74365234375,4877.0
9954,20.414550781250004,218.74462890625,4880.5
9955,20.413574218750004,218.62255859375,4832.0
9956,20.413574218750004,218.62353515625,4831.0
9957,20.413574218750004,218.62451171875,4830.0
9958,20.413574218750004,218.62548828125,4829.0
9959,20.413574218750004,218.62646484375003,4828.0
9960,20.413574218750004,218.62744140625,4827.0
9961,20.413574218750004,218.62841796875,4826.0
9962,20.413574218750004,218.62939453125,4825.0
9963,20.413574218750004,218.63037109374997,4824.0
9964,20.413574218750004,218.63134765625,4823.0
9965,20.413574218750004,218.63232421875,4822.0
9966,20.413574218750004,218.63330078125,4820.5
9967,20.413574218750004,218.63427734375,4819.5
9968,20.413574218750004,218.63525390625,4818.5
9969,20.413574218750004,218.63623046875,4817.0
9970,20.413574218750004,218.63720703125,4815.5
9971,20.413574218750004,218.63818359375,4814.5
9972,20.413574218750004,218.63916015625,4813.0
9973,20.413574218750004,218.64013671875003,4811.5
9974,20.413574218750004,218.64111328125,4810.5
9975,20.413574218750004,218.64208984375,4809.5
9976,20.413574218750004,218.64306640625,4808.5
9977,20.413574218750004,218.64404296875,4808.0
9978,20.413574218750004,218.64501953125,4808.5
9979,20.413574218750004,218.64599609375,4809.0
9980,20.413574218750004,218.64697265625,4806.5
9981,20.413574218750004,218.64794921875,4805.5
9982,20.413574218750004,218.64892578125003,4804.5
9983,20.413574218750004,218.64990234375,4804.0
9984,20.413574218750004,218.65087890625,4804.0
9985,20.413574218750004,218.65185546875003,4803.5
9986,20.413574218750004,218.65283203125,4803.5
9987,20.413574218750004,218.65380859375,4803.5
9988,20.413574218750004,218.65478515625,4803.5
9989,20.413574218750004,218.65576171875,4803.5
9990,20.413574218750004,218.65673828125,4803.5
9991,20.413574218750004,218.65771484375003,4803.5
9992,20.413574218750004,218.65869140625,4803.5
9993,20.413574218750004,218.65966796875,4803.5
9994,20.413574218750004,218.66064453125,4803.5
9995,20.413574218750004,218.66162109374997,4803.5
9996,20.413574218750004,218.66259765625,4803.5
9997,20.413574218750004,218.66357421875,4803.5
9998,20.413574218750004,218.66455078125,4803.5
9999,20.413574218750004,218.66552734375,4803.5
10000,20.413574218750004,218.66650390625,4803.5
10001,20.413574218750004,218.66748046875,4803.5
10002,20.413574218750004,218.66845703125,4803.5
10003,20.413574218750004,218.66943359375,4803.0
10004,20.413574218750004,218.67041015625,4803.0
10005,20.413574218750004,218.67138671875003,4803.0
10006,20.413574218750004,218.67236328125,4803.5
10007,20.413574218750004,218.67333984375,4803.5
10008,20.413574218750004,218.67431640625003,4803.5
10009,20.413574218750004,218.67529296875,4803.0
10010,20.413574218750004,218.67626953125,4803.0
10011,20.413574218750004,218.67724609375,4803.0
10012,20.413574218750004,218.67822265625,4802.5
10013,20.413574218750004,218.67919921875,4802.5
10014,20.413574218750004,218.68017578125003,4802.0
10015,20.413574218750004,218.68115234374997,4802.0
10016,20.413574218750004,218.68212890625,4801.5
10017,20.413574218750004,218.68310546875003,4801.0
10018,20.413574218750004,218.68408203125003,4801.0
10019,20.413574218750004,218.68505859375,4800.5
10020,20.413574218750004,218.68603515625,4800.5
10021,20.413574218750004,218.68701171875,4800.0
10022,20.413574218750004,218.68798828125,4800.0
10023,20.413574218750004,218.68896484375,4799.5
10024,20.413574218750004,218.68994140625003,4799.0
10025,20.413574218750004,218.69091796875,4798.5
10026,20.413574218750004,218.69189453125,4798.0
10027,20.413574218750004,218.69287109374997,4797.5
10028,20.413574218750004,218.69384765625003,4797.0
10029,20.413574218750004,218.69482421875,4796.5
10030,20.413574218750004,218.69580078125,4796.0
10031,20.413574218750004,218.69677734375,4795.0
10032,20.413574218750004,218.69775390625,4794.0
10033,20.413574218750004,218.69873046875,4793.0
10034,20.413574218750004,218.69970703125,4792.0
10035,20.413574218750004,218.70068359375,4790.5
10036,20.413574218750004,218.70166015625,4789.0
10037,20.413574218750004,218.70263671875003,4787.0
10038,20.413574218750004,218.70361328125,4784.5
10039,20.413574218750004,218.70458984375,4781.5
10040,20.413574218750004,218.70556640625003,4778.0
10041,20.413574218750004,218.70654296874997,4773.5
10042,20.413574218750004,218.70751953125,4772.5
10043,20.413574218750004,218.70849609375,4771.5
10044,20.413574218750004,218.70947265625,4772.0
10045,20.413574218750004,218.71044921875,4775.5
10046,20.413574218750004,218.71142578125,4780.5
10047,20.413574218750004,218.71240234375,4785.0
10048,20.413574218750004,218.71337890625,4789.5
10049,20.413574218750004,218.71435546875,4793.5
10050,20.413574218750004,218.71533203125003,4797.5
10051,20.413574218750004,218.71630859375003,4800.5
10052,20.413574218750004,218.71728515625,4804.0
10053,20.413574218750004,218.71826171875,4807.0
10054,20.413574218750004,218.71923828125,4809.5
10055,20.413574218750004,218.72021484375,4812.5
10056,20.413574218750004,218.72119140625,4814.5
10057,20.413574218750004,218.72216796875,4817.0
10058,20.413574218750004,218.72314453125,4818.5
10059,20.413574218750004,218.72412109375,4819.5
10060,20.413574218750004,218.72509765625003,4821.5
10061,20.413574218750004,218.72607421875,4823.0
10062,20.413574218750004,218.72705078125,4824.5
10063,20.413574218750004,218.72802734375003,4825.5
10064,20.413574218750004,218.72900390624997,4828.0
10065,20.413574218750004,218.72998046875,4831.5
10066,20.413574218750004,218.73095703125,4835.5
10067,20.413574218750004,218.73193359375,4839.0
10068,20.413574218750004,218.73291015625,4843.0
10069,20.413574218750004,218.73388671875,4846.5
10070,20.413574218750004,218.73486328125,4850.0
10071,20.413574218750004,218.73583984375,4853.0
10072,20.413574218750004,218.73681640625,4856.5
10073,20.413574218750004,218.73779296875003,4859.5
10074,20.413574218750004,218.73876953125,4862.5
10075,20.413574218750004,218.73974609375,4865.0
10076,20.413574218750004,218.74072265625003,4867.0
10077,20.413574218750004,218.74169921875,4866.5
10078,20.413574218750004,218.74267578125,4869.5
10079,20.413574218750004,218.74365234375,4873.5
10080,20.413574218750004,218.74462890625,4877.0
10081,20.41259765625,218.62255859375,4832.0
10082,20.41259765625,218.62353515625,4831.0
10083,20.41259765625,218.62451171875,4830.5
10084,20.41259765625,218.62548828125,4829.5
10085,20.41259765625,218.62646484375003,4828.5
10086,20.41259765625,218.62744140625,4827.5
10087,20.41259765625,218.62841796875,4826.5
10088,20.41259765625,218.62939453125,4825.5
10089,20.412597656250004,218.63037109374997,4824.5
10090,20.41259765625,218.63134765625,4823.5
10091,20.41259765625,218.63232421875,4822.5
10092,20.412597656250004,218.63330078125,4821.0
10093,20.41259765625,218.63427734375,4820.0
10094,20.41259765625,218.63525390625,4818.5
10095,20.412597656250004,218.63623046875003,4817.0
10096,20.41259765625,218.63720703125,4816.0
10097,20.41259765625,218.63818359375,4814.5
10098,20.41259765625,218.63916015625,4813.0
10099,20.412597656250004,218.64013671875003,4811.5
10100,20.412597656250004,218.64111328125,4810.0
10101,20.41259765625,218.64208984375,4808.5
10102,20.41259765625,218.64306640625,4807.0
10103,20.41259765625,218.64404296875,4806.0
10104,20.41259765625,218.64501953125,4805.5
10105,20.41259765625,218.64599609375,4805.0
10106,20.41259765625,218.64697265625,4803.0
10107,20.41259765625,218.64794921875,4803.0
10108,20.41259765625,218.64892578125003,4803.0
10109,20.41259765625,218.64990234375,4803.5
10110,20.41259765625,218.65087890625,4803.5
10111,20.41259765625,218.65185546875003,4803.5
10112,20.412597656250004,218.65283203125,4803.5
10113,20.41259765625,218.65380859375,4803.5
10114,20.41259765625,218.65478515625,4804.0
10115,20.41259765625,218.65576171875,4804.0
10116,20.41259765625,218.65673828125,4804.0
10117,20.41259765625,218.65771484375,4804.0
10118,20.41259765625,218.65869140625,4804.0
10119,20.41259765625,218.65966796875,4804.0
10120,20.41259765625,218.66064453125,4804.0
10121,20.41259765625,218.66162109374997,4804.0
10122,20.41259765625,218.66259765625,4804.0
10123,20.412597656250004,218.66357421875,4804.0
10124,20.41259765625,218.66455078125,4804.0
10125,20.41259765625,218.66552734375,4804.0
10126,20.41259765625,218.66650390625,4804.0
10127,20.41259765625,218.66748046875,4803.5
10128,20.41259765625,218.66845703125,4803.5
10129,20.41259765625,218.66943359375,4803.0
10130,20.41259765625,218.67041015625,4803.0
10131,20.41259765625,218.67138671875003,4802.5
10132,20.41259765625,218.67236328124997,4804.0
10133,20.41259765625,218.67333984375,4804.0
10134,20.412597656250004,218.67431640625003,4804.0
10135,20.41259765625,218.67529296875,4803.5
10136,20.41259765625,218.67626953125,4803.5
10137,20.41259765625,218.67724609375,4803.0
10138,20.41259765625,218.67822265625,4802.5
10139,20.412597656250004,218.67919921875,4802.5
10140,20.412597656250004,218.68017578125003,4802.0
10141,20.412597656250004,218.68115234375,4802.0
10142,20.412597656250004,218.68212890625,4801.5
10143,20.41259765625,218.68310546875,4801.5
10144,20.41259765625,218.68408203125003,4801.0
10145,20.41259765625,218.68505859375,4801.0
10146,20.41259765625,218.68603515625,4800.5
10147,20.41259765625,218.68701171875,4800.0
10148,20.41259765625,218.68798828125,4800.0
10149,20.41259765625,218.68896484375,4799.5
10150,20.41259765625,218.68994140625003,4799.0
10151,20.41259765625,218.69091796875,4798.5
10152,20.41259765625,218.69189453125,4798.0
10153,20.41259765625,218.69287109374997,4797.5
10154,20.41259765625,218.69384765625003,4797.0
10155,20.41259765625,218.69482421875,4796.5
10156,20.41259765625,218.69580078125,4796.0
10157,20.412597656250004,218.69677734375,4795.0
10158,20.41259765625,218.69775390625,4794.0
10159,20.41259765625,218.69873046875,4793.0
10160,20.41259765625,218.69970703125,4792.0
10161,20.41259765625,218.70068359375,4791.0
10162,20.41259765625,218.70166015625,4789.5
10163,20.41259765625,218.70263671875003,4788.0
10164,20.41259765625,218.70361328125,4786.0
10165,20.412597656250004,218.70458984375,4784.0
10166,20.41259765625,218.70556640625003,4781.5
10167,20.41259765625,218.70654296875003,4780.0
10168,20.41259765625,218.70751953125,4777.0
10169,20.41259765625,218.70849609375,4775.0
10170,20.41259765625,218.70947265625,4774.0
10171,20.41259765625,218.71044921875,4778.0
10172,20.41259765625,218.71142578125,4782.5
10173,20.41259765625,218.71240234375,4786.5
10174,20.41259765625,218.71337890625,4790.5
10175,20.41259765625,218.71435546875,4794.0
10176,20.41259765625,218.71533203124997,4797.5
10177,20.41259765625,218.71630859375003,4800.5
10178,20.41259765625,218.71728515625,4803.5
10179,20.41259765625,218.71826171875,4806.5
10180,20.41259765625,218.71923828125,4809.5
10181,20.41259765625,218.72021484375,4812.0
10182,20.41259765625,218.72119140625,4814.5
10183,20.41259765625,218.72216796875,4816.5
10184,20.41259765625,218.72314453125,4816.5
10185,20.412597656250004,218.72412109375,4818.5
10186,20.41259765625,218.72509765625003,4820.5
10187,20.41259765625,218.72607421875,4822.0
10188,20.41259765625,218.72705078125,4823.0
10189,20.41259765625,218.72802734375,4824.0
10190,20.41259765625,218.72900390624997,4826.5
10191,20.41259765625,218.72998046875,4830.0
10192,20.41259765625,218.73095703125,4833.5
10193,20.41259765625,218.73193359375,4837.5
10194,20.41259765625,218.73291015625,4841.0
10195,20.412597656250004,218.73388671875003,4844.5
10196,20.41259765625,218.73486328125,4847.5
10197,20.41259765625,218.73583984375,4851.0
10198,20.41259765625,218.73681640625,4854.0
10199,20.41259765625,218.73779296874997,4857.0
10200,20.41259765625,218.73876953125,4860.0
10201,20.41259765625,218.73974609375,4862.5
10202,20.412597656250004,218.74072265625,4864.5
10203,20.41259765625,218.74169921875,4864.0
10204,20.41259765625,218.74267578125,4866.5
10205,20.41259765625,218.74365234375,4870.5
10206,20.41259765625,218.74462890625,4874.5
10207,20.411621093749996,218.62255859375,4832.0
10208,20.411621093749996,218.62353515625,4831.5
10209,20.411621093749996,218.62451171875,4830.5
10210,20.411621093749996,218.62548828125,4829.5
10211,20.411621093750004,218.62646484375003,4829.0
10212,20.411621093749996,218.62744140625,4828.0
10213,20.411621093750004,218.62841796875,4827.0
10214,20.411621093749996,218.62939453125003,4826.0
10215,20.411621093750004,218.63037109374997,4825.0
10216,20.411621093749996,218.63134765625,4824.0
10217,20.411621093749996,218.63232421875,4822.5
10218,20.411621093750004,218.63330078125,4821.5
10219,20.411621093749996,218.63427734375,4820.5
10220,20.411621093750004,218.63525390625,4819.0
10221,20.411621093750004,218.63623046875003,4817.5
10222,20.411621093749996,218.63720703125,4816.0
10223,20.411621093749996,218.63818359375,4814.5
10224,20.411621093750004,218.63916015625,4813.0
10225,20.411621093750004,218.64013671875003,4811.5
10226,20.411621093749996,218.64111328125,4809.5
10227,20.411621093749996,218.64208984375,4807.5
10228,20.411621093749996,218.64306640625,4805.5
10229,20.411621093750004,218.64404296875,4803.0
10230,20.411621093749996,218.64501953125,4800.5
10231,20.411621093750004,218.64599609375,4800.0
10232,20.411621093749996,218.64697265625,4800.5
10233,20.411621093749996,218.64794921875,4801.0
10234,20.411621093749996,218.64892578125003,4802.0
10235,20.411621093750004,218.64990234375,4802.5
10236,20.411621093750004,218.65087890625,4803.0
10237,20.411621093749996,218.65185546875003,4803.5
10238,20.411621093750004,218.65283203125,4803.5
10239,20.411621093749996,218.65380859375,4804.0
10240,20.411621093749996,218.65478515625,4804.0
10241,20.411621093750004,218.65576171875,4804.5
10242,20.411621093750004,218.65673828125,4804.5
10243,20.411621093749996,218.65771484375003,4804.5
10244,20.411621093749996,218.65869140625,4804.5
10245,20.411621093749996,218.65966796875,4804.5
10246,20.411621093750004,218.66064453125,4804.5
10247,20.411621093749996,218.66162109374997,4804.5
10248,20.411621093750004,218.66259765625,4804.5
10249,20.411621093749996,218.66357421875,4804.5
10250,20.411621093749996,218.66455078125,4804.5
10251,20.411621093749996,218.66552734375,4804.5
10252,20.411621093749996,218.66650390625,4804.0
10253,20.411621093749996,218.66748046875,4804.0
10254,20.411621093749996,218.66845703125,4804.0
10255,20.411621093749996,218.66943359375,4803.5
10256,20.411621093749996,218.67041015625,4803.5
10257,20.411621093749996,218.67138671875003,4803.5
10258,20.411621093749996,218.67236328125,4805.0
10259,20.411621093750004,218.67333984375,4805.0
10260,20.411621093750004,218.67431640625003,4804.5
10261,20.411621093749996,218.67529296875,4804.0
10262,20.411621093749996,218.67626953125,4803.5
10263,20.411621093749996,218.67724609375,4803.5
10264,20.411621093749996,218.67822265625,4803.0
10265,20.411621093750004,218.67919921875,4802.5
10266,20.411621093750004,218.68017578125003,4802.5
10267,20.411621093750004,218.68115234375,4802.0
10268,20.411621093749996,218.68212890625,4802.0
10269,20.411621093750004,218.68310546875003,4801.5
10270,20.411621093749996,218.68408203125003,4801.5
10271,20.411621093749996,218.68505859375,4801.0
10272,20.411621093749996,218.68603515625,4800.5
10273,20.411621093749996,218.68701171875,4800.5
10274,20.411621093749996,218.68798828125,4800.0
10275,20.411621093749996,218.68896484375,4799.5
10276,20.411621093749996,218.68994140625003,4799.0
10277,20.411621093749996,218.69091796875,4798.5
10278,20.411621093749996,218.69189453125,4798.0
10279,20.411621093749996,218.69287109374997,4797.5
10280,20.411621093750004,218.69384765625003,4797.0
10281,20.411621093750004,218.69482421875,4796.5
10282,20.411621093749996,218.69580078125,4796.0
10283,20.411621093749996,218.69677734375,4795.0
10284,20.411621093749996,218.69775390625,4794.5
10285,20.411621093749996,218.69873046875,4793.5
10286,20.411621093749996,218.69970703125,4792.5
10287,20.411621093749996,218.70068359375,4791.5
10288,20.411621093749996,218.70166015625,4790.5
10289,20.411621093749996,218.70263671875003,4789.5
10290,20.411621093749996,218.70361328125,4788.5
10291,20.411621093750004,218.70458984375,4787.5
10292,20.411621093749996,218.70556640625003,4786.0
10293,20.411621093749996,218.70654296874997,4783.0
10294,20.411621093749996,218.70751953125,4781.5
10295,20.411621093750004,218.70849609375,4780.0
10296,20.411621093750004,218.70947265625,4780.0
10297,20.411621093749996,218.71044921875,4782.0
10298,20.411621093749996,218.71142578125,4785.5
10299,20.411621093749996,218.71240234375,4789.0
10300,20.411621093749996,218.71337890625,4792.0
10301,20.411621093749996,218.71435546875,4795.0
10302,20.411621093749996,218.71533203125003,4798.0
10303,20.411621093750004,218.71630859375003,4801.0
10304,20.411621093749996,218.71728515625,4804.0
10305,20.411621093749996,218.71826171875,4806.5
10306,20.411621093750004,218.71923828125,4809.0
10307,20.411621093749996,218.72021484375,4811.5
10308,20.411621093750004,218.72119140625,4814.0
10309,20.411621093749996,218.72216796875,4816.0
10310,20.411621093749996,218.72314453125,4817.5
10311,20.411621093750004,218.72412109375,4818.5
10312,20.411621093749996,218.72509765625003,4820.0
10313,20.411621093750004,218.72607421875,4821.0
10314,20.411621093749996,218.72705078125,4822.0
10315,20.411621093749996,218.72802734375003,4822.0
10316,20.411621093749996,218.72900390624997,4825.0
10317,20.411621093749996,218.72998046875,4828.5
10318,20.411621093749996,218.73095703125,4832.0
10319,20.411621093749996,218.73193359375,4836.0
10320,20.411621093749996,218.73291015625,4839.5
10321,20.411621093750004,218.73388671875,4842.5
10322,20.411621093749996,218.73486328125,4846.0
10323,20.411621093749996,218.73583984375,4849.0
10324,20.411621093749996,218.73681640625,4852.0
10325,20.411621093749996,218.73779296874997,4854.5
10326,20.411621093749996,218.73876953125,4857.5
10327,20.411621093750004,218.73974609375,4860.0
10328,20.411621093750004,218.74072265625,4862.5
10329,20.411621093749996,218.74169921875,4860.5
10330,20.411621093749996,218.74267578125,4864.0
10331,20.411621093749996,218.74365234375,4868.0
10332,20.411621093749996,218.74462890625,4872.0
10333,20.41064453125,218.62255859375,4832.5
10334,20.41064453125,218.62353515625,4831.5
10335,20.41064453125,218.62451171875,4831.0
10336,20.41064453125,218.62548828125,4830.0
10337,20.410644531250004,218.62646484375003,4829.0
10338,20.41064453125,218.62744140625,4828.0
10339,20.410644531250004,218.62841796875,4827.5
10340,20.41064453125,218.62939453125,4826.5
10341,20.410644531250004,218.63037109375,4825.5
10342,20.41064453125,218.63134765625,4824.5
10343,20.41064453125,218.63232421875,4823.0
10344,20.410644531250004,218.63330078125,4822.0
10345,20.41064453125,218.63427734375,4820.5
10346,20.41064453125,218.63525390625,4819.5
10347,20.41064453125,218.63623046875003,4818.0
10348,20.410644531250004,218.63720703125,4816.5
10349,20.41064453125,218.63818359375,4815.0
10350,20.410644531250004,218.63916015625,4813.0
10351,20.410644531250004,218.64013671875003,4811.5
10352,20.41064453125,218.64111328125,4809.0
10353,20.41064453125,218.64208984375,4807.0
10354,20.41064453125,218.64306640625,4804.5
10355,20.410644531250004,218.64404296875,4801.5
10356,20.41064453125,218.64501953125,4798.5
10357,20.410644531250004,218.64599609375,4798.0
10358,20.41064453125,218.64697265625,4799.0
10359,20.41064453125,218.64794921875,4800.0
10360,20.410644531250004,218.64892578125003,4801.0
10361,20.410644531250004,218.64990234375,4802.0
10362,20.410644531250004,218.65087890625,4803.0
10363,20.410644531250004,218.65185546875003,4803.5
10364,20.410644531250004,218.65283203125,4804.0
10365,20.41064453125,218.65380859375,4804.0
10366,20.41064453125,218.65478515625,4804.5
10367,20.41064453125,218.65576171875,4804.5
10368,20.41064453125,218.65673828125,4805.0
10369,20.41064453125,218.65771484375,4805.0
10370,20.41064453125,218.65869140625,4805.0
10371,20.410644531250004,218.65966796875,4805.0
10372,20.41064453125,218.66064453125,4805.0
10373,20.41064453125,218.66162109374997,4805.0
10374,20.410644531250004,218.66259765625,4805.0
10375,20.41064453125,218.66357421875,4805.0
10376,20.41064453125,218.66455078125,4805.0
10377,20.410644531250004,218.66552734375,4805.0
10378,20.41064453125,218.66650390625,4804.5
10379,20.410644531250004,218.66748046875,4804.5
10380,20.41064453125,218.66845703125,4804.5
10381,20.410644531250004,218.66943359375,4804.5
10382,20.410644531250004,218.67041015625,4804.0
10383,20.41064453125,218.67138671875003,4804.0
10384,20.410644531250004,218.67236328125,4805.5
10385,20.410644531250004,218.67333984375,4805.5
10386,20.410644531250004,218.67431640625003,4805.0
10387,20.41064453125,218.67529296875,4804.5
10388,20.41064453125,218.67626953125,4804.0
10389,20.41064453125,218.67724609375,4803.5
10390,20.41064453125,218.67822265625,4803.0
10391,20.410644531250004,218.67919921875,4803.0
10392,20.410644531250004,218.68017578125,4802.5
10393,20.410644531250004,218.68115234375,4802.5
10394,20.41064453125,218.68212890625,4802.0
10395,20.41064453125,218.68310546875003,4801.5
10396,20.41064453125,218.68408203125003,4801.5
10397,20.41064453125,218.68505859375,4801.0
10398,20.41064453125,218.68603515625,4801.0
10399,20.410644531250004,218.68701171875,4800.5
10400,20.410644531250004,218.68798828125,4800.0
10401,20.410644531250004,218.68896484375,4799.5
10402,20.41064453125,218.68994140625,4799.5
10403,20.41064453125,218.69091796875,4799.0
10404,20.41064453125,218.69189453125,4798.5
10405,20.410644531250004,218.69287109374997,4798.0
10406,20.41064453125,218.69384765625003,4797.0
10407,20.41064453125,218.69482421875,4796.5
10408,20.41064453125,218.69580078125,4796.0
10409,20.41064453125,218.69677734375,4795.0
10410,20.41064453125,218.69775390625,4794.5
10411,20.41064453125,218.69873046875,4794.0
10412,20.41064453125,218.69970703125,4793.0
10413,20.410644531250004,218.70068359375,4792.5
10414,20.410644531250004,218.70166015625,4791.5
10415,20.410644531250004,218.70263671875003,4791.0
10416,20.41064453125,218.70361328125,4791.0
10417,20.410644531250004,218.70458984375,4791.0
10418,20.410644531250004,218.70556640625,4790.5
10419,20.41064453125,218.70654296875003,4789.5
10420,20.41064453125,218.70751953125,4787.0
10421,20.410644531250004,218.70849609375,4785.0
10422,20.41064453125,218.70947265625,4784.5
10423,20.41064453125,218.71044921875,4786.5
10424,20.41064453125,218.71142578125,4789.0
10425,20.410644531250004,218.71240234375,4791.5
10426,20.41064453125,218.71337890625,4794.0
10427,20.41064453125,218.71435546875,4796.5
10428,20.41064453125,218.71533203125003,4799.0
10429,20.410644531250004,218.71630859375003,4801.5
10430,20.41064453125,218.71728515625,4804.0
10431,20.410644531250004,218.71826171875,4806.5
10432,20.410644531250004,218.71923828125,4808.5
10433,20.41064453125,218.72021484375,4811.0
10434,20.410644531250004,218.72119140625,4813.5
10435,20.410644531250004,218.72216796875,4815.5
10436,20.410644531250004,218.72314453125,4817.5
10437,20.410644531250004,218.72412109375,4818.5
10438,20.41064453125,218.72509765625003,4819.5
10439,20.41064453125,218.72607421875,4820.5
10440,20.41064453125,218.72705078125,4821.0
10441,20.410644531250004,218.72802734375003,4821.5
10442,20.410644531250004,218.72900390625003,4824.0
10443,20.41064453125,218.72998046875,4827.5
10444,20.410644531250004,218.73095703125,4831.0
10445,20.41064453125,218.73193359375,4834.5
10446,20.41064453125,218.73291015625,4838.0
10447,20.41064453125,218.73388671875,4841.0
10448,20.41064453125,218.73486328125,4844.0
10449,20.410644531250004,218.73583984375,4847.0
10450,20.410644531250004,218.73681640625,4849.5
10451,20.41064453125,218.73779296875003,4852.0
10452,20.41064453125,218.73876953125,4854.5
10453,20.410644531250004,218.73974609375,4856.0
10454,20.41064453125,218.74072265625003,4856.5
10455,20.41064453125,218.74169921875,4858.5
10456,20.41064453125,218.74267578125,4862.0
10457,20.410644531250004,218.74365234375,4866.0
10458,20.41064453125,218.74462890625,4870.0
10459,20.40966796875,218.62255859375,4832.5
10460,20.40966796875,218.62353515625,4832.0
10461,20.40966796875,218.62451171875,4831.0
10462,20.40966796875,218.62548828125,4830.5
10463,20.409667968750007,218.62646484375003,4829.5
10464,20.40966796875,218.62744140625,4828.5
10465,20.409667968750007,218.62841796875,4828.0
10466,20.40966796875,218.62939453125003,4827.0
10467,20.409667968750007,218.63037109374997,4826.0
10468,20.40966796875,218.63134765625,4825.0
10469,20.40966796875,218.63232421875,4823.5
10470,20.409667968750007,218.63330078125,4822.5
10471,20.409667968750007,218.63427734375,4821.5
10472,20.40966796875,218.63525390625,4820.0
10473,20.409667968750007,218.63623046875003,4818.5
10474,20.40966796875,218.63720703125,4817.0
10475,20.40966796875,218.63818359375,4815.5
10476,20.40966796875,218.63916015625,4813.5
10477,20.409667968750007,218.64013671875003,4811.5
10478,20.409667968750007,218.64111328125,4809.5
10479,20.40966796875,218.64208984375,4807.0
10480,20.40966796875,218.64306640625,4804.0
10481,20.40966796875,218.64404296875,4801.0
10482,20.40966796875,218.64501953125,4798.5
10483,20.409667968750007,218.64599609375,4798.5
10484,20.40966796875,218.64697265625,4799.0
10485,20.40966796875,218.64794921875,4800.0
10486,20.40966796875,218.64892578125003,4801.0
10487,20.40966796875,218.64990234375,4802.0
10488,20.409667968750007,218.65087890625,4803.0
10489,20.40966796875,218.65185546875003,4803.5
10490,20.409667968750007,218.65283203125,4804.0
10491,20.40966796875,218.65380859375,4804.5
10492,20.40966796875,218.65478515625,4805.0
10493,20.40966796875,218.65576171875,4805.0
10494,20.409667968750007,218.65673828125,4805.5
10495,20.40966796875,218.65771484375003,4805.5
10496,20.40966796875,218.65869140625,4805.5
10497,20.40966796875,218.65966796875,4805.5
10498,20.409667968750007,218.66064453125,4805.5
10499,20.40966796875,218.66162109374997,4805.5
10500,20.40966796875,218.66259765625,4805.5
10501,20.409667968750007,218.66357421875,4805.5
10502,20.40966796875,218.66455078125,4805.5
10503,20.40966796875,218.66552734375,4805.0
10504,20.40966796875,218.66650390625,4805.0
10505,20.409667968750007,218.66748046875,4805.0
10506,20.40966796875,218.66845703125,4805.0
10507,20.40966796875,218.66943359375,4805.5
10508,20.409667968750007,218.67041015625,4805.5
10509,20.40966796875,218.67138671875003,4806.0
10510,20.40966796875,218.67236328125,4807.0
10511,20.40966796875,218.67333984375,4806.0
10512,20.409667968750007,218.67431640625003,4805.5
10513,20.40966796875,218.67529296875,4804.5
10514,20.40966796875,218.67626953125,4804.0
10515,20.40966796875,218.67724609375,4803.5
10516,20.40966796875,218.67822265625,4803.5
10517,20.409667968750007,218.67919921875,4803.0
10518,20.409667968750007,218.68017578125003,4802.5
10519,20.409667968750007,218.68115234375,4802.5
10520,20.40966796875,218.68212890625,4802.0
10521,20.40966796875,218.68310546875003,4802.0
10522,20.40966796875,218.68408203125003,4801.5
10523,20.40966796875,218.68505859375,4801.5
10524,20.40966796875,218.68603515625,4801.0
10525,20.409667968750007,218.68701171875,4800.5
10526,20.409667968750007,218.68798828125,4800.5
10527,20.40966796875,218.68896484375,4800.0
10528,20.40966796875,218.68994140625003,4799.5
10529,20.40966796875,218.69091796875,4799.0
10530,20.40966796875,218.69189453125,4798.5
10531,20.40966796875,218.69287109374997,4798.0
10532,20.409667968750007,218.69384765625003,4797.5
10533,20.409667968750007,218.69482421875,4796.5
10534,20.409667968750007,218.69580078125,4796.0
10535,20.40966796875,218.69677734375,4795.5
10536,20.40966796875,218.69775390625,4794.5
10537,20.40966796875,218.69873046875,4794.0
10538,20.40966796875,218.69970703125,4793.5
10539,20.40966796875,218.70068359375,4793.0
10540,20.409667968750007,218.70166015625,4792.5
10541,20.40966796875,218.70263671875003,4792.5
10542,20.40966796875,218.70361328125,4792.5
10543,20.40966796875,218.70458984375,4793.0
10544,20.40966796875,218.70556640625003,4793.5
10545,20.40966796875,218.70654296874997,4790.5
10546,20.40966796875,218.70751953125,4790.5
10547,20.409667968750007,218.70849609375,4790.5
10548,20.40966796875,218.70947265625,4790.5
10549,20.40966796875,218.71044921875,4791.5
10550,20.409667968750007,218.71142578125,4793.0
10551,20.40966796875,218.71240234375,4794.5
10552,20.40966796875,218.71337890625,4796.0
10553,20.40966796875,218.71435546875,4798.0
10554,20.40966796875,218.71533203125003,4800.0
10555,20.409667968750007,218.71630859375003,4802.0
10556,20.40966796875,218.71728515625,4804.0
10557,20.409667968750007,218.71826171875,4806.5
10558,20.409667968750007,218.71923828125,4808.5
10559,20.409667968750007,218.72021484375,4810.5
10560,20.409667968750007,218.72119140625,4813.0
10561,20.40966796875,218.72216796875,4814.5
10562,20.40966796875,218.72314453125,4816.0
10563,20.409667968750007,218.72412109375,4817.5
10564,20.40966796875,218.72509765625003,4818.5
10565,20.409667968750007,218.72607421875,4820.0
10566,20.409667968750007,218.72705078125,4820.5
10567,20.40966796875,218.72802734375003,4820.5
10568,20.40966796875,218.72900390624997,4823.5
10569,20.40966796875,218.72998046875,4826.5
10570,20.40966796875,218.73095703125,4830.0
10571,20.40966796875,218.73193359375,4833.5
10572,20.40966796875,218.73291015625,4836.5
10573,20.40966796875,218.73388671875003,4839.5
10574,20.409667968750007,218.73486328125,4842.5
10575,20.40966796875,218.73583984375,4845.5
10576,20.40966796875,218.73681640625,4848.0
10577,20.40966796875,218.73779296875003,4850.5
10578,20.40966796875,218.73876953125,4852.5
10579,20.40966796875,218.73974609375,4854.0
10580,20.40966796875,218.74072265625,4855.5
10581,20.40966796875,218.74169921875,4857.0
10582,20.40966796875,218.74267578125,4860.5
10583,20.409667968750007,218.74365234375,4864.0
10584,20.40966796875,218.74462890625,4868.0
10585,20.408691406249996,218.62255859375,4833.0
10586,20.408691406249996,218.62353515625,4832.0
10587,20.408691406249996,218.62451171875,4831.5
10588,20.408691406249996,218.62548828125,4830.5
10589,20.408691406249996,218.62646484375003,4830.0
10590,20.408691406249996,218.62744140625,4829.0
10591,20.408691406249996,218.62841796875,4828.5
10592,20.408691406249996,218.62939453125,4827.5
10593,20.408691406249996,218.63037109374997,4826.5
10594,20.408691406249996,218.63134765625,4825.5
10595,20.408691406249996,218.63232421875,4824.5
10596,20.408691406249996,218.63330078125,4823.0
10597,20.408691406249996,218.63427734375,4822.0
10598,20.408691406249996,218.63525390625,4820.5
10599,20.408691406249996,218.63623046875003,4819.5
10600,20.408691406249996,218.63720703125,4818.0
10601,20.408691406249996,218.63818359375,4816.0
10602,20.408691406249996,218.63916015625,4814.0
10603,20.408691406249996,218.64013671875003,4812.0
10604,20.408691406249996,218.64111328125,4810.0
10605,20.408691406249996,218.64208984375,4807.5
10606,20.408691406249996,218.64306640625,4804.5
10607,20.408691406249996,218.64404296875,4802.0
10608,20.408691406249996,218.64501953125,4800.0
10609,20.408691406249996,218.64599609375,4800.5
10610,20.408691406249996,218.64697265625,4800.0
10611,20.408691406249996,218.64794921875,4800.0
10612,20.408691406249996,218.64892578125003,4801.0
10613,20.408691406249996,218.64990234375,4802.0
10614,20.408691406249996,218.65087890625,4803.0
10615,20.408691406249996,218.65185546875,4804.0
10616,20.408691406249996,218.65283203125,4804.5
10617,20.408691406249996,218.65380859375,4805.0
10618,20.408691406249996,218.65478515625,4805.5
10619,20.408691406249996,218.65576171875,4806.0
10620,20.408691406249996,218.65673828125,4806.0
10621,20.408691406249996,218.65771484375003,4806.0
10622,20.408691406249996,218.65869140625,4806.0
10623,20.408691406249996,218.65966796875,4806.0
10624,20.408691406249996,218.66064453125,4806.0
10625,20.408691406249996,218.66162109374997,4806.0
10626,20.408691406249996,218.66259765625,4806.0
10627,20.408691406249996,218.66357421875,4806.0
10628,20.408691406249996,218.66455078125,4806.0
10629,20.408691406249996,218.66552734375,4805.5
10630,20.408691406249996,218.66650390625,4805.5
10631,20.408691406249996,218.66748046875,4805.5
10632,20.408691406249996,218.66845703125,4805.5
10633,20.408691406249996,218.66943359375,4806.0
10634,20.408691406249996,218.67041015625,4806.5
10635,20.408691406249996,218.67138671875003,4807.5
10636,20.408691406249996,218.67236328124997,4807.0
10637,20.408691406249996,218.67333984375,4806.0
10638,20.408691406249996,218.67431640625003,4805.0
10639,20.408691406249996,218.67529296875,4804.5
10640,20.408691406249996,218.67626953125,4804.0
10641,20.408691406249996,218.67724609375,4803.5
10642,20.408691406249996,218.67822265625,4803.5
10643,20.408691406249996,218.67919921875,4803.0
10644,20.408691406249996,218.68017578125,4803.0
10645,20.408691406249996,218.68115234374997,4802.5
10646,20.408691406249996,218.68212890625,4802.5
10647,20.408691406249996,218.68310546875003,4802.0
10648,20.408691406249996,218.68408203124997,4802.0
10649,20.408691406249996,218.68505859375,4801.5
10650,20.408691406249996,218.68603515625,4801.0
10651,20.408691406249996,218.68701171875,4801.0
10652,20.408691406249996,218.68798828125,4800.5
10653,20.408691406249996,218.68896484375,4800.0
10654,20.408691406249996,218.68994140625,4799.5
10655,20.408691406249996,218.69091796875,4799.0
10656,20.408691406249996,218.69189453125,4798.5
10657,20.408691406249996,218.69287109374997,4798.0
10658,20.408691406249996,218.69384765625003,4797.5
10659,20.408691406249996,218.69482421875,4797.0
10660,20.408691406249996,218.69580078125,4796.5
10661,20.408691406249996,218.69677734375,4795.5
10662,20.408691406249996,218.69775390625,4795.0
10663,20.408691406249996,218.69873046875,4794.5
10664,20.408691406249996,218.69970703125,4794.0
10665,20.408691406249996,218.70068359375,4793.5
10666,20.408691406249996,218.70166015625,4793.0
10667,20.408691406249996,218.70263671875003,4793.0
10668,20.408691406249996,218.70361328125,4793.5
10669,20.408691406249996,218.70458984375,4794.0
10670,20.408691406249996,218.70556640625003,4794.5
10671,20.408691406249996,218.70654296874997,4794.5
10672,20.408691406249996,218.70751953125,4794.5
10673,20.408691406249996,218.70849609375,4796.0
10674,20.408691406249996,218.70947265625,4798.0
10675,20.408691406249996,218.71044921875,4797.0
10676,20.408691406249996,218.71142578125,4796.5
10677,20.408691406249996,218.71240234375,4797.0
10678,20.408691406249996,218.71337890625,4798.0
10679,20.408691406249996,218.71435546875,4799.0
10680,20.408691406249996,218.71533203125003,4800.5
10681,20.408691406249996,218.71630859375003,4802.5
10682,20.408691406249996,218.71728515625,4804.5
10683,20.408691406249996,218.71826171875,4806.5
10684,20.408691406249996,218.71923828125,4808.5
10685,20.408691406249996,218.72021484375,4810.5
10686,20.408691406249996,218.72119140625,4812.5
10687,20.408691406249996,218.72216796875,4814.5
10688,20.408691406249996,218.72314453125,4816.0
10689,20.408691406249996,218.72412109375,4817.0
10690,20.408691406249996,218.72509765625003,4818.0
10691,20.408691406249996,218.72607421875,4819.0
10692,20.408691406249996,218.72705078125,4819.5
10693,20.408691406249996,218.72802734375003,4820.5
10694,20.408691406249996,218.72900390624997,4823.0
10695,20.408691406249996,218.72998046875,4826.0
10696,20.408691406249996,218.73095703125,4829.5
10697,20.408691406249996,218.73193359375,4832.5
10698,20.408691406249996,218.73291015625,4835.5
10699,20.408691406249996,218.73388671875003,4838.5
10700,20.408691406249996,218.73486328125,4841.0
10701,20.408691406249996,218.73583984375,4844.0
10702,20.408691406249996,218.73681640625,4846.5
10703,20.408691406249996,218.73779296874997,4848.5
10704,20.408691406249996,218.73876953125,4851.0
10705,20.408691406249996,218.73974609375,4853.0
10706,20.408691406249996,218.74072265625003,4855.0
10707,20.408691406249996,218.74169921875,4856.0
10708,20.408691406249996,218.74267578125,4859.0
10709,20.408691406249996,218.74365234375,4862.5
10710,20.408691406249996,218.74462890625,4866.5
10711,20.407714843750004,218.62255859375,4833.0
10712,20.40771484375,218.62353515625,4832.5
10713,20.40771484375,218.62451171875,4832.0
10714,20.407714843750004,218.62548828125,4831.0
10715,20.407714843750004,218.62646484375003,4830.5
10716,20.407714843750004,218.62744140625,4829.5
10717,20.407714843750004,218.62841796875,4829.0
10718,20.40771484375,218.62939453125,4828.0
10719,20.407714843750004,218.63037109375,4827.0
10720,20.40771484375,218.63134765625,4826.0
10721,20.40771484375,218.63232421875,4825.0
10722,20.407714843750004,218.63330078125,4824.0
10723,20.407714843750004,218.63427734375,4823.0
10724,20.40771484375,218.63525390625,4821.5
10725,20.407714843750004,218.63623046875003,4820.0
10726,20.407714843750004,218.63720703125,4818.5
10727,20.40771484375,218.63818359375,4817.0
10728,20.407714843750004,218.63916015625,4815.0
10729,20.40771484375,218.64013671875003,4813.0
10730,20.407714843750004,218.64111328125,4810.5
10731,20.40771484375,218.64208984375,4808.0
10732,20.40771484375,218.64306640625,4805.5
10733,20.407714843750004,218.64404296875,4802.5
10734,20.40771484375,218.64501953125,4800.5
10735,20.407714843750004,218.64599609375,4800.5
10736,20.407714843750004,218.64697265625,4800.0
10737,20.40771484375,218.64794921875,4800.5
10738,20.40771484375,218.64892578125003,4801.5
10739,20.40771484375,218.64990234375,4802.5
10740,20.40771484375,218.65087890625,4803.5
10741,20.407714843750004,218.65185546875003,4804.5
10742,20.407714843750004,218.65283203125,4805.0
10743,20.40771484375,218.65380859375,4805.5
10744,20.40771484375,218.65478515625,4806.0
10745,20.407714843750004,218.65576171875,4806.5
10746,20.40771484375,218.65673828125,4806.5
10747,20.40771484375,218.65771484375,4807.0
10748,20.40771484375,218.65869140625,4807.0
10749,20.407714843750004,218.65966796875,4807.0
10750,20.407714843750004,218.66064453125,4807.0
10751,20.407714843750004,218.66162109374997,4806.5
10752,20.407714843750004,218.66259765625,4806.5
10753,20.407714843750004,218.66357421875,4806.5
10754,20.40771484375,218.66455078125,4806.0
10755,20.40771484375,218.66552734375,4806.0
10756,20.407714843750004,218.66650390625,4806.0
10757,20.407714843750004,218.66748046875,4806.0
10758,20.40771484375,218.66845703125,4805.5
10759,20.407714843750004,218.66943359375,4806.0
10760,20.407714843750004,218.67041015625,4806.0
10761,20.40771484375,218.67138671875003,4806.5
10762,20.40771484375,218.67236328125,4806.0
10763,20.407714843750004,218.67333984375,4805.5
10764,20.407714843750004,218.67431640625003,4804.5
10765,20.40771484375,218.67529296875,4804.5
10766,20.40771484375,218.67626953125,4804.0
10767,20.407714843750004,218.67724609375,4803.5
10768,20.40771484375,218.67822265625,4803.5
10769,20.407714843750004,218.67919921875,4803.0
10770,20.407714843750004,218.68017578125,4803.0
10771,20.407714843750004,218.68115234374997,4803.0
10772,20.407714843750004,218.68212890625,4802.5
10773,20.407714843750004,218.68310546875003,4802.5
10774,20.407714843750004,218.68408203125003,4802.0
10775,20.407714843750004,218.68505859375,4802.0
10776,20.407714843750004,218.68603515625,4801.5
10777,20.40771484375,218.68701171875,4801.0
10778,20.40771484375,218.68798828125,4801.0
10779,20.407714843750004,218.68896484375,4800.5
10780,20.40771484375,218.68994140625,4800.0
10781,20.40771484375,218.69091796875,4799.5
10782,20.40771484375,218.69189453125,4799.0
10783,20.407714843750004,218.69287109374997,4798.5
10784,20.407714843750004,218.69384765625003,4797.5
10785,20.407714843750004,218.69482421875,4797.0
10786,20.40771484375,218.69580078125,4796.5
10787,20.407714843750004,218.69677734375,4796.0
10788,20.40771484375,218.69775390625,4795.0
10789,20.40771484375,218.69873046875,4794.5
10790,20.40771484375,218.69970703125,4794.0
10791,20.407714843750004,218.70068359375,4793.5
10792,20.40771484375,218.70166015625,4793.5
10793,20.40771484375,218.70263671875003,4793.5
10794,20.407714843750004,218.70361328125,4794.0
10795,20.407714843750004,218.70458984375,4794.5
10796,20.407714843750004,218.70556640625003,4795.5
10797,20.407714843750004,218.70654296874997,4796.0
10798,20.40771484375,218.70751953125,4797.0
10799,20.407714843750004,218.70849609375,4799.0
10800,20.40771484375,218.70947265625,4800.5
10801,20.40771484375,218.71044921875,4800.0
10802,20.40771484375,218.71142578125,4799.0
10803,20.407714843750004,218.71240234375,4799.0
10804,20.407714843750004,218.71337890625,4799.5
10805,20.40771484375,218.71435546875,4800.0
10806,20.40771484375,218.71533203125003,4801.5
10807,20.407714843750004,218.71630859375003,4803.0
10808,20.407714843750004,218.71728515625,4804.5
10809,20.407714843750004,218.71826171875,4806.0
10810,20.407714843750004,218.71923828125,4808.0
10811,20.407714843750004,218.72021484375,4810.0
10812,20.407714843750004,218.72119140625,4812.0
10813,20.407714843750004,218.72216796875,4814.0
10814,20.407714843750004,218.72314453125,4816.0
10815,20.407714843750004,218.72412109375,4817.0
10816,20.40771484375,218.72509765625003,4817.5
10817,20.407714843750004,218.72607421875,4818.5
10818,20.407714843750004,218.72705078125,4819.0
10819,20.40771484375,218.72802734375,4820.5
10820,20.407714843750004,218.72900390624997,4823.0
10821,20.40771484375,218.72998046875,4826.0
10822,20.40771484375,218.73095703125,4829.0
10823,20.407714843750004,218.73193359375,4831.5
10824,20.40771484375,218.73291015625,4834.5
10825,20.407714843750004,218.73388671875003,4837.5
10826,20.40771484375,218.73486328125,4840.0
10827,20.40771484375,218.73583984375,4842.5
10828,20.407714843750004,218.73681640625,4845.0
10829,20.40771484375,218.73779296875003,4847.5
10830,20.407714843750004,218.73876953125,4849.5
10831,20.40771484375,218.73974609375,4851.0
10832,20.407714843750004,218.74072265625003,4852.5
10833,20.40771484375,218.74169921875,4853.5
10834,20.407714843750004,218.74267578125,4857.0
10835,20.407714843750004,218.74365234375,4861.0
10836,20.407714843750004,218.74462890625,4865.0
10837,20.40673828125,218.62255859375,4833.5
10838,20.40673828125,218.62353515625,4833.0
10839,20.40673828125,218.62451171875,4832.5
10840,20.40673828125,218.62548828125,4831.5
10841,20.40673828125,218.62646484375003,4831.0
10842,20.40673828125,218.62744140625,4830.0
10843,20.40673828125,218.62841796875,4829.5
10844,20.40673828125,218.62939453125,4828.5
10845,20.40673828125,218.63037109374997,4828.0
10846,20.40673828125,218.63134765625,4827.0
10847,20.40673828125,218.63232421875,4826.0
10848,20.40673828125,218.63330078125,4825.0
10849,20.40673828125,218.63427734375,4823.5
10850,20.40673828125,218.63525390625,4822.5
10851,20.40673828125,218.63623046875003,4821.0
10852,20.40673828125,218.63720703125,4819.5
10853,20.40673828125,218.63818359375,4818.0
10854,20.40673828125,218.63916015625,4816.0
10855,20.40673828125,218.64013671875003,4814.0
10856,20.40673828125,218.64111328125,4812.0
10857,20.40673828125,218.64208984375,4809.5
10858,20.40673828125,218.64306640625,4806.5
10859,20.40673828125,218.64404296875,4804.0
10860,20.40673828125,218.64501953125,4801.5
10861,20.40673828125,218.64599609375,4800.0
10862,20.40673828125,218.64697265625,4799.5
10863,20.40673828125,218.64794921875,4800.5
10864,20.40673828125,218.64892578125003,4801.5
10865,20.40673828125,218.64990234375,4803.0
10866,20.40673828125,218.65087890625,4804.0
10867,20.40673828125,218.65185546875003,4805.0
10868,20.40673828125,218.65283203125,4806.0
10869,20.40673828125,218.65380859375,4806.5
10870,20.40673828125,218.65478515625,4807.0
10871,20.40673828125,218.65576171875,4807.5
10872,20.40673828125,218.65673828125,4807.5
10873,20.40673828125,218.65771484375003,4807.5
10874,20.40673828125,218.65869140625,4807.5
10875,20.40673828125,218.65966796875,4807.5
10876,20.40673828125,218.66064453125,4807.5
10877,20.40673828125,218.66162109374997,4807.5
10878,20.40673828125,218.66259765625,4807.0
10879,20.40673828125,218.66357421875,4807.0
10880,20.40673828125,218.66455078125,4806.5
10881,20.40673828125,218.66552734375,4806.5
10882,20.40673828125,218.66650390625,4806.0
10883,20.40673828125,218.66748046875,4806.0
10884,20.40673828125,218.66845703125,4805.5
10885,20.40673828125,218.66943359375,4805.5
10886,20.40673828125,218.67041015625,4805.5
10887,20.40673828125,218.67138671875003,4805.0
10888,20.40673828125,218.67236328125,4805.0
10889,20.40673828125,218.67333984375,4804.5
10890,20.40673828125,218.67431640625003,4804.0
10891,20.40673828125,218.67529296875,4804.0
10892,20.40673828125,218.67626953125,4803.5
10893,20.40673828125,218.67724609375,4803.5
10894,20.40673828125,218.67822265625,4803.5
10895,20.40673828125,218.67919921875,4803.5
10896,20.40673828125,218.68017578125003,4803.0
10897,20.40673828125,218.68115234375,4803.0
10898,20.40673828125,218.68212890625,4803.0
10899,20.40673828125,218.68310546875,4802.5
10900,20.40673828125,218.68408203125003,4802.5
10901,20.40673828125,218.68505859375,4802.0
10902,20.40673828125,218.68603515625,4802.0
10903,20.40673828125,218.68701171875,4801.5
10904,20.40673828125,218.68798828125,4801.0
10905,20.40673828125,218.68896484375,4800.5
10906,20.40673828125,218.68994140625,4800.0
10907,20.40673828125,218.69091796875,4799.5
10908,20.40673828125,218.69189453125,4799.0
10909,20.40673828125,218.69287109374997,4798.5
10910,20.40673828125,218.69384765625003,4798.0
10911,20.40673828125,218.69482421875,4797.5
10912,20.40673828125,218.69580078125,4796.5
10913,20.40673828125,218.69677734375,4796.0
10914,20.40673828125,218.69775390625,4795.5
10915,20.40673828125,218.69873046875,4794.5
10916,20.40673828125,218.69970703125,4794.0
10917,20.40673828125,218.70068359375,4793.5
10918,20.40673828125,218.70166015625,4793.5
10919,20.40673828125,218.70263671875003,4793.5
10920,20.40673828125,218.70361328125,4793.5
10921,20.40673828125,218.70458984375,4794.5
10922,20.40673828125,218.70556640625003,4795.5
10923,20.40673828125,218.70654296874997,4795.5
10924,20.40673828125,218.70751953125,4797.5
10925,20.40673828125,218.70849609375,4800.0
10926,20.40673828125,218.70947265625,4802.0
10927,20.40673828125,218.71044921875,4801.5
10928,20.40673828125,218.71142578125,4800.5
10929,20.40673828125,218.71240234375,4800.0
10930,20.40673828125,218.71337890625,4800.0
10931,20.40673828125,218.71435546875,4801.0
10932,20.40673828125,218.71533203125003,4801.5
10933,20.40673828125,218.71630859375003,4803.0
10934,20.40673828125,218.71728515625,4804.5
10935,20.40673828125,218.71826171875,4806.0
10936,20.40673828125,218.71923828125,4808.0
10937,20.40673828125,218.72021484375,4809.5
10938,20.40673828125,218.72119140625,4811.5
10939,20.40673828125,218.72216796875,4813.0
10940,20.40673828125,218.72314453125,4814.5
10941,20.40673828125,218.72412109375,4816.0
10942,20.40673828125,218.72509765625003,4817.5
10943,20.40673828125,218.72607421875,4818.5
10944,20.40673828125,218.72705078125,4819.0
10945,20.40673828125,218.72802734375003,4820.5
10946,20.40673828125,218.72900390624997,4823.0
10947,20.40673828125,218.72998046875,4825.5
10948,20.40673828125,218.73095703125,4828.5
10949,20.40673828125,218.73193359375,4831.0
10950,20.40673828125,218.73291015625,4834.0
10951,20.40673828125,218.73388671875,4836.5
10952,20.40673828125,218.73486328125,4839.0
10953,20.40673828125,218.73583984375,4841.5
10954,20.40673828125,218.73681640625,4844.0
10955,20.40673828125,218.73779296874997,4846.0
10956,20.40673828125,218.73876953125,4848.0
10957,20.40673828125,218.73974609375,4850.0
10958,20.40673828125,218.74072265625,4851.5
10959,20.40673828125,218.74169921875,4853.0
10960,20.40673828125,218.74267578125,4856.0
10961,20.40673828125,218.74365234375,4860.0
10962,20.40673828125,218.74462890625,4863.5
10963,20.405761718750007,218.62255859375,4834.0
10964,20.405761718750007,218.62353515625,4833.5
10965,20.405761718750004,218.62451171875,4832.5
10966,20.405761718750007,218.62548828125,4832.0
10967,20.405761718750007,218.62646484375003,4831.5
10968,20.405761718750007,218.62744140625,4831.0
10969,20.405761718750007,218.62841796875,4830.0
10970,20.405761718750007,218.62939453125,4829.5
10971,20.405761718750007,218.63037109374997,4828.5
10972,20.405761718750007,218.63134765625,4828.0
10973,20.405761718750007,218.63232421875,4827.0
10974,20.405761718750007,218.63330078125,4826.0
10975,20.405761718750007,218.63427734375,4825.0
10976,20.405761718750007,218.63525390625,4823.5
10977,20.405761718750007,218.63623046875003,4822.5
10978,20.405761718750007,218.63720703125,4821.0
10979,20.405761718750004,218.63818359375,4819.5
10980,20.405761718750007,218.63916015625,4817.5
10981,20.405761718750007,218.64013671875003,4815.5
10982,20.405761718750007,218.64111328125,4813.5
10983,20.405761718750007,218.64208984375,4811.0
10984,20.405761718750004,218.64306640625,4808.5
10985,20.405761718750007,218.64404296875,4805.5
10986,20.405761718750004,218.64501953125,4803.0
10987,20.405761718750007,218.64599609375,4800.5
10988,20.405761718750007,218.64697265625,4800.0
10989,20.405761718750004,218.64794921875,4801.0
10990,20.405761718750007,218.64892578125003,4802.5
10991,20.405761718750007,218.64990234375,4804.0
10992,20.405761718750007,218.65087890625,4805.0
10993,20.405761718750004,218.65185546875003,4806.0
10994,20.405761718750007,218.65283203125,4807.0
10995,20.405761718750004,218.65380859375,4807.5
10996,20.405761718750007,218.65478515625,4808.0
10997,20.405761718750007,218.65576171875,4808.5
10998,20.405761718750007,218.65673828125,4808.5
10999,20.405761718750007,218.65771484375003,4808.5
11000,20.405761718750004,218.65869140625,4808.5
11001,20.405761718750007,218.65966796875,4808.5
11002,20.405761718750007,218.66064453125,4808.5
11003,20.405761718750004,218.66162109374997,4808.0
11004,20.405761718750007,218.66259765625,4808.0
11005,20.405761718750007,218.66357421875,4807.5
11006,20.405761718750007,218.66455078125,4807.0
11007,20.405761718750007,218.66552734375,4806.5
11008,20.405761718750007,218.66650390625,4806.5
11009,20.405761718750007,218.66748046875,4806.0
11010,20.405761718750007,218.66845703125,4805.5
11011,20.405761718750007,218.66943359375,4805.0
11012,20.405761718750007,218.67041015625,4805.0
11013,20.405761718750007,218.67138671875003,4804.5
11014,20.405761718750007,218.67236328125,4804.0
11015,20.405761718750007,218.67333984375,4803.5
11016,20.405761718750007,218.67431640625003,4803.5
11017,20.405761718750007,218.67529296875,4803.5
11018,20.405761718750004,218.67626953125,4803.5
11019,20.405761718750007,218.67724609375,4803.5
11020,20.405761718750007,218.67822265625,4803.5
11021,20.405761718750007,218.67919921875,4803.5
11022,20.405761718750007,218.68017578125003,4803.5
11023,20.405761718750007,218.68115234375,4803.0
11024,20.405761718750007,218.68212890625,4803.0
11025,20.405761718750007,218.68310546875003,4803.0
11026,20.405761718750007,218.68408203125003,4802.5
11027,20.405761718750007,218.68505859375,4802.5
11028,20.405761718750007,218.68603515625,4802.0
11029,20.405761718750007,218.68701171875,4802.0
11030,20.405761718750007,218.68798828125,4801.5
11031,20.405761718750007,218.68896484375,4801.0
11032,20.405761718750007,218.68994140625,4800.5
11033,20.405761718750007,218.69091796875,4800.0
11034,20.405761718750007,218.69189453125,4799.5
11035,20.405761718750007,218.69287109374997,4799.0
11036,20.405761718750007,218.69384765625003,4798.5
11037,20.405761718750004,218.69482421875,4797.5
11038,20.405761718750007,218.69580078125,4797.0
11039,20.405761718750007,218.69677734375,4796.0
11040,20.405761718750007,218.69775390625,4795.5
11041,20.405761718750004,218.69873046875,4795.0
11042,20.405761718750007,218.69970703125,4794.0
11043,20.405761718750007,218.70068359375,4793.5
11044,20.405761718750007,218.70166015625,4793.0
11045,20.405761718750004,218.70263671875003,4793.0
11046,20.405761718750007,218.70361328125,4793.0
11047,20.405761718750007,218.70458984375,4793.5
11048,20.405761718750007,218.70556640625003,4795.0
11049,20.405761718750007,218.70654296874997,4797.0
11050,20.405761718750004,218.70751953125,4798.0
11051,20.405761718750007,218.70849609375,4799.5
11052,20.405761718750007,218.70947265625,4801.0
11053,20.405761718750007,218.71044921875,4801.0
11054,20.405761718750007,218.71142578125,4800.5
11055,20.405761718750007,218.71240234375,4800.5
11056,20.405761718750007,218.71337890625,4800.5
11057,20.405761718750007,218.71435546875,4801.0
11058,20.405761718750004,218.71533203124997,4802.0
11059,20.405761718750007,218.71630859375003,4803.0
11060,20.405761718750004,218.71728515625,4804.0
11061,20.405761718750004,218.71826171875,4805.5
11062,20.405761718750007,218.71923828125,4807.5
11063,20.405761718750007,218.72021484375,4809.0
11064,20.405761718750007,218.72119140625,4811.0
11065,20.405761718750007,218.72216796875,4813.0
11066,20.405761718750007,218.72314453125,4814.5
11067,20.405761718750007,218.72412109375,4816.0
11068,20.405761718750004,218.72509765625003,4817.5
11069,20.405761718750007,218.72607421875,4818.5
11070,20.405761718750007,218.72705078125,4820.0
11071,20.405761718750007,218.72802734375,4820.5
11072,20.405761718750007,218.72900390624997,4823.0
11073,20.405761718750007,218.72998046875,4825.5
11074,20.405761718750007,218.73095703125,4828.0
11075,20.405761718750007,218.73193359375,4830.5
11076,20.405761718750007,218.73291015625,4833.0
11077,20.405761718750007,218.73388671875003,4836.0
11078,20.405761718750004,218.73486328125,4838.5
11079,20.405761718750007,218.73583984375,4840.5
11080,20.405761718750007,218.73681640625,4843.0
11081,20.405761718750007,218.73779296874997,4845.5
11082,20.405761718750007,218.73876953125,4847.5
11083,20.405761718750004,218.73974609375,4849.5
11084,20.405761718750007,218.74072265625,4851.0
11085,20.405761718750007,218.74169921875,4852.5
11086,20.405761718750007,218.74267578125,4855.5
11087,20.405761718750007,218.74365234375,4859.0
11088,20.405761718750004,218.74462890625,4862.5
11089,20.40478515625,218.62255859375,4834.0
11090,20.40478515625,218.62353515625,4833.5
11091,20.40478515625,218.62451171875,4833.0
11092,20.40478515625,218.62548828125,4832.5
11093,20.40478515625,218.62646484375003,4832.0
11094,20.40478515625,218.62744140625,4831.5
11095,20.40478515625,218.62841796875,4831.0
11096,20.40478515625,218.62939453125,4830.5
11097,20.40478515625,218.63037109374997,4829.5
11098,20.40478515625,218.63134765625,4828.5
11099,20.40478515625,218.63232421875,4828.0
11100,20.40478515625,218.63330078125,4827.0
11101,20.40478515625,218.63427734375,4826.0
11102,20.40478515625,218.63525390625,4825.0
11103,20.40478515625,218.63623046875003,4823.5
11104,20.40478515625,218.63720703125,4822.5
11105,20.40478515625,218.63818359375,4821.0
11106,20.40478515625,218.63916015625,4819.0
11107,20.40478515625,218.64013671875003,4817.5
11108,20.40478515625,218.64111328125,4815.5
11109,20.40478515625,218.64208984375,4813.0
11110,20.40478515625,218.64306640625,4810.5
11111,20.40478515625,218.64404296875,4808.0
11112,20.40478515625,218.64501953125,4805.5
11113,20.40478515625,218.64599609375,4804.0
11114,20.40478515625,218.64697265625,4801.5
11115,20.40478515625,218.64794921875,4802.5
11116,20.40478515625,218.64892578125003,4804.0
11117,20.40478515625,218.64990234375,4805.0
11118,20.40478515625,218.65087890625,4806.5
11119,20.40478515625,218.65185546875003,4807.5
11120,20.40478515625,218.65283203125,4808.0
11121,20.40478515625,218.65380859375,4809.0
11122,20.40478515625,218.65478515625,4809.0
11123,20.40478515625,218.65576171875,4809.5
11124,20.40478515625,218.65673828125,4809.5
11125,20.40478515625,218.65771484375,4809.5
11126,20.40478515625,218.65869140625,4809.5
11127,20.40478515625,218.65966796875,4809.5
11128,20.40478515625,218.66064453125,4809.0
11129,20.40478515625,218.66162109374997,4809.0
11130,20.40478515625,218.66259765625,4808.5
11131,20.40478515625,218.66357421875,4808.0
11132,20.40478515625,218.66455078125,4807.5
11133,20.40478515625,218.66552734375,4807.0
11134,20.40478515625,218.66650390625,4806.5
11135,20.40478515625,218.66748046875,4806.0
11136,20.40478515625,218.66845703125,4805.5
11137,20.40478515625,218.66943359375,4805.0
11138,20.40478515625,218.67041015625,4804.5
11139,20.40478515625,218.67138671875003,4803.5
11140,20.40478515625,218.67236328125,4802.0
11141,20.40478515625,218.67333984375,4802.0
11142,20.40478515625,218.67431640625003,4802.5
11143,20.40478515625,218.67529296875,4802.5
11144,20.40478515625,218.67626953125,4803.0
11145,20.40478515625,218.67724609375,4803.5
11146,20.40478515625,218.67822265625,4803.5
11147,20.40478515625,218.67919921875,4803.5
11148,20.40478515625,218.68017578125,4803.5
11149,20.40478515625,218.68115234375,4803.5
11150,20.40478515625,218.68212890625,4803.5
11151,20.40478515625,218.68310546875,4803.5
11152,20.40478515625,218.68408203124997,4803.0
11153,20.40478515625,218.68505859375,4803.0
11154,20.40478515625,218.68603515625,4802.5
11155,20.40478515625,218.68701171875,4802.0
11156,20.40478515625,218.68798828125,4802.0
11157,20.40478515625,218.68896484375,4801.5
11158,20.40478515625,218.68994140625003,4801.0
11159,20.40478515625,218.69091796875,4800.5
11160,20.40478515625,218.69189453125,4800.0
11161,20.40478515625,218.69287109374997,4799.0
11162,20.40478515625,218.69384765625003,4798.5
11163,20.40478515625,218.69482421875,4798.0
11164,20.40478515625,218.69580078125,4797.0
11165,20.40478515625,218.69677734375,4796.5
11166,20.40478515625,218.69775390625,4795.5
11167,20.40478515625,218.69873046875,4795.0
11168,20.40478515625,218.69970703125,4794.0
11169,20.40478515625,218.70068359375,4793.0
11170,20.40478515625,218.70166015625,4792.5
11171,20.40478515625,218.70263671875003,4792.0
11172,20.40478515625,218.70361328125,4792.0
11173,20.40478515625,218.70458984375,4792.0
11174,20.40478515625,218.70556640625,4792.5
11175,20.40478515625,218.70654296874997,4794.5
11176,20.40478515625,218.70751953125,4796.5
11177,20.40478515625,218.70849609375,4798.0
11178,20.40478515625,218.70947265625,4799.0
11179,20.40478515625,218.71044921875,4800.0
11180,20.40478515625,218.71142578125,4800.0
11181,20.40478515625,218.71240234375,4800.0
11182,20.40478515625,218.71337890625,4800.0
11183,20.40478515625,218.71435546875,4801.0
11184,20.40478515625,218.71533203125003,4801.5
11185,20.40478515625,218.71630859375003,4802.5
11186,20.40478515625,218.71728515625,4804.0
11187,20.40478515625,218.71826171875,4805.5
11188,20.40478515625,218.71923828125,4807.0
11189,20.40478515625,218.72021484375,4808.5
11190,20.40478515625,218.72119140625,4810.5
11191,20.40478515625,218.72216796875,4812.0
11192,20.40478515625,218.72314453125,4813.5
11193,20.40478515625,218.72412109375,4815.5
11194,20.40478515625,218.72509765625003,4817.5
11195,20.40478515625,218.72607421875,4819.5
11196,20.40478515625,218.72705078125,4821.5
11197,20.40478515625,218.72802734375003,4822.0
11198,20.40478515625,218.72900390624997,4823.5
11199,20.40478515625,218.72998046875,4825.5
11200,20.40478515625,218.73095703125,4828.0
11201,20.40478515625,218.73193359375,4830.0
11202,20.40478515625,218.73291015625,4832.5
11203,20.40478515625,218.73388671875003,4835.0
11204,20.40478515625,218.73486328125,4837.5
11205,20.40478515625,218.73583984375,4840.0
11206,20.40478515625,218.73681640625,4842.5
11207,20.40478515625,218.73779296875003,4844.5
11208,20.40478515625,218.73876953125,4847.0
11209,20.40478515625,218.73974609375,4849.0
11210,20.40478515625,218.74072265625003,4851.0
11211,20.40478515625,218.74169921875,4852.0
11212,20.40478515625,218.74267578125,4855.0
11213,20.40478515625,218.74365234375,4858.0
11214,20.40478515625,218.74462890625,4861.5
11215,20.40380859375,218.62255859375,4834.5
11216,20.40380859375,218.62353515625,4834.0
11217,20.403808593750007,218.62451171875,4834.0
11218,20.403808593750007,218.62548828125,4833.5
11219,20.403808593750007,218.62646484375003,4833.0
11220,20.403808593750007,218.62744140625,4832.5
11221,20.40380859375,218.62841796875,4832.0
11222,20.40380859375,218.62939453125,4831.0
11223,20.403808593750007,218.63037109374997,4830.5
11224,20.40380859375,218.63134765625,4830.0
11225,20.403808593750007,218.63232421875,4829.0
11226,20.403808593750007,218.63330078125,4828.0
11227,20.40380859375,218.63427734375,4827.0
11228,20.40380859375,218.63525390625,4826.0
11229,20.40380859375,218.63623046875003,4825.0
11230,20.403808593750007,218.63720703125,4824.0
11231,20.40380859375,218.63818359375,4822.5
11232,20.40380859375,218.63916015625,4821.0
11233,20.403808593750007,218.64013671875003,4819.5
11234,20.403808593750007,218.64111328125,4817.5
11235,20.40380859375,218.64208984375,4815.5
11236,20.40380859375,218.64306640625,4813.0
11237,20.403808593750007,218.64404296875,4810.5
11238,20.40380859375,218.64501953125,4807.5
11239,20.403808593750007,218.64599609375,4806.5
11240,20.40380859375,218.64697265625,4804.5
11241,20.40380859375,218.64794921875,4804.5
11242,20.403808593750007,218.64892578125003,4805.5
11243,20.403808593750007,218.64990234375,4807.0
11244,20.40380859375,218.65087890625,4808.0
11245,20.40380859375,218.65185546875003,4809.0
11246,20.403808593750007,218.65283203125,4809.5
11247,20.40380859375,218.65380859375,4810.0
11248,20.40380859375,218.65478515625,4810.5
11249,20.403808593750007,218.65576171875,4810.5
11250,20.40380859375,218.65673828125,4811.0
11251,20.403808593750007,218.65771484375,4811.0
11252,20.40380859375,218.65869140625,4810.5
11253,20.403808593750007,218.65966796875,4810.5
11254,20.403808593750007,218.66064453125,4810.0
11255,20.40380859375,218.66162109374997,4810.0
11256,20.403808593750007,218.66259765625,4809.5
11257,20.403808593750007,218.66357421875,4809.0
11258,20.40380859375,218.66455078125,4808.0
11259,20.40380859375,218.66552734375,4807.5
11260,20.40380859375,218.66650390625,4807.0
11261,20.403808593750007,218.66748046875,4806.0
11262,20.40380859375,218.66845703125,4805.0
11263,20.403808593750007,218.66943359375,4804.0
11264,20.403808593750007,218.67041015625,4803.5
11265,20.40380859375,218.67138671875003,4802.5
11266,20.40380859375,218.67236328125,4800.5
11267,20.403808593750007,218.67333984375,4800.5
11268,20.403808593750007,218.67431640625003,4801.5
11269,20.403808593750007,218.67529296875,4802.0
11270,20.40380859375,218.67626953125,4803.0
11271,20.403808593750007,218.67724609375,4803.5
11272,20.40380859375,218.67822265625,4803.5
11273,20.403808593750007,218.67919921875,4804.0
11274,20.403808593750007,218.68017578125003,4804.0
11275,20.403808593750007,218.68115234375,4804.0
11276,20.403808593750007,218.68212890625,4804.0
11277,20.403808593750007,218.68310546875003,4803.5
11278,20.40380859375,218.68408203125003,4803.5
11279,20.40380859375,218.68505859375,4803.5
11280,20.403808593750007,218.68603515625,4803.0
11281,20.40380859375,218.68701171875,4802.5
11282,20.40380859375,218.68798828125,4802.5
11283,20.40380859375,218.68896484375,4802.0
11284,20.40380859375,218.68994140625,4801.5
11285,20.40380859375,218.69091796875,4801.0
11286,20.40380859375,218.69189453125,4800.5
11287,20.40380859375,218.69287109374997,4799.5
11288,20.403808593750007,218.69384765625003,4799.0
11289,20.403808593750007,218.69482421875,4798.0
11290,20.40380859375,218.69580078125,4797.5
11291,20.40380859375,218.69677734375,4796.5
11292,20.40380859375,218.69775390625,4795.5
11293,20.40380859375,218.69873046875,4795.0
11294,20.40380859375,218.69970703125,4794.0
11295,20.40380859375,218.70068359375,4793.0
11296,20.40380859375,218.70166015625,4792.0
11297,20.40380859375,218.70263671875003,4791.0
11298,20.40380859375,218.70361328125,4790.5
11299,20.403808593750007,218.70458984375,4790.5
11300,20.403808593750007,218.70556640625,4791.5
11301,20.40380859375,218.70654296874997,4793.5
11302,20.40380859375,218.70751953125,4795.0
11303,20.403808593750007,218.70849609375,4796.5
11304,20.40380859375,218.70947265625,4797.5
11305,20.40380859375,218.71044921875,4799.0
11306,20.40380859375,218.71142578125,4799.0
11307,20.403808593750007,218.71240234375,4799.0
11308,20.40380859375,218.71337890625,4799.5
11309,20.40380859375,218.71435546875,4800.0
11310,20.403808593750007,218.71533203125003,4801.0
11311,20.403808593750007,218.71630859375003,4802.0
11312,20.40380859375,218.71728515625,4803.5
11313,20.40380859375,218.71826171875,4804.5
11314,20.403808593750007,218.71923828125,4806.0
11315,20.403808593750007,218.72021484375,4808.0
11316,20.40380859375,218.72119140625,4809.5
11317,20.40380859375,218.72216796875,4811.5
11318,20.40380859375,218.72314453125,4813.5
11319,20.403808593750007,218.72412109375,4815.0
11320,20.40380859375,218.72509765625003,4816.5
11321,20.403808593750007,218.72607421875,4818.5
11322,20.403808593750007,218.72705078125,4820.0
11323,20.40380859375,218.72802734375003,4821.5
11324,20.403808593750007,218.72900390624997,4823.5
11325,20.40380859375,218.72998046875,4825.5
11326,20.40380859375,218.73095703125,4827.5
11327,20.40380859375,218.73193359375,4829.5
11328,20.40380859375,218.73291015625,4832.0
11329,20.403808593750007,218.73388671875,4834.5
11330,20.40380859375,218.73486328125,4837.0
11331,20.40380859375,218.73583984375,4839.5
11332,20.40380859375,218.73681640625,4841.5
11333,20.40380859375,218.73779296874997,4844.0
11334,20.40380859375,218.73876953125,4846.5
11335,20.403808593750007,218.73974609375,4848.5
11336,20.403808593750007,218.74072265625,4850.0
11337,20.40380859375,218.74169921875,4851.5
11338,20.40380859375,218.74267578125,4854.5
11339,20.403808593750007,218.74365234375,4857.5
11340,20.403808593750007,218.74462890625,4861.0
11341,20.40283203125,218.62255859375,4835.0
11342,20.40283203125,218.62353515625,4834.5
11343,20.40283203125,218.62451171875,4834.5
11344,20.402832031250004,218.62548828125,4834.0
11345,20.402832031250004,218.62646484375003,4833.5
11346,20.40283203125,218.62744140625,4833.0
11347,20.40283203125,218.62841796875,4832.5
11348,20.40283203125,218.62939453125003,4832.0
11349,20.40283203125,218.63037109374997,4831.5
11350,20.40283203125,218.63134765625,4831.0
11351,20.40283203125,218.63232421875,4830.0
11352,20.40283203125,218.63330078125,4829.5
11353,20.40283203125,218.63427734375,4828.5
11354,20.40283203125,218.63525390625,4827.5
11355,20.402832031250004,218.63623046875003,4826.5
11356,20.402832031250004,218.63720703125,4825.5
11357,20.40283203125,218.63818359375,4824.5
11358,20.40283203125,218.63916015625,4823.0
11359,20.40283203125,218.64013671875003,4821.5
11360,20.40283203125,218.64111328125,4820.0
11361,20.402832031250004,218.64208984375,4818.0
11362,20.40283203125,218.64306640625,4816.0
11363,20.402832031250004,218.64404296875,4814.0
11364,20.40283203125,218.64501953125,4811.5
11365,20.402832031250004,218.64599609375,4810.5
11366,20.40283203125,218.64697265625,4806.5
11367,20.40283203125,218.64794921875,4807.0
11368,20.402832031250004,218.64892578125003,4808.0
11369,20.40283203125,218.64990234375,4809.0
11370,20.40283203125,218.65087890625,4810.0
11371,20.40283203125,218.65185546875003,4811.0
11372,20.40283203125,218.65283203125,4811.5
11373,20.40283203125,218.65380859375,4812.0
11374,20.40283203125,218.65478515625,4812.0
11375,20.40283203125,218.65576171875,4812.0
11376,20.40283203125,218.65673828125,4812.0
11377,20.40283203125,218.65771484375003,4812.0
11378,20.40283203125,218.65869140625,4812.0
11379,20.402832031250004,218.65966796875,4811.5
11380,20.40283203125,218.66064453125,4811.5
11381,20.40283203125,218.66162109374997,4811.0
11382,20.40283203125,218.66259765625,4810.5
11383,20.40283203125,218.66357421875,4809.5
11384,20.40283203125,218.66455078125,4809.0
11385,20.402832031250004,218.66552734375,4808.0
11386,20.40283203125,218.66650390625,4807.0
11387,20.40283203125,218.66748046875,4806.0
11388,20.40283203125,218.66845703125,4805.0
11389,20.40283203125,218.66943359375,4803.5
11390,20.402832031250004,218.67041015625,4802.5
11391,20.40283203125,218.67138671875003,4801.0
11392,20.40283203125,218.67236328125,4798.5
11393,20.40283203125,218.67333984375,4799.5
11394,20.40283203125,218.67431640625003,4801.0
11395,20.40283203125,218.67529296875,4802.0
11396,20.40283203125,218.67626953125,4803.0
11397,20.40283203125,218.67724609375,4803.5
11398,20.40283203125,218.67822265625,4804.0
11399,20.40283203125,218.67919921875,4804.0
11400,20.402832031250004,218.68017578125003,4804.5
11401,20.40283203125,218.68115234375,4804.5
11402,20.402832031250004,218.68212890625,4804.5
11403,20.40283203125,218.68310546875003,4804.0
11404,20.40283203125,218.68408203125003,4804.0
11405,20.40283203125,218.68505859375,4804.0
11406,20.40283203125,218.68603515625,4803.5
11407,20.40283203125,218.68701171875,4803.5
11408,20.40283203125,218.68798828125,4803.0
11409,20.40283203125,218.68896484375,4802.5
11410,20.40283203125,218.68994140625003,4802.0
11411,20.40283203125,218.69091796875,4801.5
11412,20.40283203125,218.69189453125,4801.0
11413,20.40283203125,218.69287109374997,4800.0
11414,20.402832031250004,218.69384765625003,4799.5
11415,20.40283203125,218.69482421875,4798.5
11416,20.40283203125,218.69580078125,4798.0
11417,20.40283203125,218.69677734375,4797.0
11418,20.40283203125,218.69775390625,4796.0
11419,20.40283203125,218.69873046875,4795.0
11420,20.40283203125,218.69970703125,4793.5
11421,20.40283203125,218.70068359375,4792.5
11422,20.40283203125,218.70166015625,4791.0
11423,20.40283203125,218.70263671875003,4789.5
11424,20.40283203125,218.70361328125,4788.5
11425,20.40283203125,218.70458984375,4787.5
11426,20.40283203125,218.70556640625,4789.0
11427,20.40283203125,218.70654296874997,4792.0
11428,20.40283203125,218.70751953125,4794.0
11429,20.40283203125,218.70849609375,4795.0
11430,20.40283203125,218.70947265625,4796.5
11431,20.40283203125,218.71044921875,4797.0
11432,20.40283203125,218.71142578125,4797.5
11433,20.40283203125,218.71240234375,4798.0
11434,20.40283203125,218.71337890625,4798.5
11435,20.40283203125,218.71435546875,4799.5
11436,20.40283203125,218.71533203125003,4800.5
11437,20.402832031250004,218.71630859375003,4801.5
11438,20.40283203125,218.71728515625,4802.5
11439,20.40283203125,218.71826171875,4804.0
11440,20.40283203125,218.71923828125,4805.5
11441,20.40283203125,218.72021484375,4807.0
11442,20.402832031250004,218.72119140625,4808.5
11443,20.40283203125,218.72216796875,4810.5
11444,20.40283203125,218.72314453125,4813.0
11445,20.40283203125,218.72412109375,4814.0
11446,20.40283203125,218.72509765625003,4815.5
11447,20.40283203125,218.72607421875,4817.0
11448,20.40283203125,218.72705078125,4818.5
11449,20.402832031250004,218.72802734375003,4821.0
11450,20.40283203125,218.72900390624997,4823.0
11451,20.40283203125,218.72998046875,4825.0
11452,20.40283203125,218.73095703125,4827.0
11453,20.40283203125,218.73193359375,4829.0
11454,20.40283203125,218.73291015625,4831.5
11455,20.40283203125,218.73388671875,4834.0
11456,20.40283203125,218.73486328125,4836.5
11457,20.40283203125,218.73583984375,4838.5
11458,20.40283203125,218.73681640625,4841.0
11459,20.40283203125,218.73779296875003,4843.5
11460,20.40283203125,218.73876953125,4846.0
11461,20.40283203125,218.73974609375,4848.0
11462,20.402832031250004,218.74072265625003,4850.0
11463,20.40283203125,218.74169921875,4851.5
11464,20.40283203125,218.74267578125,4854.0
11465,20.402832031250004,218.74365234375,4857.0
11466,20.40283203125,218.74462890625,4860.0
11467,20.401855468750004,218.62255859375,4835.5
11468,20.401855468750004,218.62353515625,4835.5
11469,20.401855468750004,218.62451171875,4835.0
11470,20.401855468750004,218.62548828125,4834.5
11471,20.401855468750004,218.62646484375003,4834.5
11472,20.401855468750004,218.62744140625,4834.0
11473,20.401855468750004,218.62841796875,4833.5
11474,20.401855468750004,218.62939453125,4833.0
11475,20.401855468750004,218.63037109374997,4832.5
11476,20.401855468750004,218.63134765625,4832.0
11477,20.40185546875,218.63232421875,4831.5
11478,20.401855468750004,218.63330078125,4831.0
11479,20.401855468750004,218.63427734375,4830.0
11480,20.40185546875,218.63525390625,4829.5
11481,20.401855468750004,218.63623046875003,4828.5
11482,20.401855468750004,218.63720703125,4827.5
11483,20.40185546875,218.63818359375,4826.5
11484,20.401855468750004,218.63916015625003,4825.5
11485,20.401855468750004,218.64013671875003,4824.0
11486,20.401855468750004,218.64111328125,4822.5
11487,20.401855468750004,218.64208984375,4821.5
11488,20.40185546875,218.64306640625,4819.5
11489,20.401855468750004,218.64404296875,4817.5
11490,20.40185546875,218.64501953125,4815.0
11491,20.401855468750004,218.64599609375,4813.0
11492,20.401855468750004,218.64697265625,4810.5
11493,20.40185546875,218.64794921875,4810.5
11494,20.401855468750004,218.64892578125003,4811.0
11495,20.401855468750004,218.64990234375,4812.0
11496,20.401855468750004,218.65087890625,4812.5
11497,20.40185546875,218.65185546875003,4813.0
11498,20.401855468750004,218.65283203125,4813.5
11499,20.40185546875,218.65380859375,4813.5
11500,20.401855468750004,218.65478515625,4814.0
11501,20.401855468750004,218.65576171875,4814.0
11502,20.401855468750004,218.65673828125,4814.0
11503,20.401855468750004,218.65771484375,4813.5
11504,20.401855468750004,218.65869140625,4813.5
11505,20.401855468750004,218.65966796875,4813.0
11506,20.401855468750004,218.66064453125,4812.5
11507,20.401855468750004,218.66162109374997,4812.0
11508,20.401855468750004,218.66259765625,4811.5
11509,20.401855468750004,218.66357421875,4810.5
11510,20.40185546875,218.66455078125,4809.5
11511,20.401855468750004,218.66552734375,4808.5
11512,20.401855468750004,218.66650390625,4807.5
11513,20.401855468750004,218.66748046875003,4806.0
11514,20.401855468750004,218.66845703125,4804.5
11515,20.401855468750004,218.66943359375,4802.5
11516,20.401855468750004,218.67041015625,4801.0
11517,20.40185546875,218.67138671875003,4799.0
11518,20.401855468750004,218.67236328125,4799.0
11519,20.401855468750004,218.67333984375,4800.0
11520,20.401855468750004,218.67431640625003,4801.5
11521,20.401855468750004,218.67529296875,4802.5
11522,20.401855468750004,218.67626953125,4803.5
11523,20.401855468750004,218.67724609375,4804.0
11524,20.401855468750004,218.67822265625,4804.5
11525,20.401855468750004,218.67919921875,4804.5
11526,20.401855468750004,218.68017578125,4805.0
11527,20.401855468750004,218.68115234375,4805.0
11528,20.401855468750004,218.68212890625,4805.0
11529,20.401855468750004,218.68310546875003,4805.0
11530,20.40185546875,218.68408203125003,4804.5
11531,20.401855468750004,218.68505859375,4804.5
11532,20.401855468750004,218.68603515625,4804.0
11533,20.40185546875,218.68701171875,4804.0
11534,20.401855468750004,218.68798828125,4803.5
11535,20.401855468750004,218.68896484375,4803.0
11536,20.40185546875,218.68994140625,4802.5
11537,20.40185546875,218.69091796875,4802.0
11538,20.40185546875,218.69189453125,4801.5
11539,20.401855468750004,218.69287109374997,4800.5
11540,20.401855468750004,218.69384765625003,4800.0
11541,20.401855468750004,218.69482421875,4799.0
11542,20.40185546875,218.69580078125,4798.0
11543,20.401855468750004,218.69677734375,4797.5
11544,20.401855468750004,218.69775390625,4796.0
11545,20.40185546875,218.69873046875,4795.0
11546,20.401855468750004,218.69970703125,4794.0
11547,20.40185546875,218.70068359375,4792.5
11548,20.401855468750004,218.70166015625,4790.5
11549,20.401855468750004,218.70263671875003,4788.5
11550,20.40185546875,218.70361328125,4785.5
11551,20.401855468750004,218.70458984375,4782.5
11552,20.401855468750004,218.70556640625003,4781.0
11553,20.401855468750004,218.70654296874997,4791.5
11554,20.401855468750004,218.70751953125,4793.0
11555,20.401855468750004,218.70849609375,4793.0
11556,20.40185546875,218.70947265625,4793.0
11557,20.401855468750004,218.71044921875,4794.0
11558,20.401855468750004,218.71142578125,4795.5
11559,20.401855468750004,218.71240234375,4796.5
11560,20.401855468750004,218.71337890625,4797.5
11561,20.401855468750004,218.71435546875,4798.5
11562,20.40185546875,218.71533203125003,4799.5
11563,20.401855468750004,218.71630859375003,4800.5
11564,20.401855468750004,218.71728515625,4802.0
11565,20.401855468750004,218.71826171875,4803.0
11566,20.401855468750004,218.71923828125,4804.5
11567,20.401855468750004,218.72021484375003,4805.5
11568,20.401855468750004,218.72119140625,4806.5
11569,20.401855468750004,218.72216796875,4807.5
11570,20.40185546875,218.72314453125,4808.5
11571,20.401855468750004,218.72412109375,4811.0
11572,20.401855468750004,218.72509765625003,4814.0
11573,20.401855468750004,218.72607421875,4816.5
11574,20.401855468750004,218.72705078125,4819.0
11575,20.401855468750004,218.72802734375003,4821.0
11576,20.401855468750004,218.72900390624997,4822.5
11577,20.401855468750004,218.72998046875,4824.5
11578,20.401855468750004,218.73095703125,4826.5
11579,20.401855468750004,218.73193359375,4828.5
11580,20.40185546875,218.73291015625,4831.0
11581,20.401855468750004,218.73388671875,4833.5
11582,20.401855468750004,218.73486328125,4835.5
11583,20.40185546875,218.73583984375,4838.0
11584,20.401855468750004,218.73681640625,4840.5
11585,20.401855468750004,218.73779296875003,4843.0
11586,20.401855468750004,218.73876953125,4845.5
11587,20.401855468750004,218.73974609375,4847.5
11588,20.401855468750004,218.74072265625003,4849.5
11589,20.40185546875,218.74169921875,4851.5
11590,20.40185546875,218.74267578125,4854.0
11591,20.401855468750004,218.74365234375,4856.5
11592,20.40185546875,218.74462890625,4859.5
11593,20.40087890625,218.62255859375,4836.0
11594,20.40087890625,218.62353515625,4836.0
11595,20.40087890625,218.62451171875,4835.5
11596,20.400878906250007,218.62548828125,4835.5
11597,20.400878906250007,218.62646484375003,4835.0
11598,20.40087890625,218.62744140625,4835.0
11599,20.40087890625,218.62841796875,4834.5
11600,20.40087890625,218.62939453125003,4834.0
11601,20.400878906250007,218.63037109374997,4833.5
11602,20.40087890625,218.63134765625,4833.5
11603,20.400878906250007,218.63232421875,4833.0
11604,20.40087890625,218.63330078125,4832.0
11605,20.40087890625,218.63427734375,4831.5
11606,20.40087890625,218.63525390625,4831.0
11607,20.400878906250007,218.63623046875003,4830.0
11608,20.40087890625,218.63720703125,4829.5
11609,20.40087890625,218.63818359375,4828.5
11610,20.40087890625,218.63916015625,4827.5
11611,20.400878906250007,218.64013671875003,4826.5
11612,20.40087890625,218.64111328125,4825.5
11613,20.40087890625,218.64208984375,4824.5
11614,20.40087890625,218.64306640625,4823.5
11615,20.40087890625,218.64404296875,4823.0
11616,20.40087890625,218.64501953125,4822.5
11617,20.400878906250007,218.64599609375,4819.5
11618,20.40087890625,218.64697265625,4815.0
11619,20.40087890625,218.64794921875,4814.0
11620,20.40087890625,218.64892578125003,4814.5
11621,20.40087890625,218.64990234375,4815.0
11622,20.40087890625,218.65087890625,4815.0
11623,20.40087890625,218.65185546875003,4815.5
11624,20.400878906250007,218.65283203125,4815.5
11625,20.40087890625,218.65380859375,4816.0
11626,20.40087890625,218.65478515625,4816.0
11627,20.400878906250007,218.65576171875,4815.5
11628,20.400878906250007,218.65673828125,4815.5
11629,20.40087890625,218.65771484375003,4815.0
11630,20.40087890625,218.65869140625,4815.0
11631,20.40087890625,218.65966796875,4814.5
11632,20.40087890625,218.66064453125,4814.0
11633,20.40087890625,218.66162109374997,4813.0
11634,20.40087890625,218.66259765625,4812.5
11635,20.40087890625,218.66357421875,4811.5
11636,20.40087890625,218.66455078125,4810.5
11637,20.40087890625,218.66552734375,4809.5
11638,20.400878906250007,218.66650390625,4808.0
11639,20.40087890625,218.66748046875003,4806.5
11640,20.40087890625,218.66845703125,4804.5
11641,20.400878906250007,218.66943359375,4802.5
11642,20.400878906250007,218.67041015625,4799.5
11643,20.400878906250007,218.67138671875003,4797.0
11644,20.400878906250007,218.67236328125,4800.0
11645,20.40087890625,218.67333984375,4801.5
11646,20.400878906250007,218.67431640625003,4802.5
11647,20.40087890625,218.67529296875,4803.0
11648,20.40087890625,218.67626953125,4804.0
11649,20.40087890625,218.67724609375,4804.5
11650,20.40087890625,218.67822265625,4805.0
11651,20.400878906250007,218.67919921875,4805.0
11652,20.400878906250007,218.68017578125003,4805.5
11653,20.400878906250007,218.68115234375,4805.5
11654,20.400878906250007,218.68212890625,4805.5
11655,20.40087890625,218.68310546875,4805.5
11656,20.40087890625,218.68408203124997,4805.5
11657,20.400878906250007,218.68505859375,4805.0
11658,20.40087890625,218.68603515625,4805.0
11659,20.40087890625,218.68701171875,4804.5
11660,20.40087890625,218.68798828125,4804.0
11661,20.40087890625,218.68896484375,4804.0
11662,20.40087890625,218.68994140625003,4803.0
11663,20.40087890625,218.69091796875,4802.5
11664,20.40087890625,218.69189453125,4802.0
11665,20.400878906250007,218.69287109374997,4801.5
11666,20.40087890625,218.69384765625003,4800.5
11667,20.40087890625,218.69482421875,4799.5
11668,20.40087890625,218.69580078125,4799.0
11669,20.40087890625,218.69677734375,4798.0
11670,20.40087890625,218.69775390625,4796.5
11671,20.40087890625,218.69873046875,4795.5
11672,20.40087890625,218.69970703125,4794.0
11673,20.40087890625,218.70068359375,4792.5
11674,20.40087890625,218.70166015625,4790.5
11675,20.40087890625,218.70263671875003,4788.0
11676,20.40087890625,218.70361328125,4785.5
11677,20.40087890625,218.70458984375,4782.0
11678,20.400878906250007,218.70556640625003,4780.0
11679,20.40087890625,218.70654296874997,4787.0
11680,20.40087890625,218.70751953125,4790.0
11681,20.400878906250007,218.70849609375,4790.5
11682,20.40087890625,218.70947265625,4790.5
11683,20.40087890625,218.71044921875,4792.0
11684,20.40087890625,218.71142578125,4793.5
11685,20.40087890625,218.71240234375,4795.0
11686,20.40087890625,218.71337890625,4796.0
11687,20.40087890625,218.71435546875,4797.5
11688,20.40087890625,218.71533203125003,4798.5
11689,20.40087890625,218.71630859375003,4800.0
11690,20.40087890625,218.71728515625,4801.0
11691,20.40087890625,218.71826171875,4802.5
11692,20.40087890625,218.71923828125,4803.5
11693,20.40087890625,218.72021484375,4804.5
11694,20.40087890625,218.72119140625,4805.5
11695,20.40087890625,218.72216796875,4806.0
11696,20.40087890625,218.72314453125,4806.5
11697,20.40087890625,218.72412109375,4809.5
11698,20.40087890625,218.72509765625003,4812.5
11699,20.400878906250007,218.72607421875,4815.5
11700,20.40087890625,218.72705078125,4818.5
11701,20.400878906250007,218.72802734375003,4820.0
11702,20.40087890625,218.72900390624997,4821.5
11703,20.40087890625,218.72998046875,4823.5
11704,20.40087890625,218.73095703125,4825.5
11705,20.400878906250007,218.73193359375,4828.0
11706,20.40087890625,218.73291015625,4830.0
11707,20.400878906250007,218.73388671875,4832.5
11708,20.400878906250007,218.73486328125,4835.0
11709,20.40087890625,218.73583984375,4837.5
11710,20.40087890625,218.73681640625,4840.0
11711,20.40087890625,218.73779296874997,4842.5
11712,20.40087890625,218.73876953125,4845.0
11713,20.40087890625,218.73974609375,4847.5
11714,20.40087890625,218.74072265625003,4849.5
11715,20.40087890625,218.74169921875,4851.5
11716,20.40087890625,218.74267578125,4853.5
11717,20.40087890625,218.74365234375,4856.5
11718,20.40087890625,218.74462890625,4859.0
11719,20.39990234375,218.62255859375,4836.5
11720,20.39990234375,218.62353515625,4836.5
11721,20.39990234375,218.62451171875,4836.5
11722,20.39990234375,218.62548828125,4836.0
11723,20.39990234375,218.62646484375003,4836.0
11724,20.39990234375,218.62744140625,4836.0
11725,20.39990234375,218.62841796875,4835.5
11726,20.39990234375,218.62939453125003,4835.0
11727,20.39990234375,218.63037109374997,4835.0
11728,20.39990234375,218.63134765625,4834.5
11729,20.39990234375,218.63232421875,4834.0
11730,20.399902343750004,218.63330078125,4833.5
11731,20.39990234375,218.63427734375,4833.0
11732,20.39990234375,218.63525390625,4832.5
11733,20.39990234375,218.63623046875003,4832.0
11734,20.399902343750004,218.63720703125,4831.5
11735,20.39990234375,218.63818359375,4830.5
11736,20.39990234375,218.63916015625,4830.0
11737,20.39990234375,218.64013671875003,4829.0
11738,20.39990234375,218.64111328125,4828.5
11739,20.39990234375,218.64208984375,4827.5
11740,20.39990234375,218.64306640625,4827.0
11741,20.39990234375,218.64404296875,4826.0
11742,20.39990234375,218.64501953125,4824.5
11743,20.399902343750004,218.64599609375,4821.5
11744,20.39990234375,218.64697265625,4819.0
11745,20.39990234375,218.64794921875,4818.0
11746,20.39990234375,218.64892578125003,4818.0
11747,20.39990234375,218.64990234375,4818.0
11748,20.39990234375,218.65087890625,4818.0
11749,20.39990234375,218.65185546875003,4818.0
11750,20.399902343750004,218.65283203125,4818.0
11751,20.39990234375,218.65380859375,4818.0
11752,20.39990234375,218.65478515625,4818.0
11753,20.39990234375,218.65576171875,4817.5
11754,20.399902343750004,218.65673828125,4817.5
11755,20.39990234375,218.65771484375003,4817.0
11756,20.39990234375,218.65869140625,4816.5
11757,20.39990234375,218.65966796875,4816.0
11758,20.39990234375,218.66064453125,4815.5
11759,20.39990234375,218.66162109374997,4814.5
11760,20.39990234375,218.66259765625,4813.5
11761,20.39990234375,218.66357421875,4813.0
11762,20.39990234375,218.66455078125,4811.5
11763,20.39990234375,218.66552734375,4810.5
11764,20.39990234375,218.66650390625,4809.0
11765,20.399902343750004,218.66748046875,4807.5
11766,20.39990234375,218.66845703125,4805.5
11767,20.39990234375,218.66943359375,4803.5
11768,20.39990234375,218.67041015625,4801.5
11769,20.39990234375,218.67138671875003,4800.0
11770,20.39990234375,218.67236328125,4801.5
11771,20.39990234375,218.67333984375,4802.5
11772,20.39990234375,218.67431640625003,4803.5
11773,20.39990234375,218.67529296875,4804.0
11774,20.39990234375,218.67626953125,4805.0
11775,20.399902343750004,218.67724609375,4805.5
11776,20.39990234375,218.67822265625,4805.5
11777,20.399902343750004,218.67919921875,4806.0
11778,20.399902343750004,218.68017578125003,4806.0
11779,20.399902343750004,218.68115234375,4806.5
11780,20.39990234375,218.68212890625,4806.5
11781,20.39990234375,218.68310546875003,4806.5
11782,20.39990234375,218.68408203125003,4806.0
11783,20.39990234375,218.68505859375,4806.0
11784,20.39990234375,218.68603515625,4805.5
11785,20.39990234375,218.68701171875,4805.5
11786,20.39990234375,218.68798828125,4805.0
11787,20.39990234375,218.68896484375,4804.5
11788,20.39990234375,218.68994140625,4804.0
11789,20.39990234375,218.69091796875,4803.5
11790,20.39990234375,218.69189453125,4803.0
11791,20.39990234375,218.69287109374997,4802.0
11792,20.39990234375,218.69384765625003,4801.5
11793,20.39990234375,218.69482421875,4800.5
11794,20.39990234375,218.69580078125,4799.5
11795,20.399902343750004,218.69677734375,4798.5
11796,20.39990234375,218.69775390625,4797.5
11797,20.39990234375,218.69873046875,4796.0
11798,20.39990234375,218.69970703125,4794.5
11799,20.39990234375,218.70068359375,4793.0
11800,20.39990234375,218.70166015625,4791.0
11801,20.399902343750004,218.70263671875003,4789.0
11802,20.39990234375,218.70361328125,4787.0
11803,20.399902343750004,218.70458984375,4785.0
11804,20.39990234375,218.70556640625003,4784.5
11805,20.39990234375,218.70654296874997,4789.0
11806,20.39990234375,218.70751953125,4789.0
11807,20.39990234375,218.70849609375,4789.0
11808,20.39990234375,218.70947265625,4788.5
11809,20.39990234375,218.71044921875,4790.0
11810,20.39990234375,218.71142578125,4791.5
11811,20.39990234375,218.71240234375,4793.5
11812,20.39990234375,218.71337890625,4795.0
11813,20.39990234375,218.71435546875,4796.5
11814,20.39990234375,218.71533203125003,4798.0
11815,20.39990234375,218.71630859375003,4799.0
11816,20.39990234375,218.71728515625,4800.5
11817,20.39990234375,218.71826171875,4801.5
11818,20.39990234375,218.71923828125,4802.5
11819,20.39990234375,218.72021484375003,4804.0
11820,20.399902343750004,218.72119140625,4805.0
11821,20.39990234375,218.72216796875,4806.0
11822,20.39990234375,218.72314453125,4808.5
11823,20.39990234375,218.72412109375,4809.5
11824,20.39990234375,218.72509765625003,4811.5
11825,20.39990234375,218.72607421875,4814.0
11826,20.399902343750004,218.72705078125,4816.0
11827,20.39990234375,218.72802734375,4817.5
11828,20.399902343750004,218.72900390624997,4819.5
11829,20.399902343750004,218.72998046875,4822.0
11830,20.39990234375,218.73095703125,4824.5
11831,20.39990234375,218.73193359375,4827.0
11832,20.39990234375,218.73291015625,4829.5
11833,20.39990234375,218.73388671875003,4832.0
11834,20.39990234375,218.73486328125,4834.5
11835,20.39990234375,218.73583984375,4837.0
11836,20.39990234375,218.73681640625,4839.5
11837,20.39990234375,218.73779296874997,4842.0
11838,20.39990234375,218.73876953125,4844.5
11839,20.39990234375,218.73974609375,4846.5
11840,20.39990234375,218.74072265625003,4849.0
11841,20.39990234375,218.74169921875,4851.0
11842,20.39990234375,218.74267578125,4853.5
11843,20.39990234375,218.74365234375,4856.0
11844,20.39990234375,218.74462890625,4858.5
11845,20.398925781249996,218.62255859375,4837.0
11846,20.398925781249996,218.62353515625,4837.0
11847,20.39892578125,218.62451171875,4837.0
11848,20.39892578125,218.62548828125,4837.0
11849,20.39892578125,218.62646484375003,4837.0
11850,20.398925781249996,218.62744140625,4837.0
11851,20.39892578125,218.62841796875,4836.5
11852,20.398925781249996,218.62939453125,4836.5
11853,20.39892578125,218.63037109374997,4836.0
11854,20.39892578125,218.63134765625,4836.0
11855,20.39892578125,218.63232421875,4835.5
11856,20.39892578125,218.63330078125,4835.0
11857,20.39892578125,218.63427734375,4835.0
11858,20.39892578125,218.63525390625,4834.5
11859,20.39892578125,218.63623046875003,4834.0
11860,20.39892578125,218.63720703125,4833.5
11861,20.398925781249996,218.63818359375,4833.0
11862,20.39892578125,218.63916015625,4832.5
11863,20.39892578125,218.64013671875003,4832.0
11864,20.39892578125,218.64111328125,4831.5
11865,20.398925781249996,218.64208984375,4830.5
11866,20.398925781249996,218.64306640625,4830.0
11867,20.39892578125,218.64404296875,4829.0
11868,20.398925781249996,218.64501953125,4828.0
11869,20.39892578125,218.64599609375,4826.5
11870,20.39892578125,218.64697265625,4823.0
11871,20.39892578125,218.64794921875,4822.0
11872,20.39892578125,218.64892578125003,4821.5
11873,20.39892578125,218.64990234375,4821.0
11874,20.39892578125,218.65087890625,4821.0
11875,20.39892578125,218.65185546875003,4821.0
11876,20.39892578125,218.65283203125,4820.5
11877,20.398925781249996,218.65380859375,4820.5
11878,20.398925781249996,218.65478515625,4820.0
11879,20.398925781249996,218.65576171875,4819.5
11880,20.398925781249996,218.65673828125,4819.0
11881,20.39892578125,218.65771484375003,4818.5
11882,20.39892578125,218.65869140625,4818.0
11883,20.39892578125,218.65966796875,4817.5
11884,20.39892578125,218.66064453125,4817.0
11885,20.398925781249996,218.66162109374997,4816.0
11886,20.39892578125,218.66259765625,4815.0
11887,20.398925781249996,218.66357421875,4814.0
11888,20.398925781249996,218.66455078125,4813.0
11889,20.39892578125,218.66552734375,4812.0
11890,20.39892578125,218.66650390625,4810.5
11891,20.39892578125,218.66748046875003,4809.0
11892,20.398925781249996,218.66845703125,4807.0
11893,20.39892578125,218.66943359375,4805.0
11894,20.39892578125,218.67041015625,4803.5
11895,20.39892578125,218.67138671875003,4802.5
11896,20.39892578125,218.67236328124997,4803.5
11897,20.39892578125,218.67333984375,4804.0
11898,20.398925781249996,218.67431640625003,4804.5
11899,20.39892578125,218.67529296875,4805.5
11900,20.39892578125,218.67626953125,4806.0
11901,20.39892578125,218.67724609375,4806.5
11902,20.39892578125,218.67822265625,4806.5
11903,20.39892578125,218.67919921875,4807.0
11904,20.39892578125,218.68017578125003,4807.0
11905,20.39892578125,218.68115234374997,4807.0
11906,20.39892578125,218.68212890625,4807.0
11907,20.39892578125,218.68310546875003,4807.0
11908,20.39892578125,218.68408203125003,4807.0
11909,20.39892578125,218.68505859375,4807.0
11910,20.39892578125,218.68603515625,4806.5
11911,20.39892578125,218.68701171875,4806.5
11912,20.398925781249996,218.68798828125,4806.0
11913,20.39892578125,218.68896484375,4805.5
11914,20.398925781249996,218.68994140625003,4805.0
11915,20.398925781249996,218.69091796875,4804.5
11916,20.398925781249996,218.69189453125,4803.5
11917,20.398925781249996,218.69287109374997,4803.0
11918,20.39892578125,218.69384765625003,4802.0
11919,20.398925781249996,218.69482421875,4801.0
11920,20.39892578125,218.69580078125,4800.0
11921,20.39892578125,218.69677734375,4799.0
11922,20.39892578125,218.69775390625,4798.0
11923,20.398925781249996,218.69873046875,4796.5
11924,20.39892578125,218.69970703125,4795.5
11925,20.39892578125,218.70068359375,4794.0
11926,20.39892578125,218.70166015625,4792.5
11927,20.39892578125,218.70263671875003,4790.5
11928,20.39892578125,218.70361328125,4789.5
11929,20.39892578125,218.70458984375,4788.5
11930,20.39892578125,218.70556640625,4789.0
11931,20.398925781249996,218.70654296874997,4788.0
11932,20.398925781249996,218.70751953125,4788.0
11933,20.39892578125,218.70849609375,4788.0
11934,20.398925781249996,218.70947265625,4788.5
11935,20.39892578125,218.71044921875,4789.0
11936,20.398925781249996,218.71142578125,4790.5
11937,20.39892578125,218.71240234375,4792.0
11938,20.398925781249996,218.71337890625,4794.0
11939,20.398925781249996,218.71435546875,4795.5
11940,20.398925781249996,218.71533203124997,4797.0
11941,20.39892578125,218.71630859375003,4798.5
11942,20.39892578125,218.71728515625,4800.0
11943,20.398925781249996,218.71826171875,4801.0
11944,20.39892578125,218.71923828125,4802.0
11945,20.39892578125,218.72021484375,4803.0
11946,20.39892578125,218.72119140625,4804.0
11947,20.398925781249996,218.72216796875,4805.0
11948,20.39892578125,218.72314453125,4805.5
11949,20.39892578125,218.72412109375,4808.0
11950,20.39892578125,218.72509765625003,4810.0
11951,20.39892578125,218.72607421875,4812.0
11952,20.39892578125,218.72705078125,4814.0
11953,20.39892578125,218.72802734375,4816.0
11954,20.39892578125,218.72900390625003,4818.5
11955,20.39892578125,218.72998046875,4821.0
11956,20.398925781249996,218.73095703125,4823.5
11957,20.39892578125,218.73193359375,4826.0
11958,20.398925781249996,218.73291015625,4829.0
11959,20.39892578125,218.73388671875003,4831.5
11960,20.398925781249996,218.73486328125,4834.0
11961,20.398925781249996,218.73583984375,4836.5
11962,20.39892578125,218.73681640625,4839.0
11963,20.39892578125,218.73779296874997,4841.5
11964,20.39892578125,218.73876953125,4843.5
11965,20.39892578125,218.73974609375,4846.0
11966,20.39892578125,218.74072265625003,4848.5
11967,20.398925781249996,218.74169921875,4850.5
11968,20.398925781249996,218.74267578125,4853.0
11969,20.39892578125,218.74365234375,4855.5
11970,20.398925781249996,218.74462890625,4858.0
11971,20.397949218749996,218.62255859375,4838.0
11972,20.397949218749996,218.62353515625,4838.0
11973,20.397949218749996,218.62451171875,4838.0
11974,20.397949218750004,218.62548828125,4838.0
11975,20.397949218750004,218.62646484375003,4838.0
11976,20.397949218750004,218.62744140625,4838.0
11977,20.397949218750004,218.62841796875,4837.5
11978,20.397949218750004,218.62939453125,4837.5
11979,20.397949218750004,218.63037109374997,4837.5
11980,20.397949218749996,218.63134765625,4837.0
11981,20.397949218750004,218.63232421875,4837.0
11982,20.397949218750004,218.63330078125,4837.0
11983,20.397949218750004,218.63427734375,4836.5
11984,20.397949218749996,218.63525390625,4836.0
11985,20.397949218750004,218.63623046875,4836.0
11986,20.397949218750004,218.63720703125,4835.5
11987,20.397949218749996,218.63818359375,4835.0
11988,20.397949218749996,218.63916015625,4835.0
11989,20.397949218750004,218.64013671875003,4834.5
11990,20.397949218750004,218.64111328125,4834.0
11991,20.397949218750004,218.64208984375,4833.5
11992,20.397949218749996,218.64306640625,4833.5
11993,20.397949218750004,218.64404296875,4833.0
11994,20.397949218749996,218.64501953125,4832.0
11995,20.397949218750004,218.64599609375,4828.5
11996,20.397949218750004,218.64697265625,4827.0
11997,20.397949218750004,218.64794921875,4826.0
11998,20.397949218750004,218.64892578125003,4825.0
11999,20.397949218750004,218.64990234375,4824.5
12000,20.397949218750004,218.65087890625,4824.0
12001,20.397949218750004,218.65185546875003,4823.5
12002,20.397949218750004,218.65283203125,4823.0
12003,20.397949218749996,218.65380859375,4822.5
12004,20.397949218749996,218.65478515625,4822.0
12005,20.397949218749996,218.65576171875,4821.5
12006,20.397949218750004,218.65673828125,4821.0
12007,20.397949218749996,218.65771484375,4820.5
12008,20.397949218749996,218.65869140625,4820.0
12009,20.397949218750004,218.65966796875,4819.5
12010,20.397949218750004,218.66064453125,4818.5
12011,20.397949218750004,218.66162109374997,4817.5
12012,20.397949218750004,218.66259765625,4816.5
12013,20.397949218749996,218.66357421875,4815.5
12014,20.397949218749996,218.66455078125,4814.5
12015,20.397949218750004,218.66552734375,4813.5
12016,20.397949218749996,218.66650390625,4812.0
12017,20.397949218750004,218.66748046875003,4810.5
12018,20.397949218749996,218.66845703125,4809.0
12019,20.397949218750004,218.66943359375,4807.0
12020,20.397949218750004,218.67041015625,4806.0
12021,20.397949218749996,218.67138671875003,4805.0
12022,20.397949218750004,218.67236328125,4805.0
12023,20.397949218750004,218.67333984375,4805.5
12024,20.397949218750004,218.67431640625003,4806.0
12025,20.397949218750004,218.67529296875,4806.5
12026,20.397949218750004,218.67626953125,4807.0
12027,20.397949218749996,218.67724609375,4807.5
12028,20.397949218749996,218.67822265625,4808.0
12029,20.397949218750004,218.67919921875,4808.0
12030,20.397949218750004,218.68017578125003,4808.0
12031,20.397949218750004,218.68115234374997,4808.0
12032,20.397949218750004,218.68212890625,4808.0
12033,20.397949218750004,218.68310546875,4808.0
12034,20.397949218749996,218.68408203125003,4808.0
12035,20.397949218750004,218.68505859375,4808.0
12036,20.397949218750004,218.68603515625,4807.5
12037,20.397949218750004,218.68701171875,4807.0
12038,20.397949218750004,218.68798828125,4807.0
12039,20.397949218750004,218.68896484375,4806.5
12040,20.397949218750004,218.68994140625,4806.0
12041,20.397949218749996,218.69091796875,4805.0
12042,20.397949218749996,218.69189453125,4804.5
12043,20.397949218750004,218.69287109374997,4804.0
12044,20.397949218750004,218.69384765625003,4803.0
12045,20.397949218749996,218.69482421875,4802.0
12046,20.397949218749996,218.69580078125,4801.0
12047,20.397949218749996,218.69677734375,4800.0
12048,20.397949218750004,218.69775390625,4799.0
12049,20.397949218750004,218.69873046875,4797.5
12050,20.397949218750004,218.69970703125,4796.5
12051,20.397949218750004,218.70068359375,4795.0
12052,20.397949218750004,218.70166015625,4793.5
12053,20.397949218750004,218.70263671875003,4792.0
12054,20.397949218749996,218.70361328125,4790.5
12055,20.397949218750004,218.70458984375,4789.5
12056,20.397949218750004,218.70556640625003,4788.5
12057,20.397949218749996,218.70654296874997,4788.0
12058,20.397949218749996,218.70751953125,4786.5
12059,20.397949218750004,218.70849609375,4785.5
12060,20.397949218750004,218.70947265625,4784.0
12061,20.397949218750004,218.71044921875,4786.0
12062,20.397949218749996,218.71142578125,4788.5
12063,20.397949218750004,218.71240234375,4791.0
12064,20.397949218749996,218.71337890625,4793.5
12065,20.397949218749996,218.71435546875,4795.0
12066,20.397949218749996,218.71533203124997,4797.0
12067,20.397949218750004,218.71630859375003,4798.0
12068,20.397949218750004,218.71728515625,4799.5
12069,20.397949218750004,218.71826171875,4800.5
12070,20.397949218750004,218.71923828125,4801.5
12071,20.397949218749996,218.72021484375,4802.5
12072,20.397949218750004,218.72119140625,4803.5
12073,20.397949218749996,218.72216796875,4804.0
12074,20.397949218750004,218.72314453125,4805.0
12075,20.397949218750004,218.72412109375,4807.0
12076,20.397949218749996,218.72509765625003,4808.5
12077,20.397949218750004,218.72607421875,4810.5
12078,20.397949218750004,218.72705078125,4812.0
12079,20.397949218750004,218.72802734375,4814.5
12080,20.397949218749996,218.72900390624997,4817.0
12081,20.397949218750004,218.72998046875,4820.0
12082,20.397949218750004,218.73095703125,4822.5
12083,20.397949218750004,218.73193359375,4825.5
12084,20.397949218750004,218.73291015625,4828.0
12085,20.397949218750004,218.73388671875003,4831.0
12086,20.397949218750004,218.73486328125,4833.5
12087,20.397949218749996,218.73583984375,4836.0
12088,20.397949218750004,218.73681640625,4838.5
12089,20.397949218749996,218.73779296875003,4841.0
12090,20.397949218750004,218.73876953125,4843.0
12091,20.397949218750004,218.73974609375,4845.5
12092,20.397949218750004,218.74072265625,4847.5
12093,20.397949218749996,218.74169921875,4850.5
12094,20.397949218749996,218.74267578125,4852.5
12095,20.397949218750004,218.74365234375,4855.0
12096,20.397949218749996,218.74462890625,4857.5
12097,20.39697265625,218.62255859375,4838.5
12098,20.39697265625,218.62353515625,4838.5
12099,20.39697265625,218.62451171875,4838.5
12100,20.39697265625,218.62548828125,4839.0
12101,20.39697265625,218.62646484375003,4839.0
12102,20.39697265625,218.62744140625,4839.0
12103,20.39697265625,218.62841796875,4839.0
12104,20.39697265625,218.62939453125003,4838.5
12105,20.39697265625,218.63037109374997,4838.5
12106,20.39697265625,218.63134765625,4838.5
12107,20.39697265625,218.63232421875,4838.5
12108,20.39697265625,218.63330078125,4838.5
12109,20.39697265625,218.63427734375,4838.0
12110,20.39697265625,218.63525390625,4838.0
12111,20.39697265625,218.63623046875003,4838.0
12112,20.396972656250004,218.63720703125,4837.5
12113,20.39697265625,218.63818359375,4837.5
12114,20.396972656250004,218.63916015625,4837.0
12115,20.39697265625,218.64013671875003,4837.0
12116,20.39697265625,218.64111328125,4836.5
12117,20.39697265625,218.64208984375,4836.5
12118,20.39697265625,218.64306640625,4836.5
12119,20.396972656250004,218.64404296875,4836.5
12120,20.39697265625,218.64501953125,4837.0
12121,20.396972656250004,218.64599609375,4834.0
12122,20.39697265625,218.64697265625,4831.5
12123,20.39697265625,218.64794921875,4830.0
12124,20.39697265625,218.64892578125003,4828.5
12125,20.39697265625,218.64990234375,4828.0
12126,20.39697265625,218.65087890625,4827.0
12127,20.39697265625,218.65185546875003,4826.5
12128,20.396972656250004,218.65283203125,4826.0
12129,20.39697265625,218.65380859375,4825.0
12130,20.39697265625,218.65478515625,4824.5
12131,20.39697265625,218.65576171875,4824.0
12132,20.39697265625,218.65673828125,4823.5
12133,20.39697265625,218.65771484375003,4822.5
12134,20.39697265625,218.65869140625,4822.0
12135,20.39697265625,218.65966796875,4821.0
12136,20.39697265625,218.66064453125,4820.5
12137,20.39697265625,218.66162109374997,4819.5
12138,20.39697265625,218.66259765625,4818.5
12139,20.39697265625,218.66357421875,4817.5
12140,20.39697265625,218.66455078125,4816.0
12141,20.39697265625,218.66552734375,4815.0
12142,20.39697265625,218.66650390625,4813.5
12143,20.39697265625,218.66748046875003,4812.0
12144,20.39697265625,218.66845703125,4810.5
12145,20.396972656250004,218.66943359375,4809.0
12146,20.39697265625,218.67041015625,4807.5
12147,20.39697265625,218.67138671875003,4806.5
12148,20.39697265625,218.67236328125,4806.5
12149,20.396972656250004,218.67333984375,4807.0
12150,20.396972656250004,218.67431640625003,4807.5
12151,20.39697265625,218.67529296875,4808.0
12152,20.39697265625,218.67626953125,4808.5
12153,20.39697265625,218.67724609375,4808.5
12154,20.39697265625,218.67822265625,4809.0
12155,20.396972656250004,218.67919921875,4809.0
12156,20.39697265625,218.68017578125,4809.5
12157,20.39697265625,218.68115234375,4809.5
12158,20.39697265625,218.68212890625,4809.5
12159,20.39697265625,218.68310546875003,4809.0
12160,20.39697265625,218.68408203124997,4809.0
12161,20.39697265625,218.68505859375,4809.0
12162,20.39697265625,218.68603515625,4808.5
12163,20.39697265625,218.68701171875,4808.5
12164,20.39697265625,218.68798828125,4808.0
12165,20.39697265625,218.68896484375,4807.5
12166,20.39697265625,218.68994140625003,4807.0
12167,20.39697265625,218.69091796875,4806.0
12168,20.39697265625,218.69189453125,4805.5
12169,20.39697265625,218.69287109374997,4805.0
12170,20.39697265625,218.69384765625003,4804.0
12171,20.39697265625,218.69482421875,4803.0
12172,20.39697265625,218.69580078125,4802.0
12173,20.39697265625,218.69677734375,4801.0
12174,20.39697265625,218.69775390625,4800.0
12175,20.39697265625,218.69873046875,4798.5
12176,20.39697265625,218.69970703125,4797.5
12177,20.39697265625,218.70068359375,4796.0
12178,20.39697265625,218.70166015625,4794.5
12179,20.39697265625,218.70263671875003,4793.0
12180,20.39697265625,218.70361328125,4791.5
12181,20.39697265625,218.70458984375,4790.0
12182,20.39697265625,218.70556640625,4787.5
12183,20.39697265625,218.70654296874997,4785.0
12184,20.39697265625,218.70751953125,4785.5
12185,20.39697265625,218.70849609375,4786.0
12186,20.39697265625,218.70947265625,4786.0
12187,20.39697265625,218.71044921875,4786.0
12188,20.39697265625,218.71142578125,4788.5
12189,20.39697265625,218.71240234375,4791.0
12190,20.39697265625,218.71337890625,4793.0
12191,20.39697265625,218.71435546875,4795.0
12192,20.39697265625,218.71533203125003,4796.5
12193,20.39697265625,218.71630859375003,4798.0
12194,20.39697265625,218.71728515625,4799.0
12195,20.396972656250004,218.71826171875,4800.0
12196,20.39697265625,218.71923828125,4801.0
12197,20.39697265625,218.72021484375,4802.0
12198,20.39697265625,218.72119140625,4803.0
12199,20.39697265625,218.72216796875,4803.5
12200,20.39697265625,218.72314453125,4805.0
12201,20.39697265625,218.72412109375,4806.0
12202,20.39697265625,218.72509765625003,4807.5
12203,20.39697265625,218.72607421875,4809.0
12204,20.39697265625,218.72705078125,4810.5
12205,20.39697265625,218.72802734375003,4813.0
12206,20.39697265625,218.72900390624997,4816.0
12207,20.39697265625,218.72998046875,4819.0
12208,20.39697265625,218.73095703125,4822.0
12209,20.39697265625,218.73193359375,4825.0
12210,20.39697265625,218.73291015625,4827.5
12211,20.39697265625,218.73388671875003,4830.5
12212,20.39697265625,218.73486328125,4833.0
12213,20.39697265625,218.73583984375,4835.5
12214,20.396972656250004,218.73681640625,4838.0
12215,20.39697265625,218.73779296874997,4840.5
12216,20.39697265625,218.73876953125,4843.0
12217,20.39697265625,218.73974609375,4845.0
12218,20.396972656250004,218.74072265625003,4847.5
12219,20.39697265625,218.74169921875,4850.0
12220,20.39697265625,218.74267578125,4852.5
12221,20.39697265625,218.74365234375,4854.5
12222,20.39697265625,218.74462890625,4857.0
12223,20.395996093749996,218.62255859375,4839.5
12224,20.395996093749996,218.62353515625,4839.5
12225,20.395996093749996,218.62451171875,4839.5
12226,20.395996093749996,218.62548828125,4839.5
12227,20.395996093749996,218.62646484375003,4839.5
12228,20.395996093749996,218.62744140625,4840.0
12229,20.395996093749996,218.62841796875,4840.0
12230,20.395996093749996,218.62939453125,4840.0
12231,20.395996093749996,218.63037109374997,4840.0
12232,20.395996093749996,218.63134765625,4840.0
12233,20.395996093749996,218.63232421875,4840.0
12234,20.395996093749996,218.63330078125,4840.0
12235,20.395996093749996,218.63427734375,4840.0
12236,20.395996093749996,218.63525390625,4840.0
12237,20.395996093749996,218.63623046875003,4840.0
12238,20.395996093749996,218.63720703125,4839.5
12239,20.395996093749996,218.63818359375,4839.5
12240,20.395996093749996,218.63916015625,4839.5
12241,20.395996093749996,218.64013671875003,4839.5
12242,20.395996093749996,218.64111328125,4839.5
12243,20.395996093749996,218.64208984375,4839.0
12244,20.395996093749996,218.64306640625,4839.0
12245,20.395996093749996,218.64404296875,4838.5
12246,20.395996093749996,218.64501953125,4837.5
12247,20.39599609375,218.64599609375,4836.0
12248,20.395996093749996,218.64697265625,4834.5
12249,20.395996093749996,218.64794921875,4833.0
12250,20.395996093749996,218.64892578125003,4832.0
12251,20.395996093749996,218.64990234375,4831.0
12252,20.395996093749996,218.65087890625,4830.0
12253,20.395996093749996,218.65185546875003,4829.0
12254,20.395996093749996,218.65283203125,4828.5
12255,20.395996093749996,218.65380859375,4827.5
12256,20.395996093749996,218.65478515625,4827.0
12257,20.395996093749996,218.65576171875,4826.0
12258,20.395996093749996,218.65673828125,4825.5
12259,20.395996093749996,218.65771484375,4824.5
12260,20.395996093749996,218.65869140625,4824.0
12261,20.395996093749996,218.65966796875,4823.0
12262,20.395996093749996,218.66064453125,4822.0
12263,20.395996093749996,218.66162109374997,4821.0
12264,20.39599609375,218.66259765625,4820.0
12265,20.395996093749996,218.66357421875,4819.0
12266,20.395996093749996,218.66455078125,4818.0
12267,20.395996093749996,218.66552734375,4816.5
12268,20.395996093749996,218.66650390625,4815.5
12269,20.395996093749996,218.66748046875003,4814.0
12270,20.395996093749996,218.66845703125,4812.5
12271,20.395996093749996,218.66943359375,4811.0
12272,20.39599609375,218.67041015625,4809.5
12273,20.395996093749996,218.67138671875003,4808.0
12274,20.395996093749996,218.67236328125,4808.0
12275,20.395996093749996,218.67333984375,4808.5
12276,20.395996093749996,218.67431640625003,4809.0
12277,20.39599609375,218.67529296875,4809.5
12278,20.395996093749996,218.67626953125,4810.0
12279,20.395996093749996,218.67724609375,4810.0
12280,20.395996093749996,218.67822265625,4810.5
12281,20.395996093749996,218.67919921875,4810.5
12282,20.395996093749996,218.68017578125,4810.5
12283,20.395996093749996,218.68115234375,4810.5
12284,20.395996093749996,218.68212890625,4810.5
12285,20.395996093749996,218.68310546875003,4810.5
12286,20.395996093749996,218.68408203125003,4810.0
12287,20.395996093749996,218.68505859375,4810.0
12288,20.395996093749996,218.68603515625,4809.5
12289,20.395996093749996,218.68701171875,4809.5
12290,20.395996093749996,218.68798828125,4809.0
12291,20.395996093749996,218.68896484375,4808.5
12292,20.395996093749996,218.68994140625003,4808.0
12293,20.395996093749996,218.69091796875,4807.5
12294,20.395996093749996,218.69189453125,4806.5
12295,20.395996093749996,218.69287109374997,4806.0
12296,20.395996093749996,218.69384765625003,4805.0
12297,20.395996093749996,218.69482421875,4804.0
12298,20.395996093749996,218.69580078125,4803.0
12299,20.395996093749996,218.69677734375,4802.0
12300,20.395996093749996,218.69775390625,4801.0
12301,20.395996093749996,218.69873046875,4800.0
12302,20.395996093749996,218.69970703125,4798.5
12303,20.395996093749996,218.70068359375,4797.0
12304,20.395996093749996,218.70166015625,4796.0
12305,20.39599609375,218.70263671875003,4794.5
12306,20.395996093749996,218.70361328125,4793.0
12307,20.395996093749996,218.70458984375,4791.5
12308,20.395996093749996,218.70556640625003,4789.5
12309,20.395996093749996,218.70654296874997,4787.5
12310,20.395996093749996,218.70751953125,4787.0
12311,20.395996093749996,218.70849609375,4788.0
12312,20.395996093749996,218.70947265625,4789.0
12313,20.395996093749996,218.71044921875,4788.0
12314,20.395996093749996,218.71142578125,4789.5
12315,20.395996093749996,218.71240234375,4791.5
12316,20.395996093749996,218.71337890625,4793.5
12317,20.395996093749996,218.71435546875,4795.0
12318,20.395996093749996,218.71533203125003,4796.5
12319,20.39599609375,218.71630859375003,4798.0
12320,20.395996093749996,218.71728515625,4799.0
12321,20.395996093749996,218.71826171875,4800.0
12322,20.395996093749996,218.71923828125,4801.0
12323,20.395996093749996,218.72021484375003,4801.5
12324,20.395996093749996,218.72119140625,4802.5
12325,20.395996093749996,218.72216796875,4803.0
12326,20.395996093749996,218.72314453125,4804.5
12327,20.395996093749996,218.72412109375,4805.5
12328,20.395996093749996,218.72509765625003,4807.0
12329,20.395996093749996,218.72607421875,4809.0
12330,20.39599609375,218.72705078125,4810.5
12331,20.395996093749996,218.72802734375003,4812.0
12332,20.395996093749996,218.72900390624997,4815.0
12333,20.395996093749996,218.72998046875,4818.5
12334,20.395996093749996,218.73095703125,4821.5
12335,20.395996093749996,218.73193359375,4824.5
12336,20.395996093749996,218.73291015625,4827.0
12337,20.395996093749996,218.73388671875003,4830.0
12338,20.395996093749996,218.73486328125,4832.5
12339,20.395996093749996,218.73583984375,4835.5
12340,20.395996093749996,218.73681640625,4838.0
12341,20.395996093749996,218.73779296875003,4840.5
12342,20.395996093749996,218.73876953125,4842.5
12343,20.395996093749996,218.73974609375,4845.0
12344,20.395996093749996,218.74072265625003,4847.5
12345,20.395996093749996,218.74169921875,4850.0
12346,20.395996093749996,218.74267578125,4852.0
12347,20.395996093749996,218.74365234375,4854.0
12348,20.395996093749996,218.74462890625,4856.5
12349,20.395019531250004,218.62255859375,4840.0
12350,20.395019531250004,218.62353515625,4840.0
12351,20.395019531250004,218.62451171875,4840.5
12352,20.395019531250004,218.62548828125,4840.5
12353,20.395019531250004,218.62646484375003,4840.5
12354,20.395019531250004,218.62744140625,4841.0
12355,20.395019531250004,218.62841796875,4841.0
12356,20.395019531250004,218.62939453125,4841.0
12357,20.395019531250004,218.63037109374997,4841.5
12358,20.395019531250004,218.63134765625,4841.5
12359,20.395019531250004,218.63232421875,4841.5
12360,20.395019531250004,218.63330078125,4841.5
12361,20.395019531250004,218.63427734375,4841.5
12362,20.395019531250004,218.63525390625,4841.5
12363,20.395019531250004,218.63623046875003,4841.5
12364,20.395019531250004,218.63720703125,4841.5
12365,20.395019531250004,218.63818359375,4841.5
12366,20.395019531250004,218.63916015625,4841.5
12367,20.395019531250004,218.64013671875003,4841.5
12368,20.395019531250004,218.64111328125,4841.5
12369,20.395019531250004,218.64208984375,4842.0
12370,20.395019531250004,218.64306640625,4842.0
12371,20.395019531250004,218.64404296875,4842.0
12372,20.395019531250004,218.64501953125,4842.5
12373,20.395019531250004,218.64599609375,4839.5
12374,20.395019531250004,218.64697265625,4838.0
12375,20.395019531250004,218.64794921875,4836.5
12376,20.395019531250004,218.64892578125003,4835.0
12377,20.395019531250004,218.64990234375,4834.0
12378,20.395019531250004,218.65087890625,4833.0
12379,20.395019531250004,218.65185546875003,4832.0
12380,20.395019531250004,218.65283203125,4831.0
12381,20.395019531250004,218.65380859375,4830.0
12382,20.395019531250004,218.65478515625,4829.5
12383,20.395019531250004,218.65576171875,4828.5
12384,20.395019531250004,218.65673828125,4827.5
12385,20.395019531250004,218.65771484375003,4827.0
12386,20.395019531250004,218.65869140625,4826.0
12387,20.395019531250004,218.65966796875,4825.0
12388,20.395019531250004,218.66064453125,4824.0
12389,20.395019531250004,218.66162109374997,4823.0
12390,20.395019531250004,218.66259765625,4822.0
12391,20.395019531250004,218.66357421875,4821.0
12392,20.395019531250004,218.66455078125,4819.5
12393,20.395019531250004,218.66552734375,4818.5
12394,20.395019531250004,218.66650390625,4817.0
12395,20.395019531250004,218.66748046875,4815.5
12396,20.395019531250004,218.66845703125,4814.0
12397,20.395019531250004,218.66943359375,4812.5
12398,20.395019531250004,218.67041015625,4811.0
12399,20.395019531250004,218.67138671875003,4810.0
12400,20.395019531250004,218.67236328125,4810.0
12401,20.395019531250004,218.67333984375,4810.5
12402,20.395019531250004,218.67431640625003,4810.5
12403,20.395019531250004,218.67529296875,4811.0
12404,20.395019531250004,218.67626953125,4811.5
12405,20.395019531250004,218.67724609375,4811.5
12406,20.395019531250004,218.67822265625,4811.5
12407,20.395019531250004,218.67919921875,4812.0
12408,20.395019531250004,218.68017578125003,4812.0
12409,20.395019531250004,218.68115234375,4812.0
12410,20.395019531250004,218.68212890625,4812.0
12411,20.395019531250004,218.68310546875003,4811.5
12412,20.395019531250004,218.68408203125003,4811.5
12413,20.395019531250004,218.68505859375,4811.0
12414,20.395019531250004,218.68603515625,4811.0
12415,20.395019531250004,218.68701171875,4810.5
12416,20.395019531250004,218.68798828125,4810.0
12417,20.395019531250004,218.68896484375,4809.5
12418,20.395019531250004,218.68994140625,4809.0
12419,20.395019531250004,218.69091796875,4808.5
12420,20.395019531250004,218.69189453125,4808.0
12421,20.395019531250004,218.69287109374997,4807.0
12422,20.395019531250004,218.69384765625003,4806.5
12423,20.395019531250004,218.69482421875,4805.5
12424,20.395019531250004,218.69580078125,4804.5
12425,20.395019531250004,218.69677734375,4803.5
12426,20.395019531250004,218.69775390625,4802.0
12427,20.395019531250004,218.69873046875,4801.0
12428,20.395019531250004,218.69970703125,4800.0
12429,20.395019531250004,218.70068359375,4798.5
12430,20.395019531250004,218.70166015625,4797.0
12431,20.395019531250004,218.70263671875003,4795.5
12432,20.395019531250004,218.70361328125,4794.0
12433,20.395019531250004,218.70458984375,4792.0
12434,20.395019531250004,218.70556640625003,4789.5
12435,20.395019531250004,218.70654296874997,4784.0
12436,20.395019531250004,218.70751953125,4786.5
12437,20.395019531250004,218.70849609375,4789.0
12438,20.395019531250004,218.70947265625,4790.0
12439,20.395019531250004,218.71044921875,4788.5
12440,20.395019531250004,218.71142578125,4790.0
12441,20.395019531250004,218.71240234375,4792.0
12442,20.395019531250004,218.71337890625,4794.0
12443,20.395019531250004,218.71435546875,4795.5
12444,20.395019531250004,218.71533203125003,4797.0
12445,20.395019531250004,218.71630859375003,4798.5
12446,20.395019531250004,218.71728515625,4799.5
12447,20.395019531250004,218.71826171875,4800.0
12448,20.395019531250004,218.71923828125,4801.0
12449,20.395019531250004,218.72021484375,4801.5
12450,20.395019531250004,218.72119140625,4801.5
12451,20.395019531250004,218.72216796875,4801.5
12452,20.395019531250004,218.72314453125,4801.5
12453,20.395019531250004,218.72412109375,4804.0
12454,20.395019531250004,218.72509765625003,4806.5
12455,20.395019531250004,218.72607421875,4809.0
12456,20.395019531250004,218.72705078125,4811.0
12457,20.395019531250004,218.72802734375003,4812.5
12458,20.395019531250004,218.72900390624997,4815.0
12459,20.395019531250004,218.72998046875,4818.0
12460,20.395019531250004,218.73095703125,4821.0
12461,20.395019531250004,218.73193359375,4824.0
12462,20.395019531250004,218.73291015625,4827.0
12463,20.395019531250004,218.73388671875003,4829.5
12464,20.395019531250004,218.73486328125,4832.5
12465,20.395019531250004,218.73583984375,4835.0
12466,20.395019531250004,218.73681640625,4837.5
12467,20.395019531250004,218.73779296874997,4840.0
12468,20.395019531250004,218.73876953125,4842.5
12469,20.395019531250004,218.73974609375,4844.5
12470,20.395019531250004,218.74072265625003,4846.5
12471,20.395019531250004,218.74169921875,4848.0
12472,20.395019531250004,218.74267578125,4850.5
12473,20.395019531250004,218.74365234375,4853.0
12474,20.395019531250004,218.74462890625,4855.5
12475,20.394042968750004,218.62255859375,4840.5
12476,20.394042968750004,218.62353515625,4841.0
12477,20.394042968750004,218.62451171875,4841.0
12478,20.394042968750004,218.62548828125,4841.5
12479,20.394042968750004,218.62646484375003,4841.5
12480,20.394042968750004,218.62744140625,4842.0
12481,20.394042968750004,218.62841796875,4842.0
12482,20.394042968750004,218.62939453125,4842.5
12483,20.394042968750004,218.63037109374997,4842.5
12484,20.394042968750004,218.63134765625,4843.0
12485,20.394042968750004,218.63232421875,4843.0
12486,20.394042968750004,218.63330078125,4843.0
12487,20.394042968750004,218.63427734375,4843.5
12488,20.394042968750004,218.63525390625,4843.5
12489,20.394042968750004,218.63623046875003,4843.5
12490,20.394042968750004,218.63720703125,4844.0
12491,20.394042968750004,218.63818359375,4844.0
12492,20.394042968750004,218.63916015625003,4844.0
12493,20.394042968750004,218.64013671875003,4844.0
12494,20.394042968750004,218.64111328125,4844.0
12495,20.394042968750004,218.64208984375,4844.0
12496,20.394042968750004,218.64306640625,4844.0
12497,20.394042968750004,218.64404296875,4844.0
12498,20.394042968750004,218.64501953125,4843.0
12499,20.394042968750004,218.64599609375,4842.5
12500,20.394042968750004,218.64697265625,4841.0
12501,20.394042968750004,218.64794921875,4839.0
12502,20.394042968750004,218.64892578125003,4838.0
12503,20.394042968750004,218.64990234375,4836.5
12504,20.394042968750004,218.65087890625,4835.5
12505,20.394042968750004,218.65185546875003,4834.5
12506,20.394042968750004,218.65283203125,4833.5
12507,20.394042968750004,218.65380859375,4832.5
12508,20.394042968750004,218.65478515625,4831.5
12509,20.394042968750004,218.65576171875,4831.0
12510,20.394042968750004,218.65673828125,4830.0
12511,20.394042968750004,218.65771484375003,4829.0
12512,20.394042968750004,218.65869140625,4828.0
12513,20.394042968750004,218.65966796875,4827.0
12514,20.394042968750004,218.66064453125,4826.0
12515,20.394042968750004,218.66162109374997,4825.0
12516,20.394042968750004,218.66259765625,4824.0
12517,20.394042968750004,218.66357421875,4823.0
12518,20.394042968750004,218.66455078125,4821.5
12519,20.394042968750004,218.66552734375,4820.5
12520,20.394042968750004,218.66650390625,4819.0
12521,20.394042968750004,218.66748046875,4817.5
12522,20.394042968750004,218.66845703125,4816.5
12523,20.394042968750004,218.66943359375,4814.5
12524,20.394042968750004,218.67041015625,4813.0
12525,20.394042968750004,218.67138671875003,4811.5
12526,20.394042968750004,218.67236328125,4812.0
12527,20.394042968750004,218.67333984375,4812.0
12528,20.394042968750004,218.67431640625003,4812.5
12529,20.394042968750004,218.67529296875,4812.5
12530,20.394042968750004,218.67626953125,4813.0
12531,20.394042968750004,218.67724609375,4813.0
12532,20.394042968750004,218.67822265625,4813.0
12533,20.394042968750004,218.67919921875,4813.0
12534,20.394042968750004,218.68017578125003,4813.0
12535,20.394042968750004,218.68115234374997,4813.0
12536,20.394042968750004,218.68212890625,4813.0
12537,20.394042968750004,218.68310546875003,4813.0
12538,20.394042968750004,218.68408203125003,4813.0
12539,20.394042968750004,218.68505859375,4812.5
12540,20.394042968750004,218.68603515625,4812.5
12541,20.394042968750004,218.68701171875,4812.0
12542,20.394042968750004,218.68798828125,4811.5
12543,20.394042968750004,218.68896484375,4811.0
12544,20.394042968750004,218.68994140625,4810.5
12545,20.394042968750004,218.69091796875,4810.0
12546,20.394042968750004,218.69189453125,4809.0
12547,20.394042968750004,218.69287109374997,4808.5
12548,20.394042968750004,218.69384765625003,4807.5
12549,20.394042968750004,218.69482421875,4806.5
12550,20.394042968750004,218.69580078125,4805.5
12551,20.394042968750004,218.69677734375,4804.5
12552,20.394042968750004,218.69775390625,4803.5
12553,20.394042968750004,218.69873046875,4802.5
12554,20.394042968750004,218.69970703125,4801.0
12555,20.394042968750004,218.70068359375,4800.0
12556,20.394042968750004,218.70166015625,4798.5
12557,20.394042968750004,218.70263671875003,4797.0
12558,20.394042968750004,218.70361328125,4795.5
12559,20.394042968750004,218.70458984375,4794.0
12560,20.394042968750004,218.70556640625003,4792.0
12561,20.394042968750004,218.70654296874997,4789.5
12562,20.394042968750004,218.70751953125,4790.0
12563,20.394042968750004,218.70849609375,4791.5
12564,20.394042968750004,218.70947265625,4793.0
12565,20.394042968750004,218.71044921875,4792.0
12566,20.394042968750004,218.71142578125,4792.5
12567,20.394042968750004,218.71240234375,4793.5
12568,20.394042968750004,218.71337890625,4795.0
12569,20.394042968750004,218.71435546875,4796.5
12570,20.394042968750004,218.71533203125003,4798.0
12571,20.394042968750004,218.71630859375003,4799.0
12572,20.394042968750004,218.71728515625,4800.0
12573,20.394042968750004,218.71826171875,4800.5
12574,20.394042968750004,218.71923828125,4801.0
12575,20.394042968750004,218.72021484375,4801.5
12576,20.394042968750004,218.72119140625,4802.0
12577,20.394042968750004,218.72216796875,4802.5
12578,20.394042968750004,218.72314453125,4803.5
12579,20.394042968750004,218.72412109375,4804.5
12580,20.394042968750004,218.72509765625003,4806.5
12581,20.394042968750004,218.72607421875,4809.0
12582,20.394042968750004,218.72705078125,4811.5
12583,20.394042968750004,218.72802734375003,4813.0
12584,20.394042968750004,218.72900390624997,4815.0
12585,20.394042968750004,218.72998046875,4817.5
12586,20.394042968750004,218.73095703125,4820.5
12587,20.394042968750004,218.73193359375,4823.5
12588,20.394042968750004,218.73291015625,4826.5
12589,20.394042968750004,218.73388671875,4829.5
12590,20.394042968750004,218.73486328125,4832.5
12591,20.394042968750004,218.73583984375,4835.0
12592,20.394042968750004,218.73681640625,4837.5
12593,20.394042968750004,218.73779296874997,4840.5
12594,20.394042968750004,218.73876953125,4842.5
12595,20.394042968750004,218.73974609375,4845.0
12596,20.394042968750004,218.74072265625003,4846.0
12597,20.394042968750004,218.74169921875,4846.0
12598,20.394042968750004,218.74267578125003,4849.0
12599,20.394042968750004,218.74365234375,4852.0
12600,20.394042968750004,218.74462890625,4854.5
12601,20.393066406250007,218.62255859375,4841.5
12602,20.39306640625,218.62353515625,4842.0
12603,20.393066406250007,218.62451171875,4842.0
12604,20.39306640625,218.62548828125,4842.5
12605,20.393066406250007,218.62646484375003,4842.5
12606,20.39306640625,218.62744140625,4843.0
12607,20.393066406250007,218.62841796875,4843.5
12608,20.393066406250007,218.62939453125,4843.5
12609,20.393066406250007,218.63037109374997,4844.0
12610,20.393066406250007,218.63134765625,4844.0
12611,20.393066406250007,218.63232421875,4844.5
12612,20.393066406250007,218.63330078125,4845.0
12613,20.39306640625,218.63427734375,4845.0
12614,20.393066406250007,218.63525390625,4845.5
12615,20.393066406250007,218.63623046875003,4845.5
12616,20.393066406250007,218.63720703125,4846.0
12617,20.39306640625,218.63818359375,4846.0
12618,20.393066406250007,218.63916015625,4846.0
12619,20.393066406250007,218.64013671875003,4846.5
12620,20.393066406250007,218.64111328125,4846.5
12621,20.39306640625,218.64208984375,4846.5
12622,20.39306640625,218.64306640625,4846.5
12623,20.39306640625,218.64404296875,4846.5
12624,20.39306640625,218.64501953125,4846.0
12625,20.393066406250007,218.64599609375,4844.5
12626,20.39306640625,218.64697265625,4843.0
12627,20.39306640625,218.64794921875,4842.0
12628,20.393066406250007,218.64892578125003,4840.5
12629,20.393066406250007,218.64990234375,4839.5
12630,20.393066406250007,218.65087890625,4838.0
12631,20.393066406250007,218.65185546875003,4837.0
12632,20.393066406250007,218.65283203125,4836.0
12633,20.39306640625,218.65380859375,4835.0
12634,20.39306640625,218.65478515625,4834.0
12635,20.393066406250007,218.65576171875,4833.0
12636,20.39306640625,218.65673828125,4832.0
12637,20.39306640625,218.65771484375003,4831.0
12638,20.39306640625,218.65869140625,4830.0
12639,20.393066406250007,218.65966796875,4829.0
12640,20.393066406250007,218.66064453125,4828.0
12641,20.39306640625,218.66162109374997,4827.0
12642,20.393066406250007,218.66259765625,4826.0
12643,20.393066406250007,218.66357421875,4825.0
12644,20.393066406250007,218.66455078125,4823.5
12645,20.393066406250007,218.66552734375,4822.5
12646,20.393066406250007,218.66650390625,4821.0
12647,20.39306640625,218.66748046875003,4820.0
12648,20.393066406250007,218.66845703125,4818.5
12649,20.393066406250007,218.66943359375,4817.0
12650,20.393066406250007,218.67041015625,4816.0
12651,20.39306640625,218.67138671875003,4815.0
12652,20.393066406250007,218.67236328125,4814.5
12653,20.393066406250007,218.67333984375,4814.5
12654,20.393066406250007,218.67431640625003,4814.5
12655,20.39306640625,218.67529296875,4814.5
12656,20.39306640625,218.67626953125,4814.5
12657,20.393066406250007,218.67724609375,4814.5
12658,20.39306640625,218.67822265625,4814.5
12659,20.393066406250007,218.67919921875,4814.5
12660,20.393066406250007,218.68017578125003,4814.5
12661,20.393066406250007,218.68115234374997,4814.5
12662,20.393066406250007,218.68212890625,4814.5
12663,20.393066406250007,218.68310546875003,4814.5
12664,20.393066406250007,218.68408203124997,4814.0
12665,20.393066406250007,218.68505859375,4814.0
12666,20.393066406250007,218.68603515625,4813.5
12667,20.393066406250007,218.68701171875,4813.5
12668,20.39306640625,218.68798828125,4813.0
12669,20.393066406250007,218.68896484375,4812.5
12670,20.39306640625,218.68994140625003,4812.0
12671,20.393066406250007,218.69091796875,4811.0
12672,20.39306640625,218.69189453125,4810.5
12673,20.39306640625,218.69287109374997,4810.0
12674,20.393066406250007,218.69384765625003,4809.0
12675,20.393066406250007,218.69482421875,4808.0
12676,20.393066406250007,218.69580078125,4807.0
12677,20.393066406250007,218.69677734375,4806.0
12678,20.39306640625,218.69775390625,4805.0
12679,20.39306640625,218.69873046875,4804.0
12680,20.393066406250007,218.69970703125,4802.5
12681,20.39306640625,218.70068359375,4801.0
12682,20.393066406250007,218.70166015625,4800.0
12683,20.393066406250007,218.70263671875003,4798.5
12684,20.39306640625,218.70361328125,4797.0
12685,20.393066406250007,218.70458984375,4795.0
12686,20.393066406250007,218.70556640625,4793.5
12687,20.39306640625,218.70654296874997,4793.0
12688,20.393066406250007,218.70751953125,4793.0
12689,20.393066406250007,218.70849609375,4794.0
12690,20.393066406250007,218.70947265625,4794.5
12691,20.393066406250007,218.71044921875,4794.0
12692,20.39306640625,218.71142578125,4794.5
12693,20.39306640625,218.71240234375,4795.5
12694,20.39306640625,218.71337890625,4796.5
12695,20.393066406250007,218.71435546875,4798.0
12696,20.39306640625,218.71533203125003,4799.0
12697,20.393066406250007,218.71630859375003,4800.0
12698,20.393066406250007,218.71728515625,4800.5
12699,20.39306640625,218.71826171875,4801.5
12700,20.393066406250007,218.71923828125,4801.5
12701,20.393066406250007,218.72021484375,4802.0
12702,20.393066406250007,218.72119140625,4802.0
12703,20.393066406250007,218.72216796875,4801.5
12704,20.39306640625,218.72314453125,4801.5
12705,20.393066406250007,218.72412109375,4804.0
12706,20.39306640625,218.72509765625003,4806.5
12707,20.39306640625,218.72607421875,4809.0
12708,20.39306640625,218.72705078125,4811.5
12709,20.393066406250007,218.72802734375,4812.0
12710,20.393066406250007,218.72900390624997,4814.0
12711,20.393066406250007,218.72998046875,4817.0
12712,20.39306640625,218.73095703125,4820.5
12713,20.393066406250007,218.73193359375,4823.5
12714,20.393066406250007,218.73291015625,4826.5
12715,20.39306640625,218.73388671875,4829.5
12716,20.39306640625,218.73486328125,4832.5
12717,20.393066406250007,218.73583984375,4835.0
12718,20.39306640625,218.73681640625,4838.0
12719,20.393066406250007,218.73779296874997,4840.5
12720,20.393066406250007,218.73876953125,4843.0
12721,20.39306640625,218.73974609375,4845.5
12722,20.393066406250007,218.74072265625003,4848.0
12723,20.39306640625,218.74169921875,4848.0
12724,20.393066406250007,218.74267578125,4849.5
12725,20.393066406250007,218.74365234375,4851.5
12726,20.393066406250007,218.74462890625,4854.0
12727,20.392089843750004,218.62255859375,4842.0
12728,20.392089843750004,218.62353515625,4842.5
12729,20.392089843750004,218.62451171875,4843.0
12730,20.392089843750004,218.62548828125,4843.5
12731,20.392089843750004,218.62646484375003,4843.5
12732,20.392089843750004,218.62744140625,4844.0
12733,20.392089843750004,218.62841796875,4844.5
12734,20.392089843750004,218.62939453125,4845.0
12735,20.392089843750004,218.63037109374997,4845.0
12736,20.392089843750004,218.63134765625,4845.5
12737,20.392089843750004,218.63232421875,4846.0
12738,20.392089843750007,218.63330078125,4846.5
12739,20.392089843750004,218.63427734375,4846.5
12740,20.392089843750004,218.63525390625,4847.0
12741,20.392089843750004,218.63623046875003,4847.5
12742,20.392089843750004,218.63720703125,4848.0
12743,20.392089843750004,218.63818359375,4848.0
12744,20.392089843750004,218.63916015625,4848.5
12745,20.392089843750004,218.64013671875003,4848.5
12746,20.392089843750004,218.64111328125,4849.0
12747,20.392089843750004,218.64208984375,4849.0
12748,20.392089843750004,218.64306640625,4849.0
12749,20.392089843750004,218.64404296875,4848.5
12750,20.392089843750004,218.64501953125,4847.5
12751,20.392089843750004,218.64599609375,4846.5
12752,20.392089843750004,218.64697265625,4845.5
12753,20.392089843750004,218.64794921875,4844.5
12754,20.392089843750004,218.64892578125003,4843.0
12755,20.392089843750004,218.64990234375,4842.0
12756,20.392089843750004,218.65087890625,4841.0
12757,20.392089843750004,218.65185546875003,4840.0
12758,20.392089843750004,218.65283203125,4838.5
12759,20.392089843750004,218.65380859375,4837.5
12760,20.392089843750004,218.65478515625,4836.5
12761,20.392089843750004,218.65576171875,4835.5
12762,20.392089843750004,218.65673828125,4834.5
12763,20.392089843750004,218.65771484375003,4833.5
12764,20.392089843750004,218.65869140625,4832.5
12765,20.392089843750004,218.65966796875,4831.5
12766,20.392089843750004,218.66064453125,4830.0
12767,20.392089843750004,218.66162109374997,4829.0
12768,20.392089843750004,218.66259765625,4828.0
12769,20.392089843750004,218.66357421875,4827.0
12770,20.392089843750004,218.66455078125,4825.5
12771,20.392089843750004,218.66552734375,4824.5
12772,20.392089843750004,218.66650390625,4823.5
12773,20.392089843750004,218.66748046875,4822.0
12774,20.392089843750004,218.66845703125,4821.0
12775,20.392089843750007,218.66943359375,4820.0
12776,20.392089843750004,218.67041015625,4819.0
12777,20.392089843750004,218.67138671875003,4818.0
12778,20.392089843750004,218.67236328125,4817.0
12779,20.392089843750004,218.67333984375,4816.5
12780,20.392089843750007,218.67431640625003,4816.5
12781,20.392089843750004,218.67529296875,4816.5
12782,20.392089843750004,218.67626953125,4816.5
12783,20.392089843750004,218.67724609375,4816.5
12784,20.392089843750004,218.67822265625,4816.5
12785,20.392089843750004,218.67919921875,4816.5
12786,20.392089843750004,218.68017578125,4816.5
12787,20.392089843750004,218.68115234375,4816.0
12788,20.392089843750004,218.68212890625,4816.0
12789,20.392089843750004,218.68310546875003,4816.0
12790,20.392089843750004,218.68408203125003,4815.5
12791,20.392089843750004,218.68505859375,4815.5
12792,20.392089843750004,218.68603515625,4815.0
12793,20.392089843750004,218.68701171875,4814.5
12794,20.392089843750004,218.68798828125,4814.5
12795,20.392089843750004,218.68896484375,4814.0
12796,20.392089843750004,218.68994140625,4813.5
12797,20.392089843750004,218.69091796875,4812.5
12798,20.392089843750004,218.69189453125,4812.0
12799,20.392089843750004,218.69287109374997,4811.0
12800,20.392089843750004,218.69384765625003,4810.5
12801,20.392089843750004,218.69482421875,4809.5
12802,20.392089843750004,218.69580078125,4808.5
12803,20.392089843750004,218.69677734375,4807.5
12804,20.392089843750004,218.69775390625,4806.5
12805,20.392089843750004,218.69873046875,4805.5
12806,20.392089843750004,218.69970703125,4804.0
12807,20.392089843750004,218.70068359375,4802.5
12808,20.392089843750004,218.70166015625,4801.5
12809,20.392089843750004,218.70263671875003,4800.0
12810,20.392089843750004,218.70361328125,4798.5
12811,20.392089843750004,218.70458984375,4797.5
12812,20.392089843750004,218.70556640625003,4797.0
12813,20.392089843750004,218.70654296874997,4796.5
12814,20.392089843750004,218.70751953125,4796.5
12815,20.392089843750004,218.70849609375,4796.0
12816,20.392089843750004,218.70947265625,4796.0
12817,20.392089843750004,218.71044921875,4795.5
12818,20.392089843750004,218.71142578125,4796.0
12819,20.392089843750004,218.71240234375,4797.0
12820,20.392089843750004,218.71337890625,4798.0
12821,20.392089843750004,218.71435546875,4799.0
12822,20.392089843750004,218.71533203125003,4800.0
12823,20.392089843750004,218.71630859375003,4801.0
12824,20.392089843750004,218.71728515625,4801.5
12825,20.392089843750004,218.71826171875,4802.0
12826,20.392089843750004,218.71923828125,4802.5
12827,20.392089843750004,218.72021484375,4802.5
12828,20.392089843750004,218.72119140625,4802.5
12829,20.392089843750004,218.72216796875,4802.5
12830,20.392089843750004,218.72314453125,4803.0
12831,20.392089843750004,218.72412109375,4804.0
12832,20.392089843750004,218.72509765625003,4806.0
12833,20.392089843750004,218.72607421875,4807.5
12834,20.392089843750007,218.72705078125,4809.0
12835,20.392089843750004,218.72802734375003,4810.0
12836,20.392089843750004,218.72900390625003,4813.0
12837,20.392089843750004,218.72998046875,4816.5
12838,20.392089843750004,218.73095703125,4820.0
12839,20.392089843750004,218.73193359375,4823.5
12840,20.392089843750004,218.73291015625,4826.5
12841,20.392089843750004,218.73388671875,4829.5
12842,20.392089843750004,218.73486328125,4832.5
12843,20.392089843750004,218.73583984375,4835.0
12844,20.392089843750004,218.73681640625,4838.0
12845,20.392089843750004,218.73779296874997,4840.5
12846,20.392089843750004,218.73876953125,4843.0
12847,20.392089843750004,218.73974609375,4845.5
12848,20.392089843750007,218.74072265625003,4847.5
12849,20.392089843750004,218.74169921875,4848.0
12850,20.392089843750004,218.74267578125,4849.5
12851,20.392089843750004,218.74365234375,4851.5
12852,20.392089843750004,218.74462890625,4853.5
12853,20.39111328125,218.62255859375,4843.0
12854,20.39111328125,218.62353515625,4843.5
12855,20.391113281250004,218.62451171875,4844.0
12856,20.391113281250004,218.62548828125,4844.0
12857,20.391113281250004,218.62646484375003,4844.5
12858,20.39111328125,218.62744140625,4845.0
12859,20.391113281250004,218.62841796875,4845.5
12860,20.39111328125,218.62939453125003,4846.0
12861,20.391113281250004,218.63037109374997,4846.5
12862,20.391113281250004,218.63134765625,4847.0
12863,20.391113281250004,218.63232421875,4847.5
12864,20.391113281250004,218.63330078125,4848.0
12865,20.39111328125,218.63427734375,4848.5
12866,20.391113281250004,218.63525390625,4849.0
12867,20.391113281250004,218.63623046875,4849.5
12868,20.391113281250004,218.63720703125,4850.0
12869,20.391113281250004,218.63818359375,4850.0
12870,20.39111328125,218.63916015625,4850.5
12871,20.391113281250004,218.64013671875003,4851.0
12872,20.391113281250004,218.64111328125,4851.0
12873,20.391113281250004,218.64208984375,4851.5
12874,20.39111328125,218.64306640625,4851.5
12875,20.391113281250004,218.64404296875,4852.0
12876,20.391113281250004,218.64501953125,4852.5
12877,20.391113281250004,218.64599609375,4850.0
12878,20.391113281250004,218.64697265625,4848.5
12879,20.39111328125,218.64794921875,4847.0
12880,20.391113281250004,218.64892578125003,4846.0
12881,20.391113281250004,218.64990234375,4844.5
12882,20.391113281250004,218.65087890625,4843.5
12883,20.39111328125,218.65185546875003,4842.5
12884,20.391113281250004,218.65283203125,4841.0
12885,20.39111328125,218.65380859375,4840.0
12886,20.391113281250004,218.65478515625,4839.0
12887,20.39111328125,218.65576171875,4838.0
12888,20.39111328125,218.65673828125,4837.0
12889,20.39111328125,218.65771484375003,4835.5
12890,20.39111328125,218.65869140625,4834.5
12891,20.391113281250004,218.65966796875,4833.5
12892,20.391113281250004,218.66064453125,4832.5
12893,20.391113281250004,218.66162109374997,4831.0
12894,20.391113281250004,218.66259765625,4830.0
12895,20.391113281250004,218.66357421875,4829.0
12896,20.39111328125,218.66455078125,4827.5
12897,20.391113281250004,218.66552734375,4826.5
12898,20.39111328125,218.66650390625,4825.5
12899,20.391113281250004,218.66748046875003,4824.0
12900,20.39111328125,218.66845703125,4823.0
12901,20.391113281250004,218.66943359375,4822.0
12902,20.391113281250004,218.67041015625,4821.0
12903,20.39111328125,218.67138671875003,4820.5
12904,20.39111328125,218.67236328125,4819.5
12905,20.391113281250004,218.67333984375,4818.5
12906,20.391113281250004,218.67431640625003,4818.0
12907,20.391113281250004,218.67529296875,4818.0
12908,20.39111328125,218.67626953125,4818.0
12909,20.391113281250004,218.67724609375,4818.0
12910,20.391113281250004,218.67822265625,4818.0
12911,20.391113281250004,218.67919921875,4818.0
12912,20.391113281250004,218.68017578125003,4818.0
12913,20.391113281250004,218.68115234375,4818.0
12914,20.391113281250004,218.68212890625,4817.5
12915,20.391113281250004,218.68310546875003,4817.5
12916,20.39111328125,218.68408203124997,4817.5
12917,20.391113281250004,218.68505859375,4817.0
12918,20.391113281250004,218.68603515625,4816.5
12919,20.391113281250004,218.68701171875,4816.5
12920,20.391113281250004,218.68798828125,4816.0
12921,20.391113281250004,218.68896484375,4815.5
12922,20.39111328125,218.68994140625003,4815.0
12923,20.391113281250004,218.69091796875,4814.0
12924,20.39111328125,218.69189453125,4813.5
12925,20.391113281250004,218.69287109374997,4813.0
12926,20.391113281250004,218.69384765625003,4812.0
12927,20.391113281250004,218.69482421875,4811.0
12928,20.391113281250004,218.69580078125,4810.5
12929,20.391113281250004,218.69677734375,4809.5
12930,20.39111328125,218.69775390625,4808.0
12931,20.39111328125,218.69873046875,4807.0
12932,20.39111328125,218.69970703125,4805.5
12933,20.391113281250004,218.70068359375,4804.5
12934,20.391113281250004,218.70166015625,4803.0
12935,20.39111328125,218.70263671875003,4801.0
12936,20.39111328125,218.70361328125,4799.5
12937,20.39111328125,218.70458984375,4798.5
12938,20.39111328125,218.70556640625,4799.5
12939,20.39111328125,218.70654296874997,4799.0
12940,20.39111328125,218.70751953125,4799.0
12941,20.391113281250004,218.70849609375,4798.5
12942,20.39111328125,218.70947265625,4797.5
12943,20.391113281250004,218.71044921875,4797.0
12944,20.39111328125,218.71142578125,4797.5
12945,20.39111328125,218.71240234375,4798.5
12946,20.391113281250004,218.71337890625,4799.5
12947,20.391113281250004,218.71435546875,4801.0
12948,20.39111328125,218.71533203125003,4801.5
12949,20.391113281250004,218.71630859375003,4802.5
12950,20.391113281250004,218.71728515625,4803.0
12951,20.39111328125,218.71826171875,4803.5
12952,20.391113281250004,218.71923828125,4803.5
12953,20.39111328125,218.72021484375,4803.5
12954,20.391113281250004,218.72119140625,4803.5
12955,20.391113281250004,218.72216796875,4803.5
12956,20.391113281250004,218.72314453125,4803.5
12957,20.391113281250004,218.72412109375,4805.0
12958,20.39111328125,218.72509765625003,4806.0
12959,20.39111328125,218.72607421875,4807.0
12960,20.391113281250004,218.72705078125,4807.0
12961,20.39111328125,218.72802734375003,4807.5
12962,20.391113281250004,218.72900390624997,4812.0
12963,20.391113281250004,218.72998046875,4816.5
12964,20.391113281250004,218.73095703125,4820.5
12965,20.39111328125,218.73193359375,4824.0
12966,20.39111328125,218.73291015625,4827.0
12967,20.391113281250004,218.73388671875003,4830.0
12968,20.391113281250004,218.73486328125,4832.5
12969,20.39111328125,218.73583984375,4835.5
12970,20.391113281250004,218.73681640625,4838.0
12971,20.39111328125,218.73779296874997,4840.5
12972,20.391113281250004,218.73876953125,4843.0
12973,20.391113281250004,218.73974609375,4845.5
12974,20.391113281250004,218.74072265625003,4848.0
12975,20.39111328125,218.74169921875,4848.5
12976,20.39111328125,218.74267578125,4849.5
12977,20.391113281250004,218.74365234375,4851.5
12978,20.391113281250004,218.74462890625,4853.5
12979,20.39013671875,218.62255859375,4843.5
12980,20.390136718749996,218.62353515625,4844.0
12981,20.390136718749996,218.62451171875,4844.5
12982,20.390136718749996,218.62548828125,4845.0
12983,20.39013671875,218.62646484375003,4845.5
12984,20.390136718749996,218.62744140625,4846.0
12985,20.390136718749996,218.62841796875,4846.5
12986,20.390136718749996,218.62939453125,4847.0
12987,20.390136718749996,218.63037109374997,4847.5
12988,20.390136718749996,218.63134765625,4848.5
12989,20.390136718749996,218.63232421875,4849.0
12990,20.390136718749996,218.63330078125,4849.5
12991,20.390136718749996,218.63427734375,4850.0
12992,20.390136718749996,218.63525390625,4850.5
12993,20.390136718749996,218.63623046875,4851.0
12994,20.39013671875,218.63720703125,4852.0
12995,20.390136718749996,218.63818359375,4852.5
12996,20.390136718749996,218.63916015625,4853.0
12997,20.390136718749996,218.64013671875003,4853.5
12998,20.390136718749996,218.64111328125,4853.5
12999,20.390136718749996,218.64208984375,4854.0
13000,20.390136718749996,218.64306640625,4854.0
13001,20.390136718749996,218.64404296875,4854.0
13002,20.390136718749996,218.64501953125,4853.0
13003,20.390136718749996,218.64599609375,4852.0
13004,20.390136718749996,218.64697265625,4851.0
13005,20.390136718749996,218.64794921875,4849.5
13006,20.390136718749996,218.64892578125003,4848.5
13007,20.390136718749996,218.64990234375,4847.0
13008,20.390136718749996,218.65087890625,4846.0
13009,20.390136718749996,218.65185546875003,4845.0
13010,20.39013671875,218.65283203125,4843.5
13011,20.390136718749996,218.65380859375,4842.5
13012,20.390136718749996,218.65478515625,4841.5
13013,20.390136718749996,218.65576171875,4840.0
13014,20.390136718749996,218.65673828125,4839.0
13015,20.390136718749996,218.65771484375003,4838.0
13016,20.390136718749996,218.65869140625,4837.0
13017,20.390136718749996,218.65966796875,4835.5
13018,20.390136718749996,218.66064453125,4834.5
13019,20.390136718749996,218.66162109374997,4833.5
13020,20.390136718749996,218.66259765625,4832.0
13021,20.390136718749996,218.66357421875,4831.0
13022,20.390136718749996,218.66455078125,4830.0
13023,20.390136718749996,218.66552734375,4828.5
13024,20.390136718749996,218.66650390625,4827.5
13025,20.390136718749996,218.66748046875003,4826.5
13026,20.390136718749996,218.66845703125,4825.0
13027,20.390136718749996,218.66943359375,4824.0
13028,20.390136718749996,218.67041015625,4823.0
13029,20.390136718749996,218.67138671875003,4822.5
13030,20.390136718749996,218.67236328125,4820.5
13031,20.390136718749996,218.67333984375,4820.0
13032,20.390136718749996,218.67431640625003,4819.5
13033,20.390136718749996,218.67529296875,4819.5
13034,20.390136718749996,218.67626953125,4819.5
13035,20.390136718749996,218.67724609375,4819.5
13036,20.390136718749996,218.67822265625,4819.5
13037,20.39013671875,218.67919921875,4819.5
13038,20.39013671875,218.68017578125,4819.5
13039,20.390136718749996,218.68115234375,4819.5
13040,20.390136718749996,218.68212890625,4819.5
13041,20.390136718749996,218.68310546875,4819.0
13042,20.390136718749996,218.68408203124997,4819.0
13043,20.39013671875,218.68505859375,4818.5
13044,20.390136718749996,218.68603515625,4818.5
13045,20.390136718749996,218.68701171875,4818.0
13046,20.390136718749996,218.68798828125,4817.5
13047,20.390136718749996,218.68896484375,4817.0
13048,20.390136718749996,218.68994140625003,4816.5
13049,20.390136718749996,218.69091796875,4816.0
13050,20.390136718749996,218.69189453125,4815.0
13051,20.390136718749996,218.69287109374997,4814.5
13052,20.390136718749996,218.69384765625003,4813.5
13053,20.390136718749996,218.69482421875,4813.0
13054,20.390136718749996,218.69580078125,4812.0
13055,20.390136718749996,218.69677734375,4811.0
13056,20.390136718749996,218.69775390625,4810.0
13057,20.390136718749996,218.69873046875,4809.0
13058,20.390136718749996,218.69970703125,4807.5
13059,20.390136718749996,218.70068359375,4806.0
13060,20.390136718749996,218.70166015625,4804.5
13061,20.390136718749996,218.70263671875003,4802.5
13062,20.390136718749996,218.70361328125,4800.0
13063,20.390136718749996,218.70458984375,4797.0
13064,20.390136718749996,218.70556640625003,4794.0
13065,20.390136718749996,218.70654296874997,4801.0
13066,20.390136718749996,218.70751953125,4801.5
13067,20.390136718749996,218.70849609375,4801.0
13068,20.390136718749996,218.70947265625,4799.5
13069,20.390136718749996,218.71044921875,4799.0
13070,20.390136718749996,218.71142578125,4799.5
13071,20.390136718749996,218.71240234375,4800.5
13072,20.390136718749996,218.71337890625,4801.5
13073,20.390136718749996,218.71435546875003,4802.5
13074,20.390136718749996,218.71533203124997,4803.5
13075,20.390136718749996,218.71630859375003,4804.0
13076,20.390136718749996,218.71728515625,4804.5
13077,20.390136718749996,218.71826171875,4805.0
13078,20.390136718749996,218.71923828125,4805.0
13079,20.390136718749996,218.72021484375,4805.0
13080,20.390136718749996,218.72119140625,4805.0
13081,20.390136718749996,218.72216796875,4804.5
13082,20.390136718749996,218.72314453125,4805.0
13083,20.39013671875,218.72412109375,4806.0
13084,20.390136718749996,218.72509765625003,4807.5
13085,20.390136718749996,218.72607421875,4808.5
13086,20.390136718749996,218.72705078125,4809.5
13087,20.390136718749996,218.72802734375003,4811.5
13088,20.390136718749996,218.72900390625003,4814.5
13089,20.390136718749996,218.72998046875,4818.0
13090,20.390136718749996,218.73095703125,4821.5
13091,20.390136718749996,218.73193359375,4824.5
13092,20.390136718749996,218.73291015625,4827.5
13093,20.390136718749996,218.73388671875,4830.0
13094,20.390136718749996,218.73486328125,4833.0
13095,20.390136718749996,218.73583984375,4835.5
13096,20.390136718749996,218.73681640625,4838.0
13097,20.390136718749996,218.73779296874997,4840.5
13098,20.390136718749996,218.73876953125,4843.0
13099,20.390136718749996,218.73974609375,4845.5
13100,20.390136718749996,218.74072265625003,4847.0
13101,20.390136718749996,218.74169921875,4848.0
13102,20.390136718749996,218.74267578125,4849.5
13103,20.39013671875,218.74365234375,4851.0
13104,20.390136718749996,218.74462890625,4852.5
13105,20.389160156250007,218.62255859375,4844.5
13106,20.38916015625,218.62353515625,4845.0
13107,20.38916015625,218.62451171875,4845.5
13108,20.38916015625,218.62548828125,4846.0
13109,20.389160156250007,218.62646484375003,4846.5
13110,20.38916015625,218.62744140625,4847.0
13111,20.38916015625,218.62841796875,4847.5
13112,20.38916015625,218.62939453125,4848.5
13113,20.38916015625,218.63037109374997,4849.0
13114,20.38916015625,218.63134765625,4849.5
13115,20.38916015625,218.63232421875,4850.5
13116,20.38916015625,218.63330078125,4851.0
13117,20.38916015625,218.63427734375,4851.5
13118,20.38916015625,218.63525390625,4852.5
13119,20.38916015625,218.63623046875003,4853.0
13120,20.38916015625,218.63720703125,4854.0
13121,20.38916015625,218.63818359375,4854.5
13122,20.38916015625,218.63916015625,4855.0
13123,20.38916015625,218.64013671875003,4855.5
13124,20.38916015625,218.64111328125,4856.0
13125,20.38916015625,218.64208984375,4856.5
13126,20.38916015625,218.64306640625,4856.5
13127,20.38916015625,218.64404296875,4856.5
13128,20.38916015625,218.64501953125,4855.5
13129,20.389160156250007,218.64599609375,4855.5
13130,20.38916015625,218.64697265625,4853.5
13131,20.38916015625,218.64794921875,4852.5
13132,20.38916015625,218.64892578125003,4851.0
13133,20.389160156250007,218.64990234375,4850.0
13134,20.38916015625,218.65087890625,4848.5
13135,20.38916015625,218.65185546875003,4847.5
13136,20.38916015625,218.65283203125,4846.0
13137,20.38916015625,218.65380859375,4845.0
13138,20.38916015625,218.65478515625,4844.0
13139,20.38916015625,218.65576171875,4842.5
13140,20.38916015625,218.65673828125,4841.5
13141,20.38916015625,218.65771484375003,4840.0
13142,20.38916015625,218.65869140625,4839.0
13143,20.38916015625,218.65966796875,4838.0
13144,20.38916015625,218.66064453125,4836.5
13145,20.38916015625,218.66162109374997,4835.5
13146,20.38916015625,218.66259765625,4834.5
13147,20.38916015625,218.66357421875,4833.0
13148,20.38916015625,218.66455078125,4832.0
13149,20.38916015625,218.66552734375,4830.5
13150,20.38916015625,218.66650390625,4829.5
13151,20.38916015625,218.66748046875,4828.5
13152,20.38916015625,218.66845703125,4827.0
13153,20.38916015625,218.66943359375,4826.0
13154,20.38916015625,218.67041015625,4824.5
13155,20.38916015625,218.67138671875003,4823.0
13156,20.38916015625,218.67236328125,4821.0
13157,20.38916015625,218.67333984375,4821.0
13158,20.38916015625,218.67431640625003,4821.0
13159,20.38916015625,218.67529296875,4821.0
13160,20.38916015625,218.67626953125,4821.5
13161,20.38916015625,218.67724609375,4821.5
13162,20.38916015625,218.67822265625,4821.5
13163,20.38916015625,218.67919921875,4821.5
13164,20.38916015625,218.68017578125,4821.5
13165,20.389160156250007,218.68115234375,4821.0
13166,20.389160156250007,218.68212890625,4821.0
13167,20.38916015625,218.68310546875,4821.0
13168,20.38916015625,218.68408203125003,4820.5
13169,20.38916015625,218.68505859375,4820.5
13170,20.38916015625,218.68603515625,4820.0
13171,20.38916015625,218.68701171875,4819.5
13172,20.38916015625,218.68798828125,4819.0
13173,20.38916015625,218.68896484375,4818.5
13174,20.38916015625,218.68994140625,4818.0
13175,20.38916015625,218.69091796875,4817.5
13176,20.38916015625,218.69189453125,4817.0
13177,20.38916015625,218.69287109374997,4816.0
13178,20.38916015625,218.69384765625003,4815.5
13179,20.38916015625,218.69482421875,4814.5
13180,20.38916015625,218.69580078125,4814.0
13181,20.38916015625,218.69677734375,4813.0
13182,20.38916015625,218.69775390625,4812.0
13183,20.38916015625,218.69873046875,4811.0
13184,20.38916015625,218.69970703125,4809.5
13185,20.38916015625,218.70068359375,4808.5
13186,20.38916015625,218.70166015625,4807.0
13187,20.38916015625,218.70263671875003,4805.0
13188,20.38916015625,218.70361328125,4803.0
13189,20.38916015625,218.70458984375,4801.0
13190,20.38916015625,218.70556640625003,4799.5
13191,20.38916015625,218.70654296875003,4805.0
13192,20.38916015625,218.70751953125,4804.5
13193,20.38916015625,218.70849609375,4803.5
13194,20.38916015625,218.70947265625,4802.0
13195,20.38916015625,218.71044921875,4800.5
13196,20.38916015625,218.71142578125,4801.5
13197,20.38916015625,218.71240234375,4802.5
13198,20.38916015625,218.71337890625,4803.5
13199,20.38916015625,218.71435546875,4804.5
13200,20.38916015625,218.71533203125003,4805.5
13201,20.38916015625,218.71630859375003,4806.0
13202,20.38916015625,218.71728515625,4806.5
13203,20.38916015625,218.71826171875,4806.5
13204,20.38916015625,218.71923828125,4807.0
13205,20.38916015625,218.72021484375,4806.5
13206,20.38916015625,218.72119140625,4806.5
13207,20.38916015625,218.72216796875,4806.0
13208,20.38916015625,218.72314453125,4805.5
13209,20.389160156250007,218.72412109375,4807.0
13210,20.38916015625,218.72509765625003,4809.0
13211,20.38916015625,218.72607421875,4810.5
13212,20.38916015625,218.72705078125,4812.5
13213,20.38916015625,218.72802734375003,4815.5
13214,20.38916015625,218.72900390624997,4817.5
13215,20.38916015625,218.72998046875,4820.5
13216,20.38916015625,218.73095703125,4823.0
13217,20.38916015625,218.73193359375,4825.5
13218,20.38916015625,218.73291015625,4828.5
13219,20.38916015625,218.73388671875,4831.0
13220,20.38916015625,218.73486328125,4833.0
13221,20.38916015625,218.73583984375,4835.5
13222,20.38916015625,218.73681640625,4838.0
13223,20.38916015625,218.73779296874997,4840.5
13224,20.38916015625,218.73876953125,4843.0
13225,20.38916015625,218.73974609375,4845.0
13226,20.38916015625,218.74072265625,4847.0
13227,20.38916015625,218.74169921875,4848.0
13228,20.38916015625,218.74267578125,4849.0
13229,20.38916015625,218.74365234375,4850.5
13230,20.38916015625,218.74462890625,4852.0
