OID,Latitude (N),Longitude (E),Blended LRO/LOLA and SELENE/Kaguya DEM
1,25.936523437499996,116.44824218750003,323.5
2,25.936523437500004,116.45019531249997,323.5
3,25.936523437499996,116.45214843749997,323.0
4,25.936523437499996,116.45410156250003,321.5
5,25.936523437499996,116.4560546875,317.5
6,25.936523437499996,116.45800781249997,317.5
7,25.936523437499996,116.4599609375,312.5
8,25.936523437499996,116.4619140625,312.0
9,25.936523437499996,116.4638671875,306.0
10,25.936523437499996,116.46582031250003,304.5
11,25.936523437499996,116.4677734375,300.0
12,25.936523437499996,116.4697265625,294.0
13,25.936523437499996,116.47167968749997,290.0
14,25.936523437499996,116.47363281250003,283.5
15,25.936523437499996,116.47558593750003,276.5
16,25.936523437499996,116.47753906249997,270.0
17,25.936523437499996,116.4794921875,265.5
18,25.936523437499996,116.4814453125,262.0
19,25.936523437499996,116.4833984375,259.5
20,25.936523437499996,116.48535156250003,254.0
21,25.936523437499996,116.4873046875,243.0
22,25.936523437499996,116.4892578125,228.0
23,25.936523437500004,116.4912109375,233.0
24,25.936523437500004,116.49316406250003,244.5
25,25.936523437499996,116.49511718749997,254.5
26,25.936523437500004,116.49707031249997,253.5
27,25.936523437499996,116.4990234375,247.0
28,25.934570312500004,116.44824218750003,322.0
29,25.934570312500004,116.45019531249997,321.5
30,25.934570312500004,116.45214843749997,321.0
31,25.934570312500004,116.45410156250003,319.5
32,25.934570312500004,116.4560546875,314.5
33,25.934570312500004,116.45800781249997,313.5
34,25.934570312500004,116.4599609375,310.5
35,25.934570312500004,116.4619140625,310.0
36,25.934570312500004,116.4638671875,303.5
37,25.934570312500004,116.46582031250003,301.0
38,25.934570312500004,116.4677734375,299.0
39,25.934570312500004,116.4697265625,294.5
40,25.934570312500004,116.47167968749997,291.5
41,25.934570312500004,116.47363281250003,285.5
42,25.934570312500004,116.47558593750003,279.0
43,25.934570312500004,116.47753906249997,276.0
44,25.934570312500004,116.4794921875,269.5
45,25.934570312500004,116.4814453125,267.0
46,25.934570312500004,116.4833984375,263.5
47,25.934570312500004,116.48535156250003,259.5
48,25.934570312500004,116.4873046875,255.0
49,25.934570312500004,116.4892578125,249.5
50,25.934570312500004,116.4912109375,251.0
51,25.934570312500004,116.49316406250003,255.5
52,25.934570312500004,116.49511718749997,259.5
53,25.934570312500004,116.49707031249997,255.0
54,25.934570312500004,116.4990234375,249.5
55,25.9326171875,116.44824218750003,321.0
56,25.9326171875,116.45019531249997,320.0
57,25.9326171875,116.45214843749997,319.0
58,25.9326171875,116.45410156250003,318.0
59,25.9326171875,116.4560546875,314.0
60,25.9326171875,116.45800781249997,312.0
61,25.9326171875,116.4599609375,309.5
62,25.9326171875,116.4619140625,308.5
63,25.9326171875,116.4638671875,300.0
64,25.9326171875,116.46582031250003,298.0
65,25.9326171875,116.4677734375,298.0
66,25.9326171875,116.4697265625,294.0
67,25.9326171875,116.47167968749997,292.5
68,25.9326171875,116.47363281250003,288.0
69,25.9326171875,116.47558593750003,282.0
70,25.9326171875,116.47753906249997,282.0
71,25.9326171875,116.4794921875,274.0
72,25.9326171875,116.4814453125,269.5
73,25.9326171875,116.4833984375,268.5
74,25.9326171875,116.48535156250003,267.0
75,25.9326171875,116.4873046875,264.0
76,25.9326171875,116.4892578125,263.0
77,25.9326171875,116.4912109375,264.0
78,25.9326171875,116.49316406250003,263.5
79,25.9326171875,116.49511718749997,262.5
80,25.9326171875,116.49707031249997,257.5
81,25.9326171875,116.4990234375,253.0
82,25.930664062499996,116.44824218750003,319.0
83,25.930664062499996,116.45019531249997,318.5
84,25.930664062499996,116.45214843749997,315.0
85,25.930664062499996,116.45410156250003,312.0
86,25.930664062499996,116.4560546875,310.5
87,25.930664062499996,116.45800781249997,307.5
88,25.930664062499996,116.4599609375,306.5
89,25.930664062499996,116.4619140625,303.5
90,25.930664062499996,116.4638671875,295.5
91,25.930664062499996,116.46582031250003,294.0
92,25.930664062499996,116.4677734375,292.5
93,25.930664062499996,116.4697265625,289.5
94,25.930664062499996,116.47167968749997,289.0
95,25.930664062499996,116.47363281250003,286.5
96,25.930664062499996,116.47558593750003,283.0
97,25.930664062499996,116.47753906249997,282.5
98,25.930664062499996,116.4794921875,277.0
99,25.930664062499996,116.4814453125,273.5
100,25.930664062499996,116.4833984375,270.5
101,25.930664062499996,116.48535156250003,269.0
102,25.930664062499996,116.4873046875,268.0
103,25.930664062499996,116.4892578125,265.0
104,25.930664062499996,116.4912109375,266.5
105,25.930664062499996,116.49316406250003,265.5
106,25.930664062499996,116.49511718749997,264.5
107,25.930664062499996,116.49707031249997,260.5
108,25.930664062499996,116.4990234375,255.5
109,25.9287109375,116.44824218750003,317.5
110,25.9287109375,116.45019531249997,315.0
111,25.9287109375,116.45214843749997,311.5
112,25.9287109375,116.45410156250003,309.0
113,25.9287109375,116.4560546875,305.5
114,25.9287109375,116.45800781249997,301.0
115,25.9287109375,116.4599609375,304.0
116,25.9287109375,116.4619140625,298.0
117,25.9287109375,116.4638671875,291.5
118,25.9287109375,116.46582031250003,290.5
119,25.9287109375,116.4677734375,288.0
120,25.9287109375,116.4697265625,286.5
121,25.9287109375,116.47167968749997,286.0
122,25.9287109375,116.47363281250003,284.0
123,25.9287109375,116.47558593750003,282.0
124,25.9287109375,116.47753906249997,283.5
125,25.9287109375,116.4794921875,279.5
126,25.9287109375,116.4814453125,277.5
127,25.9287109375,116.4833984375,274.0
128,25.9287109375,116.48535156250003,271.5
129,25.9287109375,116.4873046875,271.5
130,25.9287109375,116.4892578125,264.0
131,25.9287109375,116.4912109375,266.0
132,25.9287109375,116.49316406250003,265.5
133,25.9287109375,116.49511718749997,264.5
134,25.9287109375,116.49707031249997,261.0
135,25.9287109375,116.4990234375,255.0
136,25.926757812499996,116.44824218750003,314.5
137,25.926757812499996,116.45019531249997,312.0
138,25.926757812499996,116.45214843749997,311.0
139,25.926757812499996,116.45410156250003,309.0
140,25.9267578125,116.4560546875,302.5
141,25.926757812499996,116.45800781249997,300.5
142,25.926757812499996,116.4599609375,302.0
143,25.926757812499996,116.4619140625,294.0
144,25.926757812499996,116.4638671875,287.5
145,25.926757812499996,116.46582031250003,285.5
146,25.926757812499996,116.4677734375,283.5
147,25.926757812499996,116.4697265625,282.5
148,25.9267578125,116.47167968749997,282.5
149,25.926757812499996,116.47363281250003,281.5
150,25.926757812499996,116.47558593750003,280.0
151,25.926757812499996,116.47753906249997,281.5
152,25.926757812499996,116.4794921875,278.0
153,25.926757812499996,116.4814453125,275.5
154,25.926757812499996,116.4833984375,274.5
155,25.926757812499996,116.48535156250003,272.0
156,25.926757812499996,116.4873046875,270.5
157,25.9267578125,116.4892578125,264.5
158,25.926757812499996,116.4912109375,266.0
159,25.9267578125,116.49316406250003,265.0
160,25.9267578125,116.49511718749997,262.0
161,25.926757812499996,116.49707031249997,259.5
162,25.926757812499996,116.4990234375,256.0
163,25.924804687499993,116.44824218750003,311.0
164,25.924804687499993,116.45019531249997,307.5
165,25.924804687499993,116.45214843749997,307.0
166,25.924804687499993,116.45410156250003,305.5
167,25.924804687499993,116.4560546875,297.0
168,25.924804687499993,116.45800781249997,296.5
169,25.924804687499993,116.4599609375,295.5
170,25.924804687499993,116.4619140625,290.5
171,25.924804687499993,116.4638671875,283.5
172,25.924804687499993,116.46582031250003,281.0
173,25.924804687499993,116.4677734375,279.0
174,25.924804687499993,116.4697265625,277.5
175,25.924804687499993,116.47167968749997,276.0
176,25.924804687499993,116.47363281250003,277.0
177,25.924804687499993,116.47558593750003,277.0
178,25.924804687499993,116.47753906249997,277.0
179,25.924804687499993,116.4794921875,274.5
180,25.924804687499993,116.4814453125,272.5
181,25.924804687499993,116.4833984375,273.5
182,25.924804687499993,116.48535156250003,270.0
183,25.924804687499993,116.4873046875,266.5
184,25.924804687499993,116.4892578125,263.5
185,25.924804687499993,116.4912109375,265.0
186,25.924804687499993,116.49316406250003,262.0
187,25.924804687499993,116.49511718749997,258.0
188,25.924804687499993,116.49707031249997,257.0
189,25.924804687499993,116.4990234375,256.5
190,25.922851562499996,116.44824218750003,306.0
191,25.922851562499996,116.45019531249997,303.5
192,25.922851562499996,116.45214843749997,304.5
193,25.922851562499996,116.45410156250003,303.0
194,25.922851562499996,116.4560546875,294.5
195,25.922851562499996,116.45800781249997,292.0
196,25.922851562499996,116.4599609375,289.0
197,25.922851562499996,116.4619140625,285.5
198,25.922851562499996,116.4638671875,279.0
199,25.922851562499996,116.46582031250003,276.5
200,25.922851562499996,116.4677734375,274.0
201,25.922851562499996,116.4697265625,273.5
202,25.922851562499996,116.47167968749997,270.0
203,25.922851562499996,116.47363281250003,270.0
204,25.922851562499996,116.47558593750003,272.5
205,25.922851562499996,116.47753906249997,274.0
206,25.922851562499996,116.4794921875,273.0
207,25.922851562499996,116.4814453125,269.5
208,25.922851562499996,116.4833984375,268.5
209,25.922851562499996,116.48535156250003,265.5
210,25.922851562499996,116.4873046875,262.5
211,25.922851562499996,116.4892578125,259.0
212,25.922851562499996,116.4912109375,259.5
213,25.922851562499996,116.49316406250003,255.0
214,25.922851562499996,116.49511718749997,252.5
215,25.922851562499996,116.49707031249997,253.5
216,25.922851562499996,116.4990234375,253.5
217,25.920898437499996,116.44824218750003,304.0
218,25.920898437499996,116.45019531249997,303.5
219,25.920898437499996,116.45214843749997,302.0
220,25.920898437499996,116.45410156250003,298.5
221,25.920898437499996,116.4560546875,289.5
222,25.920898437499996,116.45800781249997,288.5
223,25.920898437499996,116.4599609375,285.0
224,25.920898437499996,116.4619140625,279.5
225,25.920898437499996,116.4638671875,274.0
226,25.920898437499996,116.46582031250003,270.0
227,25.9208984375,116.4677734375,266.5
228,25.920898437499996,116.4697265625,269.5
229,25.920898437499996,116.47167968749997,266.5
230,25.920898437499996,116.47363281250003,266.0
231,25.920898437499996,116.47558593750003,265.0
232,25.920898437499996,116.47753906249997,269.5
233,25.920898437499996,116.4794921875,271.0
234,25.920898437499996,116.4814453125,268.5
235,25.920898437499996,116.4833984375,264.5
236,25.920898437499996,116.48535156250003,262.0
237,25.9208984375,116.4873046875,257.0
238,25.9208984375,116.4892578125,251.5
239,25.9208984375,116.4912109375,252.5
240,25.9208984375,116.49316406250003,249.5
241,25.9208984375,116.49511718749997,249.0
242,25.9208984375,116.49707031249997,250.0
243,25.920898437499996,116.4990234375,251.0
244,25.918945312499993,116.44824218750003,302.5
245,25.918945312499993,116.45019531249997,301.5
246,25.918945312499993,116.45214843749997,298.5
247,25.9189453125,116.45410156250003,295.0
248,25.918945312499993,116.4560546875,284.5
249,25.918945312499993,116.45800781249997,284.0
250,25.918945312499993,116.4599609375,284.0
251,25.918945312499993,116.4619140625,275.0
252,25.918945312499993,116.4638671875,267.5
253,25.918945312499993,116.46582031250003,265.0
254,25.9189453125,116.4677734375,263.5
255,25.918945312499993,116.4697265625,263.5
256,25.9189453125,116.47167968749997,262.0
257,25.918945312499993,116.47363281250003,263.5
258,25.918945312499993,116.47558593750003,260.0
259,25.918945312499993,116.47753906249997,263.0
260,25.9189453125,116.4794921875,264.0
261,25.918945312499993,116.4814453125,263.5
262,25.918945312499993,116.4833984375,261.0
263,25.918945312499993,116.48535156250003,258.5
264,25.918945312499993,116.4873046875,252.0
265,25.918945312499993,116.4892578125,241.5
266,25.9189453125,116.4912109375,246.0
267,25.918945312499993,116.49316406250003,245.5
268,25.9189453125,116.49511718749997,247.0
269,25.918945312499993,116.49707031249997,248.0
270,25.918945312499993,116.4990234375,251.0
271,25.916992187499996,116.44824218750003,300.0
272,25.916992187500004,116.45019531249997,296.5
273,25.916992187499996,116.45214843749997,293.5
274,25.916992187499996,116.45410156250003,289.5
275,25.916992187499996,116.4560546875,281.5
276,25.916992187499996,116.45800781249997,278.0
277,25.916992187499996,116.4599609375,280.0
278,25.916992187499996,116.4619140625,274.5
279,25.916992187499996,116.4638671875,263.5
280,25.916992187500004,116.46582031250003,262.0
281,25.916992187500004,116.4677734375,260.5
282,25.916992187499996,116.4697265625,258.5
283,25.916992187500004,116.47167968749997,256.5
284,25.916992187499996,116.47363281250003,257.5
285,25.916992187499996,116.47558593750003,256.0
286,25.916992187500004,116.47753906249997,258.5
287,25.916992187500004,116.4794921875,258.0
288,25.916992187499996,116.4814453125,256.5
289,25.916992187499996,116.4833984375,254.5
290,25.916992187499996,116.48535156250003,253.0
291,25.916992187499996,116.4873046875,248.5
292,25.916992187500004,116.4892578125,238.0
293,25.916992187500004,116.4912109375,238.0
294,25.916992187500004,116.49316406250003,243.0
295,25.916992187499996,116.49511718749997,245.0
296,25.916992187499996,116.49707031249997,247.5
297,25.916992187499996,116.4990234375,250.0
298,25.915039062499996,116.44824218750003,294.5
299,25.9150390625,116.45019531249997,292.5
300,25.915039062499996,116.45214843749997,289.5
301,25.915039062499996,116.45410156250003,283.5
302,25.915039062499996,116.4560546875,276.5
303,25.915039062499996,116.45800781249997,273.5
304,25.915039062499996,116.4599609375,273.0
305,25.915039062499996,116.4619140625,271.0
306,25.915039062499996,116.4638671875,260.5
307,25.915039062499996,116.46582031250003,258.0
308,25.915039062499996,116.4677734375,253.0
309,25.915039062499996,116.4697265625,253.0
310,25.9150390625,116.47167968749997,254.0
311,25.915039062499996,116.47363281250003,254.0
312,25.915039062499996,116.47558593750003,252.0
313,25.915039062499996,116.47753906249997,256.0
314,25.915039062499996,116.4794921875,254.5
315,25.915039062499996,116.4814453125,252.5
316,25.915039062499996,116.4833984375,250.5
317,25.915039062499996,116.48535156250003,248.0
318,25.915039062499996,116.4873046875,246.5
319,25.915039062499996,116.4892578125,239.5
320,25.915039062499996,116.4912109375,238.0
321,25.9150390625,116.49316406250003,241.5
322,25.9150390625,116.49511718749997,245.0
323,25.915039062499996,116.49707031249997,248.0
324,25.915039062499996,116.4990234375,249.5
325,25.913085937499996,116.44824218750003,292.5
326,25.913085937499996,116.45019531249997,290.5
327,25.913085937499996,116.45214843749997,287.0
328,25.913085937499996,116.45410156250003,280.5
329,25.913085937499996,116.4560546875,273.0
330,25.913085937499996,116.45800781249997,271.0
331,25.913085937499996,116.4599609375,267.5
332,25.913085937499996,116.4619140625,265.5
333,25.913085937499996,116.4638671875,258.0
334,25.913085937499996,116.46582031250003,255.5
335,25.913085937499996,116.4677734375,250.0
336,25.913085937499996,116.4697265625,250.0
337,25.913085937499996,116.47167968749997,251.0
338,25.913085937499996,116.47363281250003,251.5
339,25.913085937499996,116.47558593750003,251.0
340,25.913085937499996,116.47753906249997,254.5
341,25.913085937499996,116.4794921875,250.5
342,25.913085937499996,116.4814453125,248.0
343,25.913085937499996,116.4833984375,245.5
344,25.913085937499996,116.48535156250003,242.0
345,25.913085937499996,116.4873046875,241.5
346,25.913085937499996,116.4892578125,237.0
347,25.913085937499996,116.4912109375,237.0
348,25.913085937499996,116.49316406250003,243.0
349,25.913085937499996,116.49511718749997,247.5
350,25.913085937499996,116.49707031249997,249.5
351,25.913085937499996,116.4990234375,251.5
352,25.911132812499993,116.44824218750003,293.5
353,25.911132812500004,116.45019531249997,289.0
354,25.911132812499993,116.45214843749997,284.0
355,25.911132812499993,116.45410156250003,280.0
356,25.911132812499993,116.4560546875,267.5
357,25.911132812499993,116.45800781249997,266.0
358,25.911132812499993,116.4599609375,262.0
359,25.911132812499993,116.4619140625,260.0
360,25.911132812499993,116.4638671875,255.0
361,25.911132812499993,116.46582031250003,252.0
362,25.911132812500004,116.4677734375,250.0
363,25.911132812500004,116.4697265625,248.5
364,25.911132812499993,116.47167968749997,248.5
365,25.911132812499993,116.47363281250003,250.0
366,25.911132812499993,116.47558593750003,247.0
367,25.911132812499993,116.47753906249997,250.5
368,25.911132812499993,116.4794921875,245.0
369,25.911132812500004,116.4814453125,241.0
370,25.911132812499993,116.4833984375,236.5
371,25.911132812499993,116.48535156250003,233.5
372,25.911132812499993,116.4873046875,235.0
373,25.911132812499993,116.4892578125,232.5
374,25.911132812499993,116.4912109375,235.0
375,25.911132812500004,116.49316406250003,243.0
376,25.911132812499993,116.49511718749997,247.5
377,25.911132812499993,116.49707031249997,250.0
378,25.911132812499993,116.4990234375,254.5
379,25.909179687499996,116.44824218750003,292.5
380,25.9091796875,116.45019531249997,287.0
381,25.909179687499996,116.45214843749997,281.5
382,25.909179687499996,116.45410156250003,277.0
383,25.909179687499996,116.4560546875,266.0
384,25.909179687499996,116.45800781249997,263.0
385,25.909179687499996,116.4599609375,258.5
386,25.909179687499996,116.4619140625,256.0
387,25.909179687499996,116.4638671875,252.0
388,25.909179687499996,116.46582031250003,250.5
389,25.909179687499996,116.4677734375,250.0
390,25.909179687499996,116.4697265625,250.0
391,25.909179687499996,116.47167968749997,250.5
392,25.909179687499996,116.47363281250003,250.5
393,25.909179687499996,116.47558593750003,244.0
394,25.909179687499996,116.47753906249997,247.0
395,25.909179687499996,116.4794921875,240.5
396,25.909179687499996,116.4814453125,233.5
397,25.909179687499996,116.4833984375,229.5
398,25.909179687499996,116.48535156250003,228.0
399,25.909179687499996,116.4873046875,229.5
400,25.909179687499996,116.4892578125,235.5
401,25.909179687499996,116.4912109375,233.0
402,25.9091796875,116.49316406250003,245.5
403,25.9091796875,116.49511718749997,248.0
404,25.909179687499996,116.49707031249997,252.0
405,25.909179687499996,116.4990234375,258.0
406,25.907226562499996,116.44824218750003,288.5
407,25.907226562499996,116.45019531249997,284.5
408,25.907226562499996,116.45214843749997,279.5
409,25.907226562499996,116.45410156250003,272.5
410,25.907226562499996,116.4560546875,263.0
411,25.907226562499996,116.45800781249997,260.0
412,25.907226562499996,116.4599609375,257.5
413,25.907226562499996,116.4619140625,255.5
414,25.907226562499996,116.4638671875,250.0
415,25.907226562499996,116.46582031250003,248.0
416,25.907226562499996,116.4677734375,250.5
417,25.9072265625,116.4697265625,250.0
418,25.9072265625,116.47167968749997,250.5
419,25.907226562499996,116.47363281250003,247.5
420,25.907226562499996,116.47558593750003,241.5
421,25.907226562499996,116.47753906249997,241.0
422,25.907226562499996,116.4794921875,234.5
423,25.907226562499996,116.4814453125,228.0
424,25.907226562499996,116.4833984375,226.0
425,25.907226562499996,116.48535156250003,227.0
426,25.907226562499996,116.4873046875,229.5
427,25.907226562499996,116.4892578125,237.0
428,25.9072265625,116.4912109375,235.5
429,25.907226562499996,116.49316406250003,248.0
430,25.9072265625,116.49511718749997,251.5
431,25.907226562499996,116.49707031249997,256.0
432,25.907226562499996,116.4990234375,261.0
433,25.9052734375,116.44824218750003,288.0
434,25.905273437500004,116.45019531249997,283.5
435,25.9052734375,116.45214843749997,278.0
436,25.9052734375,116.45410156250003,267.5
437,25.9052734375,116.4560546875,255.5
438,25.9052734375,116.45800781249997,252.5
439,25.9052734375,116.4599609375,251.0
440,25.9052734375,116.4619140625,251.0
441,25.9052734375,116.4638671875,248.0
442,25.9052734375,116.46582031250003,245.5
443,25.9052734375,116.4677734375,248.5
444,25.9052734375,116.4697265625,246.5
445,25.9052734375,116.47167968749997,244.0
446,25.9052734375,116.47363281250003,240.5
447,25.9052734375,116.47558593750003,234.0
448,25.9052734375,116.47753906249997,232.0
449,25.9052734375,116.4794921875,230.0
450,25.9052734375,116.4814453125,228.5
451,25.9052734375,116.4833984375,230.5
452,25.9052734375,116.48535156250003,232.0
453,25.9052734375,116.4873046875,236.0
454,25.9052734375,116.4892578125,242.0
455,25.9052734375,116.4912109375,241.0
456,25.9052734375,116.49316406250003,251.5
457,25.9052734375,116.49511718749997,256.5
458,25.9052734375,116.49707031249997,260.5
459,25.9052734375,116.4990234375,264.5
460,25.903320312499996,116.44824218750003,287.0
461,25.903320312499996,116.45019531249997,281.5
462,25.903320312499996,116.45214843749997,275.0
463,25.903320312499996,116.45410156250003,265.0
464,25.903320312499996,116.4560546875,251.0
465,25.903320312499996,116.45800781249997,246.5
466,25.903320312499996,116.4599609375,248.5
467,25.903320312499996,116.4619140625,246.0
468,25.903320312499996,116.4638671875,241.0
469,25.903320312499996,116.46582031250003,237.5
470,25.903320312499996,116.4677734375,240.5
471,25.903320312499996,116.4697265625,239.0
472,25.903320312499996,116.47167968749997,236.5
473,25.903320312499996,116.47363281250003,227.5
474,25.903320312499996,116.47558593750003,225.5
475,25.903320312499996,116.47753906249997,229.5
476,25.903320312499996,116.4794921875,232.5
477,25.903320312499996,116.4814453125,233.5
478,25.903320312499996,116.4833984375,238.5
479,25.903320312499996,116.48535156250003,241.0
480,25.903320312499996,116.4873046875,244.0
481,25.903320312499996,116.4892578125,249.0
482,25.903320312499996,116.4912109375,243.5
483,25.903320312499996,116.49316406250003,256.5
484,25.903320312499996,116.49511718749997,261.0
485,25.903320312499996,116.49707031249997,263.5
486,25.903320312499996,116.4990234375,267.5
487,25.901367187499996,116.44824218750003,282.5
488,25.901367187499996,116.45019531249997,277.0
489,25.901367187499996,116.45214843749997,271.5
490,25.901367187499996,116.45410156250003,264.0
491,25.901367187499996,116.4560546875,252.0
492,25.901367187499996,116.45800781249997,248.5
493,25.901367187499996,116.4599609375,251.0
494,25.901367187499996,116.4619140625,247.0
495,25.901367187499996,116.4638671875,236.5
496,25.901367187499996,116.46582031250003,232.5
497,25.901367187499996,116.4677734375,232.5
498,25.901367187499996,116.4697265625,231.5
499,25.901367187499996,116.47167968749997,230.0
500,25.901367187499996,116.47363281250003,225.5
501,25.901367187499996,116.47558593750003,225.0
502,25.901367187499996,116.47753906249997,233.5
503,25.901367187499996,116.4794921875,239.5
504,25.901367187499996,116.4814453125,242.5
505,25.901367187499996,116.4833984375,248.5
506,25.901367187499996,116.48535156250003,252.0
507,25.901367187499996,116.4873046875,252.5
508,25.901367187499996,116.4892578125,255.5
509,25.901367187499996,116.4912109375,255.5
510,25.901367187499996,116.49316406250003,261.0
511,25.901367187499996,116.49511718749997,265.0
512,25.901367187499996,116.49707031249997,266.5
513,25.901367187499996,116.4990234375,270.5
514,25.899414062499993,116.44824218750003,276.5
515,25.8994140625,116.45019531249997,272.0
516,25.899414062499993,116.45214843749997,268.5
517,25.899414062499993,116.45410156250003,262.0
518,25.899414062499993,116.4560546875,254.0
519,25.8994140625,116.45800781249997,250.0
520,25.899414062499993,116.4599609375,246.5
521,25.899414062499993,116.4619140625,246.0
522,25.899414062499993,116.4638671875,238.5
523,25.899414062499993,116.46582031250003,235.0
524,25.899414062499993,116.4677734375,231.0
525,25.899414062499993,116.4697265625,230.0
526,25.8994140625,116.47167968749997,227.0
527,25.899414062499993,116.47363281250003,226.0
528,25.899414062499993,116.47558593750003,229.5
529,25.899414062499993,116.47753906249997,240.0
530,25.899414062499993,116.4794921875,243.5
531,25.899414062499993,116.4814453125,247.5
532,25.899414062499993,116.4833984375,251.5
533,25.899414062499993,116.48535156250003,256.0
534,25.8994140625,116.4873046875,261.0
535,25.899414062499993,116.4892578125,261.5
536,25.899414062499993,116.4912109375,264.5
537,25.899414062499993,116.49316406250003,267.5
538,25.899414062499993,116.49511718749997,270.0
539,25.899414062499993,116.49707031249997,272.0
540,25.899414062499993,116.4990234375,276.5
541,25.897460937499996,116.44824218750003,270.5
542,25.897460937499996,116.45019531249997,266.0
543,25.897460937499996,116.45214843749997,264.5
544,25.897460937500007,116.45410156250003,258.0
545,25.897460937499996,116.4560546875,250.0
546,25.897460937499996,116.45800781249997,247.5
547,25.897460937499996,116.4599609375,243.5
548,25.897460937499996,116.4619140625,243.0
549,25.897460937499996,116.4638671875,239.0
550,25.897460937499996,116.46582031250003,238.0
551,25.897460937499996,116.4677734375,235.5
552,25.897460937499996,116.4697265625,232.5
553,25.897460937499996,116.47167968749997,231.5
554,25.897460937499996,116.47363281250003,231.5
555,25.897460937499996,116.47558593750003,235.5
556,25.897460937499996,116.47753906249997,246.5
557,25.897460937499996,116.4794921875,245.0
558,25.897460937499996,116.4814453125,248.5
559,25.897460937499996,116.4833984375,251.5
560,25.897460937499996,116.48535156250003,257.0
561,25.897460937499996,116.4873046875,264.0
562,25.897460937499996,116.4892578125,264.5
563,25.897460937499996,116.4912109375,265.0
564,25.897460937499996,116.49316406250003,271.0
565,25.897460937500007,116.49511718749997,273.5
566,25.897460937499996,116.49707031249997,276.0
567,25.897460937499996,116.4990234375,278.0
568,25.895507812499996,116.44824218750003,267.5
569,25.895507812499996,116.45019531249997,262.5
570,25.895507812499996,116.45214843749997,258.0
571,25.895507812499996,116.45410156250003,253.0
572,25.895507812499996,116.4560546875,247.5
573,25.895507812499996,116.45800781249997,244.0
574,25.895507812499996,116.4599609375,242.5
575,25.895507812499996,116.4619140625,239.5
576,25.895507812499996,116.4638671875,237.0
577,25.895507812499996,116.46582031250003,236.0
578,25.895507812499996,116.4677734375,234.5
579,25.895507812499996,116.4697265625,235.0
580,25.895507812499996,116.47167968749997,237.5
581,25.895507812499996,116.47363281250003,238.5
582,25.895507812499996,116.47558593750003,241.0
583,25.895507812499996,116.47753906249997,250.0
584,25.895507812499996,116.4794921875,247.0
585,25.895507812499996,116.4814453125,251.5
586,25.895507812499996,116.4833984375,256.0
587,25.895507812499996,116.48535156250003,262.0
588,25.895507812499996,116.4873046875,265.5
589,25.895507812499996,116.4892578125,266.0
590,25.895507812499996,116.4912109375,263.5
591,25.895507812499996,116.49316406250003,269.0
592,25.895507812499996,116.49511718749997,276.5
593,25.895507812499996,116.49707031249997,278.5
594,25.895507812499996,116.4990234375,278.5
595,25.89355468749999,116.44824218750003,265.0
596,25.893554687499996,116.45019531249997,260.5
597,25.89355468749999,116.45214843749997,254.0
598,25.89355468749999,116.45410156250003,250.5
599,25.893554687499996,116.4560546875,242.0
600,25.89355468749999,116.45800781249997,239.0
601,25.89355468749999,116.4599609375,238.0
602,25.89355468749999,116.4619140625,237.5
603,25.89355468749999,116.4638671875,231.5
604,25.89355468749999,116.46582031250003,229.0
605,25.89355468749999,116.4677734375,230.5
606,25.893554687499996,116.4697265625,233.5
607,25.893554687499996,116.47167968749997,240.0
608,25.89355468749999,116.47363281250003,242.5
609,25.89355468749999,116.47558593750003,245.0
610,25.89355468749999,116.47753906249997,249.5
611,25.89355468749999,116.4794921875,250.5
612,25.893554687499996,116.4814453125,256.0
613,25.89355468749999,116.4833984375,258.5
614,25.89355468749999,116.48535156250003,265.5
615,25.89355468749999,116.4873046875,268.5
616,25.893554687499996,116.4892578125,256.5
617,25.893554687499996,116.4912109375,252.0
618,25.89355468749999,116.49316406250003,266.5
619,25.89355468749999,116.49511718749997,277.5
620,25.89355468749999,116.49707031249997,281.0
621,25.89355468749999,116.4990234375,277.5
622,25.891601562499996,116.44824218750003,263.5
623,25.891601562499996,116.45019531249997,258.0
624,25.891601562499996,116.45214843749997,252.0
625,25.891601562500004,116.45410156250003,249.5
626,25.891601562499996,116.4560546875,238.5
627,25.891601562499996,116.45800781249997,236.5
628,25.891601562499996,116.4599609375,233.5
629,25.891601562499996,116.4619140625,237.0
630,25.891601562499996,116.4638671875,231.0
631,25.891601562499996,116.46582031250003,229.0
632,25.891601562499996,116.4677734375,231.5
633,25.891601562499996,116.4697265625,235.5
634,25.891601562500004,116.47167968749997,243.5
635,25.891601562500004,116.47363281250003,245.5
636,25.891601562499996,116.47558593750003,246.0
637,25.891601562499996,116.47753906249997,249.5
638,25.891601562499996,116.4794921875,249.5
639,25.891601562499996,116.4814453125,255.0
640,25.891601562499996,116.4833984375,258.5
641,25.891601562499996,116.48535156250003,264.0
642,25.891601562499996,116.4873046875,269.5
643,25.891601562500004,116.4892578125,263.5
644,25.891601562499996,116.4912109375,268.0
645,25.891601562500004,116.49316406250003,274.0
646,25.891601562500004,116.49511718749997,278.0
647,25.891601562499996,116.49707031249997,280.5
648,25.891601562499996,116.4990234375,278.5
649,25.889648437499996,116.44824218750003,265.5
650,25.889648437499996,116.45019531249997,258.0
651,25.889648437499996,116.45214843749997,251.5
652,25.889648437499996,116.45410156250003,248.0
653,25.889648437499996,116.4560546875,241.0
654,25.889648437499996,116.45800781249997,236.5
655,25.889648437499996,116.4599609375,233.5
656,25.889648437499996,116.4619140625,235.5
657,25.889648437499996,116.4638671875,236.0
658,25.889648437499996,116.46582031250003,234.5
659,25.889648437499996,116.4677734375,236.5
660,25.889648437499996,116.4697265625,241.0
661,25.889648437499996,116.47167968749997,246.5
662,25.889648437499996,116.47363281250003,243.5
663,25.889648437499996,116.47558593750003,243.0
664,25.889648437499996,116.47753906249997,247.5
665,25.889648437499996,116.4794921875,248.0
666,25.889648437499996,116.4814453125,253.5
667,25.889648437499996,116.4833984375,257.5
668,25.889648437499996,116.48535156250003,262.5
669,25.889648437499996,116.4873046875,269.5
670,25.889648437499996,116.4892578125,275.0
671,25.889648437499996,116.4912109375,277.5
672,25.889648437499996,116.49316406250003,285.0
673,25.889648437499996,116.49511718749997,281.5
674,25.889648437499996,116.49707031249997,279.5
675,25.889648437499996,116.4990234375,279.0
676,25.887695312499996,116.44824218750003,268.5
677,25.887695312499996,116.45019531249997,260.0
678,25.887695312499996,116.45214843749997,255.0
679,25.887695312499996,116.45410156250003,250.5
680,25.887695312499996,116.4560546875,243.5
681,25.887695312499996,116.45800781249997,237.0
682,25.887695312499996,116.4599609375,237.5
683,25.887695312499996,116.4619140625,236.5
684,25.887695312499996,116.4638671875,237.5
685,25.887695312499996,116.46582031250003,238.0
686,25.887695312499996,116.4677734375,242.5
687,25.887695312499996,116.4697265625,246.0
688,25.887695312499996,116.47167968749997,249.0
689,25.887695312499996,116.47363281250003,247.0
690,25.887695312499996,116.47558593750003,245.0
691,25.887695312499996,116.47753906249997,247.0
692,25.887695312499996,116.4794921875,248.0
693,25.887695312499996,116.4814453125,252.0
694,25.887695312499996,116.4833984375,257.0
695,25.887695312499996,116.48535156250003,263.5
696,25.887695312499996,116.4873046875,270.0
697,25.887695312499996,116.4892578125,276.5
698,25.887695312499996,116.4912109375,279.5
699,25.887695312499996,116.49316406250003,284.0
700,25.887695312499996,116.49511718749997,282.5
701,25.887695312499996,116.49707031249997,278.5
702,25.887695312499996,116.4990234375,275.0
703,25.8857421875,116.44824218750003,269.0
704,25.8857421875,116.45019531249997,262.5
705,25.8857421875,116.45214843749997,258.0
706,25.8857421875,116.45410156250003,251.0
707,25.8857421875,116.4560546875,245.0
708,25.8857421875,116.45800781249997,238.5
709,25.8857421875,116.4599609375,241.0
710,25.8857421875,116.4619140625,241.5
711,25.8857421875,116.4638671875,238.0
712,25.8857421875,116.46582031250003,239.0
713,25.885742187500004,116.4677734375,248.0
714,25.8857421875,116.4697265625,250.5
715,25.8857421875,116.47167968749997,251.5
716,25.8857421875,116.47363281250003,252.5
717,25.8857421875,116.47558593750003,250.0
718,25.8857421875,116.47753906249997,252.5
719,25.8857421875,116.4794921875,251.0
720,25.8857421875,116.4814453125,251.5
721,25.8857421875,116.4833984375,256.0
722,25.8857421875,116.48535156250003,262.5
723,25.8857421875,116.4873046875,266.5
724,25.8857421875,116.4892578125,268.5
725,25.885742187500004,116.4912109375,272.5
726,25.8857421875,116.49316406250003,276.5
727,25.885742187500004,116.49511718749997,280.5
728,25.8857421875,116.49707031249997,279.5
729,25.8857421875,116.4990234375,274.5
730,25.883789062499996,116.44824218750003,271.5
731,25.883789062500004,116.45019531249997,265.5
732,25.883789062499996,116.45214843749997,257.5
733,25.883789062499996,116.45410156250003,250.5
734,25.883789062500004,116.4560546875,246.5
735,25.883789062499996,116.45800781249997,241.5
736,25.883789062499996,116.4599609375,241.0
737,25.883789062499996,116.4619140625,245.5
738,25.883789062499996,116.4638671875,243.0
739,25.883789062499996,116.46582031250003,242.5
740,25.883789062499996,116.4677734375,250.5
741,25.883789062499996,116.4697265625,252.5
742,25.883789062499996,116.47167968749997,252.0
743,25.883789062499996,116.47363281250003,254.0
744,25.883789062499996,116.47558593750003,252.5
745,25.883789062499996,116.47753906249997,253.5
746,25.883789062499996,116.4794921875,252.5
747,25.883789062499996,116.4814453125,253.0
748,25.883789062499996,116.4833984375,255.5
749,25.883789062499996,116.48535156250003,260.5
750,25.883789062499996,116.4873046875,259.5
751,25.883789062499996,116.4892578125,254.0
752,25.883789062499996,116.4912109375,250.0
753,25.883789062499996,116.49316406250003,268.0
754,25.883789062499996,116.49511718749997,277.5
755,25.883789062499996,116.49707031249997,281.0
756,25.883789062499996,116.4990234375,276.0
757,25.881835937499996,116.44824218750003,273.5
758,25.881835937499996,116.45019531249997,266.5
759,25.881835937499996,116.45214843749997,258.0
760,25.881835937499996,116.45410156250003,254.0
761,25.881835937499996,116.4560546875,253.5
762,25.881835937499996,116.45800781249997,248.0
763,25.881835937499996,116.4599609375,249.5
764,25.881835937499996,116.4619140625,251.0
765,25.881835937499996,116.4638671875,248.0
766,25.881835937499996,116.46582031250003,248.5
767,25.881835937499996,116.4677734375,255.0
768,25.881835937499996,116.4697265625,256.0
769,25.881835937499996,116.47167968749997,255.0
770,25.881835937499996,116.47363281250003,256.0
771,25.881835937499996,116.47558593750003,254.5
772,25.881835937499996,116.47753906249997,253.5
773,25.881835937499996,116.4794921875,252.0
774,25.881835937499996,116.4814453125,251.5
775,25.881835937499996,116.4833984375,254.5
776,25.881835937499996,116.48535156250003,259.0
777,25.881835937499996,116.4873046875,260.0
778,25.881835937499996,116.4892578125,253.0
779,25.881835937499996,116.4912109375,237.5
780,25.881835937499996,116.49316406250003,265.5
781,25.881835937499996,116.49511718749997,278.5
782,25.881835937499996,116.49707031249997,281.5
783,25.881835937499996,116.4990234375,277.0
784,25.8798828125,116.44824218750003,274.0
785,25.8798828125,116.45019531249997,268.0
786,25.8798828125,116.45214843749997,262.0
787,25.8798828125,116.45410156250003,260.0
788,25.8798828125,116.4560546875,261.0
789,25.8798828125,116.45800781249997,256.5
790,25.8798828125,116.4599609375,256.5
791,25.8798828125,116.4619140625,256.5
792,25.8798828125,116.4638671875,255.5
793,25.8798828125,116.46582031250003,255.0
794,25.8798828125,116.4677734375,261.5
795,25.8798828125,116.4697265625,259.5
796,25.8798828125,116.47167968749997,258.0
797,25.8798828125,116.47363281250003,260.0
798,25.8798828125,116.47558593750003,256.0
799,25.8798828125,116.47753906249997,253.5
800,25.8798828125,116.4794921875,251.0
801,25.8798828125,116.4814453125,251.0
802,25.8798828125,116.4833984375,254.5
803,25.8798828125,116.48535156250003,258.5
804,25.8798828125,116.4873046875,264.5
805,25.8798828125,116.4892578125,264.0
806,25.879882812500004,116.4912109375,258.5
807,25.8798828125,116.49316406250003,273.5
808,25.8798828125,116.49511718749997,281.5
809,25.8798828125,116.49707031249997,280.0
810,25.8798828125,116.4990234375,274.5
811,25.877929687499993,116.44824218750003,274.5
812,25.877929687499993,116.45019531249997,271.0
813,25.877929687499993,116.45214843749997,268.5
814,25.877929687499993,116.45410156250003,268.0
815,25.877929687499993,116.4560546875,267.5
816,25.877929687499993,116.45800781249997,264.5
817,25.877929687499993,116.4599609375,263.0
818,25.877929687499993,116.4619140625,263.0
819,25.877929687499993,116.4638671875,262.0
820,25.877929687499993,116.46582031250003,262.0
821,25.877929687499996,116.4677734375,264.0
822,25.877929687499993,116.4697265625,262.5
823,25.877929687499996,116.47167968749997,260.5
824,25.877929687499993,116.47363281250003,262.5
825,25.877929687499993,116.47558593750003,260.0
826,25.877929687499993,116.47753906249997,255.5
827,25.877929687499993,116.4794921875,253.5
828,25.877929687499993,116.4814453125,253.5
829,25.877929687499993,116.4833984375,256.0
830,25.877929687499993,116.48535156250003,258.5
831,25.877929687499993,116.4873046875,265.0
832,25.877929687499993,116.4892578125,272.0
833,25.877929687499996,116.4912109375,274.5
834,25.877929687499996,116.49316406250003,280.0
835,25.877929687499993,116.49511718749997,281.5
836,25.877929687499993,116.49707031249997,277.5
837,25.877929687499993,116.4990234375,272.0
838,25.875976562499993,116.44824218750003,279.0
839,25.875976562499993,116.45019531249997,278.0
840,25.875976562499993,116.45214843749997,277.0
841,25.875976562499993,116.45410156250003,275.5
842,25.875976562499993,116.4560546875,273.0
843,25.875976562499993,116.45800781249997,270.5
844,25.875976562499993,116.4599609375,270.0
845,25.875976562499993,116.4619140625,271.0
846,25.875976562499993,116.4638671875,269.5
847,25.875976562499993,116.46582031250003,268.5
848,25.875976562499993,116.4677734375,267.5
849,25.875976562499993,116.4697265625,265.5
850,25.875976562499996,116.47167968749997,261.5
851,25.875976562499993,116.47363281250003,260.0
852,25.875976562499993,116.47558593750003,263.5
853,25.875976562499993,116.47753906249997,260.0
854,25.875976562499993,116.4794921875,258.0
855,25.875976562499993,116.4814453125,257.0
856,25.875976562499993,116.4833984375,258.0
857,25.875976562499993,116.48535156250003,260.0
858,25.875976562499993,116.4873046875,265.0
859,25.875976562499993,116.4892578125,274.0
860,25.875976562499993,116.4912109375,275.0
861,25.875976562499993,116.49316406250003,278.0
862,25.875976562499993,116.49511718749997,279.5
863,25.875976562499993,116.49707031249997,277.5
864,25.875976562499993,116.4990234375,273.5
865,25.8740234375,116.44824218750003,285.0
866,25.8740234375,116.45019531249997,286.0
867,25.8740234375,116.45214843749997,287.0
868,25.8740234375,116.45410156250003,283.0
869,25.8740234375,116.4560546875,278.0
870,25.8740234375,116.45800781249997,276.5
871,25.8740234375,116.4599609375,276.0
872,25.8740234375,116.4619140625,278.0
873,25.8740234375,116.4638671875,274.5
874,25.8740234375,116.46582031250003,274.0
875,25.8740234375,116.4677734375,273.0
876,25.8740234375,116.4697265625,269.5
877,25.8740234375,116.47167968749997,266.0
878,25.8740234375,116.47363281250003,259.0
879,25.8740234375,116.47558593750003,264.5
880,25.8740234375,116.47753906249997,265.0
881,25.8740234375,116.4794921875,262.5
882,25.8740234375,116.4814453125,262.5
883,25.8740234375,116.4833984375,262.5
884,25.8740234375,116.48535156250003,265.5
885,25.8740234375,116.4873046875,268.5
886,25.8740234375,116.4892578125,275.5
887,25.8740234375,116.4912109375,275.0
888,25.8740234375,116.49316406250003,278.5
889,25.8740234375,116.49511718749997,280.0
890,25.8740234375,116.49707031249997,278.0
891,25.8740234375,116.4990234375,277.0
892,25.8720703125,116.44824218750003,291.0
893,25.8720703125,116.45019531249997,292.5
894,25.8720703125,116.45214843749997,292.0
895,25.8720703125,116.45410156250003,289.0
896,25.8720703125,116.4560546875,285.5
897,25.8720703125,116.45800781249997,281.0
898,25.8720703125,116.4599609375,282.0
899,25.8720703125,116.4619140625,284.0
900,25.8720703125,116.4638671875,281.0
901,25.8720703125,116.46582031250003,280.0
902,25.8720703125,116.4677734375,278.0
903,25.8720703125,116.4697265625,272.5
904,25.8720703125,116.47167968749997,268.5
905,25.8720703125,116.47363281250003,262.5
906,25.8720703125,116.47558593750003,265.5
907,25.8720703125,116.47753906249997,267.0
908,25.8720703125,116.4794921875,267.0
909,25.8720703125,116.4814453125,268.0
910,25.8720703125,116.4833984375,268.5
911,25.8720703125,116.48535156250003,270.5
912,25.8720703125,116.4873046875,273.5
913,25.8720703125,116.4892578125,278.0
914,25.8720703125,116.4912109375,276.0
915,25.872070312500004,116.49316406250003,280.5
916,25.8720703125,116.49511718749997,281.5
917,25.8720703125,116.49707031249997,278.5
918,25.8720703125,116.4990234375,276.0
919,25.870117187499996,116.44824218750003,294.0
920,25.870117187499993,116.45019531249997,294.5
921,25.870117187499993,116.45214843749997,293.0
922,25.870117187499993,116.45410156250003,293.5
923,25.870117187499993,116.4560546875,293.5
924,25.870117187499993,116.45800781249997,290.0
925,25.870117187499993,116.4599609375,289.0
926,25.870117187499993,116.4619140625,289.5
927,25.870117187499993,116.4638671875,285.5
928,25.870117187499993,116.46582031250003,286.0
929,25.870117187499996,116.4677734375,281.0
930,25.870117187499996,116.4697265625,275.0
931,25.870117187499996,116.47167968749997,269.0
932,25.870117187499993,116.47363281250003,265.5
933,25.870117187499993,116.47558593750003,265.0
934,25.870117187499996,116.47753906249997,264.5
935,25.870117187499993,116.4794921875,266.0
936,25.870117187499996,116.4814453125,269.0
937,25.870117187499993,116.4833984375,270.5
938,25.870117187499993,116.48535156250003,271.0
939,25.870117187499993,116.4873046875,274.0
940,25.870117187499993,116.4892578125,276.5
941,25.870117187499996,116.4912109375,278.5
942,25.870117187499996,116.49316406250003,283.5
943,25.870117187499993,116.49511718749997,283.5
944,25.870117187499993,116.49707031249997,279.5
945,25.870117187499993,116.4990234375,274.0
946,25.868164062499993,116.44824218750003,289.5
947,25.868164062499996,116.45019531249997,291.0
948,25.868164062499993,116.45214843749997,293.5
949,25.868164062499993,116.45410156250003,297.5
950,25.868164062499996,116.4560546875,299.0
951,25.868164062499993,116.45800781249997,300.0
952,25.868164062499993,116.4599609375,296.5
953,25.868164062499996,116.4619140625,294.5
954,25.868164062499993,116.4638671875,291.5
955,25.868164062499993,116.46582031250003,292.0
956,25.868164062499996,116.4677734375,283.5
957,25.868164062499993,116.4697265625,277.5
958,25.868164062499993,116.47167968749997,270.5
959,25.868164062499993,116.47363281250003,263.5
960,25.868164062499993,116.47558593750003,261.0
961,25.868164062499993,116.47753906249997,260.0
962,25.868164062499996,116.4794921875,264.0
963,25.868164062499993,116.4814453125,268.5
964,25.868164062499993,116.4833984375,269.0
965,25.868164062499993,116.48535156250003,271.5
966,25.868164062499993,116.4873046875,274.0
967,25.868164062499993,116.4892578125,276.5
968,25.868164062499996,116.4912109375,281.5
969,25.868164062499996,116.49316406250003,285.5
970,25.868164062499996,116.49511718749997,284.0
971,25.868164062499996,116.49707031249997,279.0
972,25.868164062499996,116.4990234375,271.5
973,25.866210937499993,116.44824218750003,279.0
974,25.8662109375,116.45019531249997,284.0
975,25.866210937499993,116.45214843749997,290.0
976,25.866210937499993,116.45410156250003,297.0
977,25.8662109375,116.4560546875,302.0
978,25.866210937499993,116.45800781249997,307.0
979,25.8662109375,116.4599609375,305.0
980,25.866210937499993,116.4619140625,301.0
981,25.8662109375,116.4638671875,296.0
982,25.8662109375,116.46582031250003,295.5
983,25.8662109375,116.4677734375,285.5
984,25.866210937499993,116.4697265625,280.0
985,25.8662109375,116.47167968749997,273.5
986,25.866210937499993,116.47363281250003,264.5
987,25.8662109375,116.47558593750003,259.5
988,25.866210937499993,116.47753906249997,257.0
989,25.8662109375,116.4794921875,260.5
990,25.866210937499993,116.4814453125,266.5
991,25.866210937499993,116.4833984375,270.5
992,25.866210937499993,116.48535156250003,272.5
993,25.8662109375,116.4873046875,274.0
994,25.8662109375,116.4892578125,277.0
995,25.8662109375,116.4912109375,281.0
996,25.8662109375,116.49316406250003,284.5
997,25.8662109375,116.49511718749997,282.0
998,25.8662109375,116.49707031249997,276.5
999,25.866210937499993,116.4990234375,268.0
1000,25.864257812499996,116.44824218750003,265.0
1001,25.864257812499996,116.45019531249997,273.0
1002,25.864257812499996,116.45214843749997,284.5
1003,25.864257812499996,116.45410156250003,295.0
1004,25.864257812499996,116.4560546875,302.5
1005,25.864257812499996,116.45800781249997,312.5
1006,25.864257812499996,116.4599609375,311.5
1007,25.864257812499996,116.4619140625,306.0
1008,25.864257812499996,116.4638671875,301.5
1009,25.864257812499996,116.46582031250003,299.5
1010,25.864257812500004,116.4677734375,288.5
1011,25.864257812500004,116.4697265625,281.0
1012,25.864257812500004,116.47167968749997,274.5
1013,25.864257812499996,116.47363281250003,265.0
1014,25.864257812499996,116.47558593750003,259.0
1015,25.864257812499996,116.47753906249997,254.5
1016,25.864257812499996,116.4794921875,256.5
1017,25.864257812499996,116.4814453125,262.5
1018,25.864257812499996,116.4833984375,269.5
1019,25.864257812499996,116.48535156250003,271.0
1020,25.864257812499996,116.4873046875,271.5
1021,25.864257812499996,116.4892578125,276.5
1022,25.864257812500004,116.4912109375,281.0
1023,25.864257812500004,116.49316406250003,281.0
1024,25.864257812500004,116.49511718749997,281.0
1025,25.864257812499996,116.49707031249997,275.0
1026,25.864257812499996,116.4990234375,265.0
1027,25.862304687499993,116.44824218750003,250.0
1028,25.862304687499993,116.45019531249997,262.5
1029,25.862304687499993,116.45214843749997,277.5
1030,25.862304687499993,116.45410156250003,293.0
1031,25.862304687499993,116.4560546875,305.0
1032,25.862304687499993,116.45800781249997,317.0
1033,25.862304687499993,116.4599609375,315.5
1034,25.862304687499993,116.4619140625,311.0
1035,25.862304687499993,116.4638671875,306.0
1036,25.862304687499993,116.46582031250003,304.0
1037,25.862304687499993,116.4677734375,294.0
1038,25.862304687499996,116.4697265625,282.0
1039,25.862304687499993,116.47167968749997,275.5
1040,25.862304687499993,116.47363281250003,267.0
1041,25.862304687499993,116.47558593750003,261.0
1042,25.862304687499993,116.47753906249997,256.5
1043,25.862304687499993,116.4794921875,257.0
1044,25.862304687499993,116.4814453125,260.5
1045,25.862304687499993,116.4833984375,264.0
1046,25.862304687499993,116.48535156250003,268.0
1047,25.862304687499993,116.4873046875,271.0
1048,25.862304687499993,116.4892578125,277.0
1049,25.862304687499996,116.4912109375,279.5
1050,25.862304687499993,116.49316406250003,279.0
1051,25.862304687499993,116.49511718749997,279.5
1052,25.862304687499993,116.49707031249997,272.0
1053,25.862304687499993,116.4990234375,260.0
1054,25.8603515625,116.44824218750003,242.5
1055,25.8603515625,116.45019531249997,255.5
1056,25.8603515625,116.45214843749997,273.5
1057,25.8603515625,116.45410156250003,290.5
1058,25.8603515625,116.4560546875,307.5
1059,25.8603515625,116.45800781249997,319.5
1060,25.8603515625,116.4599609375,320.0
1061,25.8603515625,116.4619140625,316.0
1062,25.8603515625,116.4638671875,311.5
1063,25.8603515625,116.46582031250003,307.5
1064,25.860351562500004,116.4677734375,298.5
1065,25.8603515625,116.4697265625,286.0
1066,25.8603515625,116.47167968749997,279.0
1067,25.8603515625,116.47363281250003,268.0
1068,25.8603515625,116.47558593750003,264.0
1069,25.8603515625,116.47753906249997,258.5
1070,25.8603515625,116.4794921875,255.5
1071,25.8603515625,116.4814453125,259.5
1072,25.8603515625,116.4833984375,262.5
1073,25.8603515625,116.48535156250003,266.5
1074,25.8603515625,116.4873046875,271.0
1075,25.8603515625,116.4892578125,274.5
1076,25.860351562500004,116.4912109375,275.5
1077,25.860351562500004,116.49316406250003,276.0
1078,25.8603515625,116.49511718749997,274.5
1079,25.8603515625,116.49707031249997,268.0
1080,25.8603515625,116.4990234375,255.5
1081,25.858398437499996,116.44824218750003,253.5
1082,25.858398437499996,116.45019531249997,262.0
1083,25.858398437499996,116.45214843749997,278.0
1084,25.858398437499996,116.45410156250003,292.5
1085,25.858398437499996,116.4560546875,311.5
1086,25.858398437499996,116.45800781249997,323.5
1087,25.858398437499996,116.4599609375,324.0
1088,25.858398437499996,116.4619140625,321.5
1089,25.858398437499996,116.4638671875,315.0
1090,25.858398437499996,116.46582031250003,311.5
1091,25.858398437499996,116.4677734375,300.0
1092,25.858398437499996,116.4697265625,290.0
1093,25.858398437499996,116.47167968749997,282.0
1094,25.858398437499996,116.47363281250003,269.0
1095,25.858398437499996,116.47558593750003,266.0
1096,25.858398437499996,116.47753906249997,259.5
1097,25.858398437499996,116.4794921875,257.5
1098,25.858398437499996,116.4814453125,259.0
1099,25.858398437499996,116.4833984375,261.5
1100,25.858398437499996,116.48535156250003,266.0
1101,25.858398437499996,116.4873046875,269.5
1102,25.858398437499996,116.4892578125,269.5
1103,25.858398437499996,116.4912109375,267.0
1104,25.858398437499996,116.49316406250003,270.0
1105,25.858398437499996,116.49511718749997,270.5
1106,25.858398437499996,116.49707031249997,266.0
1107,25.858398437499996,116.4990234375,254.5
1108,25.856445312499993,116.44824218750003,272.5
1109,25.856445312499993,116.45019531249997,278.5
1110,25.856445312499993,116.45214843749997,290.0
1111,25.856445312499993,116.45410156250003,304.5
1112,25.856445312499993,116.4560546875,320.0
1113,25.856445312499993,116.45800781249997,328.5
1114,25.856445312499993,116.4599609375,327.0
1115,25.856445312499993,116.4619140625,323.5
1116,25.856445312499993,116.4638671875,316.0
1117,25.856445312499993,116.46582031250003,312.5
1118,25.856445312499993,116.4677734375,302.5
1119,25.856445312499993,116.4697265625,293.5
1120,25.856445312499993,116.47167968749997,282.5
1121,25.856445312499993,116.47363281250003,272.5
1122,25.856445312499993,116.47558593750003,267.5
1123,25.856445312499993,116.47753906249997,263.0
1124,25.856445312499993,116.4794921875,262.0
1125,25.856445312499993,116.4814453125,259.5
1126,25.856445312499993,116.4833984375,259.0
1127,25.856445312499993,116.48535156250003,262.5
1128,25.856445312499993,116.4873046875,268.0
1129,25.856445312499993,116.4892578125,268.5
1130,25.856445312499993,116.4912109375,263.5
1131,25.856445312499993,116.49316406250003,267.5
1132,25.856445312499993,116.49511718749997,267.0
1133,25.856445312499993,116.49707031249997,263.5
1134,25.856445312499993,116.4990234375,254.0
1135,25.8544921875,116.44824218750003,291.0
1136,25.8544921875,116.45019531249997,296.5
1137,25.8544921875,116.45214843749997,305.0
1138,25.8544921875,116.45410156250003,317.0
1139,25.8544921875,116.4560546875,328.0
1140,25.8544921875,116.45800781249997,331.5
1141,25.8544921875,116.4599609375,329.5
1142,25.8544921875,116.4619140625,325.0
1143,25.8544921875,116.4638671875,317.5
1144,25.8544921875,116.46582031250003,314.0
1145,25.8544921875,116.4677734375,301.5
1146,25.8544921875,116.4697265625,293.0
1147,25.8544921875,116.47167968749997,282.5
1148,25.8544921875,116.47363281250003,275.0
1149,25.8544921875,116.47558593750003,267.0
1150,25.8544921875,116.47753906249997,263.0
1151,25.8544921875,116.4794921875,261.5
1152,25.8544921875,116.4814453125,258.0
1153,25.8544921875,116.4833984375,255.0
1154,25.8544921875,116.48535156250003,258.0
1155,25.8544921875,116.4873046875,266.0
1156,25.8544921875,116.4892578125,271.5
1157,25.8544921875,116.4912109375,270.5
1158,25.8544921875,116.49316406250003,270.5
1159,25.8544921875,116.49511718749997,266.5
1160,25.8544921875,116.49707031249997,261.0
1161,25.8544921875,116.4990234375,251.5
1162,25.8525390625,116.44824218750003,310.5
1163,25.8525390625,116.45019531249997,314.0
1164,25.8525390625,116.45214843749997,320.5
1165,25.8525390625,116.45410156250003,328.5
1166,25.8525390625,116.4560546875,332.5
1167,25.8525390625,116.45800781249997,333.0
1168,25.8525390625,116.4599609375,331.5
1169,25.8525390625,116.4619140625,324.5
1170,25.8525390625,116.4638671875,317.5
1171,25.8525390625,116.46582031250003,311.0
1172,25.8525390625,116.4677734375,297.0
1173,25.8525390625,116.4697265625,290.5
1174,25.8525390625,116.47167968749997,284.5
1175,25.8525390625,116.47363281250003,276.0
1176,25.8525390625,116.47558593750003,270.0
1177,25.8525390625,116.47753906249997,263.0
1178,25.8525390625,116.4794921875,257.0
1179,25.8525390625,116.4814453125,251.5
1180,25.8525390625,116.4833984375,250.0
1181,25.8525390625,116.48535156250003,254.5
1182,25.8525390625,116.4873046875,262.0
1183,25.852539062500004,116.4892578125,267.5
1184,25.8525390625,116.4912109375,272.5
1185,25.8525390625,116.49316406250003,270.5
1186,25.8525390625,116.49511718749997,267.5
1187,25.8525390625,116.49707031249997,260.0
1188,25.8525390625,116.4990234375,249.0
1189,25.850585937499996,116.44824218750003,326.0
1190,25.850585937499996,116.45019531249997,327.5
1191,25.850585937499993,116.45214843749997,330.5
1192,25.850585937499996,116.45410156250003,332.5
1193,25.850585937499996,116.4560546875,332.0
1194,25.850585937499996,116.45800781249997,333.5
1195,25.850585937499993,116.4599609375,331.0
1196,25.850585937499993,116.4619140625,320.5
1197,25.850585937499993,116.4638671875,316.5
1198,25.850585937499993,116.46582031250003,308.5
1199,25.850585937499996,116.4677734375,295.0
1200,25.850585937499996,116.4697265625,287.5
1201,25.850585937499996,116.47167968749997,283.0
1202,25.850585937499993,116.47363281250003,276.5
1203,25.850585937499993,116.47558593750003,270.0
1204,25.850585937499996,116.47753906249997,262.5
1205,25.850585937499996,116.4794921875,251.5
1206,25.850585937499996,116.4814453125,247.0
1207,25.850585937499996,116.4833984375,250.0
1208,25.850585937499993,116.48535156250003,253.0
1209,25.850585937499996,116.4873046875,259.0
1210,25.850585937499996,116.4892578125,265.5
1211,25.850585937499993,116.4912109375,270.5
1212,25.850585937499996,116.49316406250003,269.5
1213,25.850585937499996,116.49511718749997,267.5
1214,25.850585937499993,116.49707031249997,259.0
1215,25.850585937499993,116.4990234375,249.0
1216,25.848632812499996,116.44824218750003,335.0
1217,25.848632812499996,116.45019531249997,337.0
1218,25.848632812499996,116.45214843749997,336.0
1219,25.848632812499996,116.45410156250003,335.0
1220,25.848632812499996,116.4560546875,332.5
1221,25.848632812499996,116.45800781249997,332.0
1222,25.848632812499996,116.4599609375,327.5
1223,25.848632812499996,116.4619140625,317.5
1224,25.848632812499996,116.4638671875,310.5
1225,25.848632812499996,116.46582031250003,304.5
1226,25.848632812499996,116.4677734375,291.5
1227,25.848632812499996,116.4697265625,283.0
1228,25.8486328125,116.47167968749997,276.0
1229,25.848632812499996,116.47363281250003,274.5
1230,25.848632812499996,116.47558593750003,267.0
1231,25.848632812499996,116.47753906249997,264.5
1232,25.848632812499996,116.4794921875,258.0
1233,25.848632812499996,116.4814453125,255.0
1234,25.848632812499996,116.4833984375,257.0
1235,25.848632812499996,116.48535156250003,258.0
1236,25.848632812499996,116.4873046875,263.0
1237,25.8486328125,116.4892578125,268.5
1238,25.8486328125,116.4912109375,272.5
1239,25.848632812499996,116.49316406250003,271.5
1240,25.848632812499996,116.49511718749997,268.5
1241,25.8486328125,116.49707031249997,260.0
1242,25.848632812499996,116.4990234375,251.5
1243,25.8466796875,116.44824218750003,341.0
1244,25.8466796875,116.45019531249997,342.0
1245,25.8466796875,116.45214843749997,341.0
1246,25.8466796875,116.45410156250003,338.5
1247,25.8466796875,116.4560546875,334.5
1248,25.8466796875,116.45800781249997,330.0
1249,25.8466796875,116.4599609375,326.0
1250,25.8466796875,116.4619140625,315.0
1251,25.8466796875,116.4638671875,308.0
1252,25.8466796875,116.46582031250003,300.5
1253,25.8466796875,116.4677734375,284.0
1254,25.8466796875,116.4697265625,275.0
1255,25.8466796875,116.47167968749997,269.0
1256,25.8466796875,116.47363281250003,268.5
1257,25.8466796875,116.47558593750003,264.0
1258,25.8466796875,116.47753906249997,263.5
1259,25.8466796875,116.4794921875,262.0
1260,25.8466796875,116.4814453125,259.0
1261,25.8466796875,116.4833984375,261.5
1262,25.8466796875,116.48535156250003,264.5
1263,25.8466796875,116.4873046875,269.0
1264,25.8466796875,116.4892578125,272.5
1265,25.8466796875,116.4912109375,277.0
1266,25.8466796875,116.49316406250003,273.0
1267,25.8466796875,116.49511718749997,268.5
1268,25.8466796875,116.49707031249997,262.5
1269,25.8466796875,116.4990234375,254.5
1270,25.844726562499993,116.44824218750003,345.5
1271,25.844726562499993,116.45019531249997,343.5
1272,25.844726562499993,116.45214843749997,342.5
1273,25.844726562499993,116.45410156250003,340.5
1274,25.844726562499993,116.4560546875,336.5
1275,25.844726562499993,116.45800781249997,330.0
1276,25.844726562499993,116.4599609375,325.0
1277,25.844726562499993,116.4619140625,314.0
1278,25.844726562499993,116.4638671875,306.5
1279,25.844726562499993,116.46582031250003,298.0
1280,25.844726562499993,116.4677734375,279.0
1281,25.844726562499993,116.4697265625,270.0
1282,25.844726562499993,116.47167968749997,264.0
1283,25.844726562500004,116.47363281250003,260.5
1284,25.844726562499993,116.47558593750003,261.5
1285,25.844726562499993,116.47753906249997,262.0
1286,25.844726562499993,116.4794921875,261.0
1287,25.844726562499993,116.4814453125,261.5
1288,25.844726562499993,116.4833984375,266.5
1289,25.844726562499993,116.48535156250003,272.5
1290,25.844726562499993,116.4873046875,277.0
1291,25.844726562499993,116.4892578125,277.0
1292,25.844726562499993,116.4912109375,280.0
1293,25.844726562499993,116.49316406250003,274.0
1294,25.844726562499993,116.49511718749997,268.5
1295,25.844726562499993,116.49707031249997,264.5
1296,25.844726562499993,116.4990234375,258.0
1297,25.8427734375,116.44824218750003,348.0
1298,25.8427734375,116.45019531249997,345.0
1299,25.8427734375,116.45214843749997,341.0
1300,25.8427734375,116.45410156250003,338.0
1301,25.8427734375,116.4560546875,334.5
1302,25.8427734375,116.45800781249997,328.5
1303,25.8427734375,116.4599609375,325.0
1304,25.8427734375,116.4619140625,313.5
1305,25.8427734375,116.4638671875,306.5
1306,25.8427734375,116.46582031250003,292.0
1307,25.842773437500007,116.4677734375,280.5
1308,25.8427734375,116.4697265625,273.5
1309,25.8427734375,116.47167968749997,265.5
1310,25.8427734375,116.47363281250003,261.0
1311,25.8427734375,116.47558593750003,260.0
1312,25.8427734375,116.47753906249997,258.5
1313,25.8427734375,116.4794921875,259.5
1314,25.8427734375,116.4814453125,264.0
1315,25.8427734375,116.4833984375,271.0
1316,25.8427734375,116.48535156250003,277.5
1317,25.8427734375,116.4873046875,283.0
1318,25.8427734375,116.4892578125,282.0
1319,25.842773437500007,116.4912109375,278.0
1320,25.842773437500007,116.49316406250003,272.5
1321,25.842773437500007,116.49511718749997,265.0
1322,25.8427734375,116.49707031249997,262.0
1323,25.8427734375,116.4990234375,258.0
1324,25.840820312499996,116.44824218750003,349.0
1325,25.840820312499996,116.45019531249997,346.0
1326,25.840820312499996,116.45214843749997,340.5
1327,25.8408203125,116.45410156250003,336.5
1328,25.840820312499996,116.4560546875,332.5
1329,25.840820312499996,116.45800781249997,326.0
1330,25.840820312499996,116.4599609375,323.5
1331,25.840820312499996,116.4619140625,316.0
1332,25.840820312499996,116.4638671875,308.0
1333,25.840820312499996,116.46582031250003,293.5
1334,25.8408203125,116.4677734375,285.0
1335,25.8408203125,116.4697265625,281.0
1336,25.840820312499996,116.47167968749997,272.5
1337,25.840820312499996,116.47363281250003,265.5
1338,25.840820312499996,116.47558593750003,261.0
1339,25.840820312499996,116.47753906249997,257.5
1340,25.840820312499996,116.4794921875,259.5
1341,25.840820312499996,116.4814453125,265.0
1342,25.840820312499996,116.4833984375,272.5
1343,25.840820312499996,116.48535156250003,279.5
1344,25.840820312499996,116.4873046875,284.0
1345,25.840820312499996,116.4892578125,283.5
1346,25.8408203125,116.4912109375,274.0
1347,25.8408203125,116.49316406250003,268.5
1348,25.8408203125,116.49511718749997,258.0
1349,25.8408203125,116.49707031249997,252.5
1350,25.840820312499996,116.4990234375,248.0
1351,25.8388671875,116.44824218750003,349.0
1352,25.8388671875,116.45019531249997,345.5
1353,25.8388671875,116.45214843749997,340.0
1354,25.8388671875,116.45410156250003,335.0
1355,25.8388671875,116.4560546875,331.0
1356,25.8388671875,116.45800781249997,327.0
1357,25.8388671875,116.4599609375,325.0
1358,25.8388671875,116.4619140625,316.0
1359,25.8388671875,116.4638671875,307.5
1360,25.8388671875,116.46582031250003,295.0
1361,25.8388671875,116.4677734375,289.5
1362,25.8388671875,116.4697265625,286.0
1363,25.8388671875,116.47167968749997,278.5
1364,25.8388671875,116.47363281250003,269.5
1365,25.8388671875,116.47558593750003,265.5
1366,25.8388671875,116.47753906249997,262.5
1367,25.8388671875,116.4794921875,262.5
1368,25.8388671875,116.4814453125,267.5
1369,25.8388671875,116.4833984375,275.5
1370,25.8388671875,116.48535156250003,283.5
1371,25.8388671875,116.4873046875,290.0
1372,25.8388671875,116.4892578125,286.0
1373,25.8388671875,116.4912109375,272.0
1374,25.8388671875,116.49316406250003,262.5
1375,25.8388671875,116.49511718749997,252.0
1376,25.8388671875,116.49707031249997,244.5
1377,25.8388671875,116.4990234375,242.5
1378,25.83691406249999,116.44824218750003,347.0
1379,25.836914062499993,116.45019531249997,344.0
1380,25.83691406249999,116.45214843749997,339.5
1381,25.83691406249999,116.45410156250003,336.0
1382,25.83691406249999,116.4560546875,333.0
1383,25.83691406249999,116.45800781249997,331.0
1384,25.83691406249999,116.4599609375,329.5
1385,25.83691406249999,116.4619140625,317.5
1386,25.83691406249999,116.4638671875,312.5
1387,25.83691406249999,116.46582031250003,301.0
1388,25.836914062499993,116.4677734375,295.0
1389,25.83691406249999,116.4697265625,289.0
1390,25.836914062499993,116.47167968749997,282.5
1391,25.83691406249999,116.47363281250003,278.5
1392,25.83691406249999,116.47558593750003,271.5
1393,25.83691406249999,116.47753906249997,270.0
1394,25.83691406249999,116.4794921875,269.0
1395,25.836914062499993,116.4814453125,275.0
1396,25.83691406249999,116.4833984375,282.5
1397,25.83691406249999,116.48535156250003,289.5
1398,25.836914062499993,116.4873046875,296.0
1399,25.836914062499993,116.4892578125,290.0
1400,25.836914062499993,116.4912109375,276.0
1401,25.836914062499993,116.49316406250003,266.0
1402,25.836914062499993,116.49511718749997,256.5
1403,25.83691406249999,116.49707031249997,248.5
1404,25.83691406249999,116.4990234375,246.5
1405,25.8349609375,116.44824218750003,344.5
1406,25.8349609375,116.45019531249997,343.5
1407,25.8349609375,116.45214843749997,341.5
1408,25.8349609375,116.45410156250003,340.5
1409,25.8349609375,116.4560546875,340.0
1410,25.8349609375,116.45800781249997,335.5
1411,25.8349609375,116.4599609375,334.0
1412,25.8349609375,116.4619140625,325.5
1413,25.8349609375,116.4638671875,320.5
1414,25.8349609375,116.46582031250003,312.0
1415,25.8349609375,116.4677734375,305.0
1416,25.8349609375,116.4697265625,296.0
1417,25.8349609375,116.47167968749997,288.0
1418,25.8349609375,116.47363281250003,286.5
1419,25.8349609375,116.47558593750003,277.0
1420,25.8349609375,116.47753906249997,277.5
1421,25.8349609375,116.4794921875,277.5
1422,25.8349609375,116.4814453125,281.5
1423,25.8349609375,116.4833984375,287.0
1424,25.8349609375,116.48535156250003,291.5
1425,25.8349609375,116.4873046875,295.5
1426,25.8349609375,116.4892578125,294.0
1427,25.8349609375,116.4912109375,287.5
1428,25.8349609375,116.49316406250003,278.0
1429,25.8349609375,116.49511718749997,270.0
1430,25.8349609375,116.49707031249997,263.0
1431,25.8349609375,116.4990234375,260.0
1432,25.833007812499993,116.44824218750003,344.5
1433,25.833007812499993,116.45019531249997,343.0
1434,25.833007812499993,116.45214843749997,342.0
1435,25.8330078125,116.45410156250003,343.0
1436,25.833007812499993,116.4560546875,343.5
1437,25.833007812499993,116.45800781249997,338.5
1438,25.833007812499993,116.4599609375,336.5
1439,25.8330078125,116.4619140625,329.5
1440,25.833007812499993,116.4638671875,325.5
1441,25.833007812499993,116.46582031250003,318.0
1442,25.833007812499993,116.4677734375,311.0
1443,25.833007812499993,116.4697265625,302.0
1444,25.833007812499993,116.47167968749997,293.0
1445,25.8330078125,116.47363281250003,293.5
1446,25.833007812499993,116.47558593750003,284.0
1447,25.833007812499993,116.47753906249997,286.0
1448,25.833007812499993,116.4794921875,286.0
1449,25.833007812499993,116.4814453125,287.0
1450,25.833007812499993,116.4833984375,289.5
1451,25.833007812499993,116.48535156250003,292.5
1452,25.833007812499993,116.4873046875,297.5
1453,25.833007812499993,116.4892578125,300.5
1454,25.8330078125,116.4912109375,299.5
1455,25.8330078125,116.49316406250003,290.5
1456,25.8330078125,116.49511718749997,283.0
1457,25.833007812499993,116.49707031249997,277.5
1458,25.833007812499993,116.4990234375,273.5
1459,25.831054687499996,116.44824218750003,346.5
1460,25.831054687499996,116.45019531249997,345.0
1461,25.831054687499996,116.45214843749997,345.0
1462,25.831054687499996,116.45410156250003,347.0
1463,25.831054687499996,116.4560546875,345.5
1464,25.831054687499996,116.45800781249997,342.0
1465,25.831054687499996,116.4599609375,340.5
1466,25.831054687499996,116.4619140625,332.5
1467,25.831054687499996,116.4638671875,329.0
1468,25.831054687499996,116.46582031250003,320.0
1469,25.831054687499996,116.4677734375,313.0
1470,25.831054687499996,116.4697265625,308.0
1471,25.831054687499996,116.47167968749997,297.5
1472,25.831054687499996,116.47363281250003,294.0
1473,25.831054687499996,116.47558593750003,283.0
1474,25.831054687499996,116.47753906249997,290.0
1475,25.831054687499996,116.4794921875,292.5
1476,25.831054687499996,116.4814453125,295.0
1477,25.831054687499996,116.4833984375,296.5
1478,25.831054687499996,116.48535156250003,299.0
1479,25.831054687499996,116.4873046875,302.0
1480,25.831054687499996,116.4892578125,305.5
1481,25.831054687499996,116.4912109375,303.5
1482,25.831054687499996,116.49316406250003,298.0
1483,25.831054687499996,116.49511718749997,293.5
1484,25.831054687499996,116.49707031249997,286.0
1485,25.831054687499996,116.4990234375,281.0
1486,25.829101562499996,116.44824218750003,351.5
1487,25.829101562499996,116.45019531249997,350.0
1488,25.829101562499996,116.45214843749997,351.5
1489,25.829101562499996,116.45410156250003,352.0
1490,25.829101562499996,116.4560546875,349.0
1491,25.829101562499996,116.45800781249997,346.0
1492,25.829101562499996,116.4599609375,343.0
1493,25.829101562499996,116.4619140625,336.0
1494,25.829101562499996,116.4638671875,333.5
1495,25.829101562499996,116.46582031250003,325.5
1496,25.829101562499996,116.4677734375,319.0
1497,25.829101562499996,116.4697265625,314.5
1498,25.829101562499996,116.47167968749997,289.0
1499,25.829101562499996,116.47363281250003,285.5
1500,25.829101562499996,116.47558593750003,280.0
1501,25.829101562499996,116.47753906249997,293.0
1502,25.829101562499996,116.4794921875,300.0
1503,25.829101562499996,116.4814453125,304.0
1504,25.829101562499996,116.4833984375,306.0
1505,25.829101562499996,116.48535156250003,305.5
1506,25.829101562499996,116.4873046875,306.0
1507,25.8291015625,116.4892578125,309.0
1508,25.829101562499996,116.4912109375,308.5
1509,25.829101562499996,116.49316406250003,302.5
1510,25.829101562499996,116.49511718749997,299.5
1511,25.829101562499996,116.49707031249997,292.0
1512,25.829101562499996,116.4990234375,286.0
1513,25.827148437500004,116.44824218750003,357.5
1514,25.827148437500004,116.45019531249997,356.5
1515,25.8271484375,116.45214843749997,357.5
1516,25.8271484375,116.45410156250003,357.0
1517,25.8271484375,116.4560546875,354.5
1518,25.8271484375,116.45800781249997,350.5
1519,25.8271484375,116.4599609375,348.0
1520,25.8271484375,116.4619140625,340.5
1521,25.827148437500004,116.4638671875,337.0
1522,25.8271484375,116.46582031250003,328.5
1523,25.827148437500004,116.4677734375,323.0
1524,25.827148437500004,116.4697265625,316.5
1525,25.827148437500004,116.47167968749997,302.0
1526,25.8271484375,116.47363281250003,286.0
1527,25.8271484375,116.47558593750003,292.5
1528,25.8271484375,116.47753906249997,303.0
1529,25.8271484375,116.4794921875,308.5
1530,25.827148437500004,116.4814453125,311.0
1531,25.8271484375,116.4833984375,312.5
1532,25.8271484375,116.48535156250003,311.5
1533,25.8271484375,116.4873046875,310.5
1534,25.8271484375,116.4892578125,310.5
1535,25.8271484375,116.4912109375,311.0
1536,25.827148437500004,116.49316406250003,303.5
1537,25.8271484375,116.49511718749997,300.5
1538,25.8271484375,116.49707031249997,297.0
1539,25.8271484375,116.4990234375,290.5
1540,25.825195312499993,116.44824218750003,363.0
1541,25.825195312499993,116.45019531249997,362.5
1542,25.825195312499993,116.45214843749997,362.5
1543,25.825195312499996,116.45410156250003,361.5
1544,25.825195312499996,116.4560546875,358.5
1545,25.825195312499993,116.45800781249997,353.5
1546,25.825195312499993,116.4599609375,351.5
1547,25.825195312499993,116.4619140625,345.0
1548,25.825195312499993,116.4638671875,341.5
1549,25.825195312499993,116.46582031250003,331.5
1550,25.825195312499996,116.4677734375,325.5
1551,25.825195312499996,116.4697265625,319.5
1552,25.825195312499996,116.47167968749997,316.5
1553,25.825195312499996,116.47363281250003,302.0
1554,25.825195312499993,116.47558593750003,311.0
1555,25.825195312499993,116.47753906249997,317.5
1556,25.825195312499993,116.4794921875,318.5
1557,25.825195312499996,116.4814453125,318.0
1558,25.825195312499993,116.4833984375,319.0
1559,25.825195312499993,116.48535156250003,318.5
1560,25.825195312499993,116.4873046875,317.0
1561,25.825195312499993,116.4892578125,312.5
1562,25.825195312499996,116.4912109375,311.0
1563,25.825195312499993,116.49316406250003,305.0
1564,25.825195312499993,116.49511718749997,300.5
1565,25.825195312499993,116.49707031249997,299.0
1566,25.825195312499993,116.4990234375,293.5
1567,25.823242187499996,116.44824218750003,368.5
1568,25.823242187499996,116.45019531249997,366.5
1569,25.8232421875,116.45214843749997,364.5
1570,25.823242187499996,116.45410156250003,364.0
1571,25.8232421875,116.4560546875,362.5
1572,25.8232421875,116.45800781249997,356.0
1573,25.8232421875,116.4599609375,353.0
1574,25.823242187499996,116.4619140625,348.0
1575,25.8232421875,116.4638671875,344.0
1576,25.8232421875,116.46582031250003,336.5
1577,25.8232421875,116.4677734375,331.0
1578,25.823242187499996,116.4697265625,324.5
1579,25.8232421875,116.47167968749997,323.5
1580,25.8232421875,116.47363281250003,319.0
1581,25.8232421875,116.47558593750003,319.5
1582,25.823242187499996,116.47753906249997,319.5
1583,25.8232421875,116.4794921875,320.0
1584,25.8232421875,116.4814453125,320.0
1585,25.823242187499996,116.4833984375,322.5
1586,25.8232421875,116.48535156250003,324.0
1587,25.823242187499996,116.4873046875,322.0
1588,25.8232421875,116.4892578125,317.5
1589,25.8232421875,116.4912109375,308.5
1590,25.8232421875,116.49316406250003,307.5
1591,25.823242187499996,116.49511718749997,302.0
1592,25.823242187499996,116.49707031249997,299.0
1593,25.8232421875,116.4990234375,293.0
1594,25.821289062499996,116.44824218750003,373.0
1595,25.821289062499996,116.45019531249997,370.0
1596,25.821289062499996,116.45214843749997,366.5
1597,25.821289062499996,116.45410156250003,366.5
1598,25.8212890625,116.4560546875,365.0
1599,25.821289062499996,116.45800781249997,359.5
1600,25.8212890625,116.4599609375,356.0
1601,25.821289062499996,116.4619140625,350.0
1602,25.821289062499996,116.4638671875,347.0
1603,25.821289062499996,116.46582031250003,339.0
1604,25.821289062499996,116.4677734375,335.0
1605,25.821289062499996,116.4697265625,328.0
1606,25.8212890625,116.47167968749997,326.5
1607,25.821289062499996,116.47363281250003,325.0
1608,25.821289062499996,116.47558593750003,323.0
1609,25.821289062499996,116.47753906249997,320.0
1610,25.821289062499996,116.4794921875,320.0
1611,25.821289062499996,116.4814453125,322.0
1612,25.821289062499996,116.4833984375,324.0
1613,25.821289062499996,116.48535156250003,325.5
1614,25.821289062499996,116.4873046875,323.5
1615,25.8212890625,116.4892578125,319.0
1616,25.8212890625,116.4912109375,308.5
1617,25.8212890625,116.49316406250003,310.0
1618,25.821289062499996,116.49511718749997,305.0
1619,25.8212890625,116.49707031249997,299.0
1620,25.821289062499996,116.4990234375,292.5
1621,25.8193359375,116.44824218750003,376.0
1622,25.8193359375,116.45019531249997,373.5
1623,25.8193359375,116.45214843749997,370.5
1624,25.8193359375,116.45410156250003,366.5
1625,25.8193359375,116.4560546875,363.5
1626,25.8193359375,116.45800781249997,362.0
1627,25.8193359375,116.4599609375,358.5
1628,25.8193359375,116.4619140625,344.5
1629,25.8193359375,116.4638671875,345.5
1630,25.8193359375,116.46582031250003,342.0
1631,25.8193359375,116.4677734375,338.0
1632,25.8193359375,116.4697265625,332.5
1633,25.8193359375,116.47167968749997,327.0
1634,25.8193359375,116.47363281250003,326.5
1635,25.8193359375,116.47558593750003,324.0
1636,25.8193359375,116.47753906249997,323.0
1637,25.8193359375,116.4794921875,323.0
1638,25.8193359375,116.4814453125,325.0
1639,25.819335937499993,116.4833984375,326.5
1640,25.8193359375,116.48535156250003,327.5
1641,25.8193359375,116.4873046875,325.5
1642,25.8193359375,116.4892578125,322.5
1643,25.8193359375,116.4912109375,315.5
1644,25.8193359375,116.49316406250003,315.5
1645,25.819335937500004,116.49511718749997,312.0
1646,25.8193359375,116.49707031249997,302.0
1647,25.8193359375,116.4990234375,293.0
1648,25.8173828125,116.44824218750003,379.5
1649,25.8173828125,116.45019531249997,377.0
1650,25.8173828125,116.45214843749997,373.0
1651,25.8173828125,116.45410156250003,368.0
1652,25.8173828125,116.4560546875,362.0
1653,25.8173828125,116.45800781249997,360.0
1654,25.8173828125,116.4599609375,357.0
1655,25.8173828125,116.4619140625,351.0
1656,25.8173828125,116.4638671875,348.5
1657,25.8173828125,116.46582031250003,347.0
1658,25.8173828125,116.4677734375,341.5
1659,25.8173828125,116.4697265625,336.0
1660,25.8173828125,116.47167968749997,327.0
1661,25.8173828125,116.47363281250003,327.0
1662,25.8173828125,116.47558593750003,324.0
1663,25.8173828125,116.47753906249997,324.5
1664,25.8173828125,116.4794921875,325.0
1665,25.8173828125,116.4814453125,326.0
1666,25.8173828125,116.4833984375,327.5
1667,25.8173828125,116.48535156250003,329.5
1668,25.8173828125,116.4873046875,331.5
1669,25.8173828125,116.4892578125,328.0
1670,25.8173828125,116.4912109375,321.0
1671,25.8173828125,116.49316406250003,318.0
1672,25.8173828125,116.49511718749997,314.0
1673,25.8173828125,116.49707031249997,304.5
1674,25.8173828125,116.4990234375,294.5
1675,25.815429687499993,116.44824218750003,382.0
1676,25.815429687499993,116.45019531249997,379.0
1677,25.815429687499993,116.45214843749997,375.5
1678,25.815429687499993,116.45410156250003,372.5
1679,25.815429687499993,116.4560546875,367.0
1680,25.815429687499993,116.45800781249997,361.0
1681,25.815429687499993,116.4599609375,359.5
1682,25.815429687499993,116.4619140625,354.5
1683,25.815429687499993,116.4638671875,351.0
1684,25.815429687499993,116.46582031250003,347.5
1685,25.815429687499993,116.4677734375,342.5
1686,25.815429687499993,116.4697265625,335.5
1687,25.815429687499993,116.47167968749997,331.5
1688,25.815429687499993,116.47363281250003,330.5
1689,25.815429687499993,116.47558593750003,323.5
1690,25.815429687499993,116.47753906249997,323.5
1691,25.815429687499993,116.4794921875,324.5
1692,25.815429687499993,116.4814453125,324.5
1693,25.815429687499993,116.4833984375,326.0
1694,25.815429687499993,116.48535156250003,330.0
1695,25.815429687499993,116.4873046875,332.5
1696,25.815429687499993,116.4892578125,330.0
1697,25.8154296875,116.4912109375,320.5
1698,25.815429687499993,116.49316406250003,318.5
1699,25.815429687499993,116.49511718749997,313.5
1700,25.815429687499993,116.49707031249997,308.0
1701,25.815429687499993,116.4990234375,300.5
1702,25.813476562499993,116.44824218750003,384.0
1703,25.8134765625,116.45019531249997,379.5
1704,25.813476562499993,116.45214843749997,377.5
1705,25.8134765625,116.45410156250003,375.5
1706,25.8134765625,116.4560546875,370.5
1707,25.813476562499993,116.45800781249997,363.5
1708,25.813476562499993,116.4599609375,361.0
1709,25.813476562499993,116.4619140625,356.0
1710,25.8134765625,116.4638671875,353.0
1711,25.813476562499993,116.46582031250003,346.5
1712,25.8134765625,116.4677734375,342.0
1713,25.813476562499993,116.4697265625,335.0
1714,25.813476562499993,116.47167968749997,331.5
1715,25.8134765625,116.47363281250003,330.0
1716,25.813476562499993,116.47558593750003,324.5
1717,25.813476562499993,116.47753906249997,321.0
1718,25.813476562499993,116.4794921875,321.5
1719,25.813476562499993,116.4814453125,321.5
1720,25.8134765625,116.4833984375,323.0
1721,25.8134765625,116.48535156250003,327.0
1722,25.8134765625,116.4873046875,330.0
1723,25.8134765625,116.4892578125,328.5
1724,25.8134765625,116.4912109375,323.5
1725,25.8134765625,116.49316406250003,319.5
1726,25.8134765625,116.49511718749997,316.0
1727,25.813476562499993,116.49707031249997,311.0
1728,25.8134765625,116.4990234375,305.0
1729,25.811523437499996,116.44824218750003,387.5
1730,25.811523437500007,116.45019531249997,381.5
1731,25.811523437499996,116.45214843749997,377.5
1732,25.811523437500007,116.45410156250003,375.0
1733,25.811523437499996,116.4560546875,370.0
1734,25.811523437499996,116.45800781249997,364.5
1735,25.811523437499996,116.4599609375,361.0
1736,25.811523437499996,116.4619140625,354.5
1737,25.811523437500007,116.4638671875,352.0
1738,25.811523437499996,116.46582031250003,345.5
1739,25.811523437500007,116.4677734375,341.0
1740,25.811523437499996,116.4697265625,334.5
1741,25.811523437499996,116.47167968749997,329.0
1742,25.811523437499996,116.47363281250003,322.5
1743,25.811523437499996,116.47558593750003,323.0
1744,25.811523437499996,116.47753906249997,321.0
1745,25.811523437499996,116.4794921875,320.0
1746,25.811523437500007,116.4814453125,321.0
1747,25.811523437499996,116.4833984375,320.0
1748,25.811523437499996,116.48535156250003,324.0
1749,25.811523437500007,116.4873046875,327.0
1750,25.811523437499996,116.4892578125,326.5
1751,25.811523437500007,116.4912109375,325.0
1752,25.811523437499996,116.49316406250003,321.5
1753,25.811523437499996,116.49511718749997,318.5
1754,25.811523437499996,116.49707031249997,315.0
1755,25.811523437499996,116.4990234375,308.5
1756,25.809570312499996,116.44824218750003,384.5
1757,25.809570312499996,116.45019531249997,381.0
1758,25.809570312499996,116.45214843749997,378.5
1759,25.809570312499996,116.45410156250003,373.5
1760,25.809570312499996,116.4560546875,368.0
1761,25.809570312499996,116.45800781249997,364.0
1762,25.809570312499996,116.4599609375,362.0
1763,25.809570312499996,116.4619140625,352.5
1764,25.809570312499996,116.4638671875,352.5
1765,25.809570312499996,116.46582031250003,346.0
1766,25.8095703125,116.4677734375,343.0
1767,25.809570312499996,116.4697265625,338.0
1768,25.8095703125,116.47167968749997,325.5
1769,25.809570312499996,116.47363281250003,319.5
1770,25.809570312499996,116.47558593750003,321.5
1771,25.809570312499996,116.47753906249997,322.0
1772,25.809570312499996,116.4794921875,321.5
1773,25.809570312499996,116.4814453125,322.0
1774,25.809570312499996,116.4833984375,322.0
1775,25.809570312499996,116.48535156250003,324.0
1776,25.809570312499996,116.4873046875,326.0
1777,25.809570312499996,116.4892578125,327.5
1778,25.809570312499996,116.4912109375,327.5
1779,25.809570312499996,116.49316406250003,322.0
1780,25.8095703125,116.49511718749997,320.5
1781,25.809570312499996,116.49707031249997,319.0
1782,25.809570312499996,116.4990234375,313.0
1783,25.807617187499996,116.44824218750003,380.5
1784,25.807617187499996,116.45019531249997,379.0
1785,25.807617187499996,116.45214843749997,378.0
1786,25.807617187499996,116.45410156250003,374.0
1787,25.807617187499996,116.4560546875,369.0
1788,25.807617187499996,116.45800781249997,363.5
1789,25.807617187499996,116.4599609375,361.5
1790,25.807617187499996,116.4619140625,355.5
1791,25.807617187499996,116.4638671875,353.0
1792,25.807617187499996,116.46582031250003,346.5
1793,25.807617187499996,116.4677734375,343.0
1794,25.807617187499996,116.4697265625,338.0
1795,25.807617187499996,116.47167968749997,324.0
1796,25.807617187499996,116.47363281250003,320.0
1797,25.807617187499996,116.47558593750003,322.0
1798,25.807617187499996,116.47753906249997,322.0
1799,25.807617187499996,116.4794921875,323.0
1800,25.807617187499996,116.4814453125,323.5
1801,25.807617187499996,116.4833984375,327.5
1802,25.807617187499996,116.48535156250003,328.5
1803,25.807617187499996,116.4873046875,328.0
1804,25.807617187499996,116.4892578125,330.5
1805,25.807617187499996,116.4912109375,330.0
1806,25.807617187499996,116.49316406250003,325.0
1807,25.807617187499996,116.49511718749997,323.0
1808,25.807617187499996,116.49707031249997,322.5
1809,25.807617187499996,116.4990234375,318.5
1810,25.805664062499993,116.44824218750003,384.5
1811,25.805664062499993,116.45019531249997,382.0
1812,25.805664062499993,116.45214843749997,380.0
1813,25.805664062499993,116.45410156250003,377.5
1814,25.805664062499996,116.4560546875,372.5
1815,25.805664062499993,116.45800781249997,364.0
1816,25.805664062499993,116.4599609375,361.5
1817,25.805664062499993,116.4619140625,356.0
1818,25.805664062499993,116.4638671875,353.5
1819,25.805664062499993,116.46582031250003,347.5
1820,25.805664062499993,116.4677734375,342.5
1821,25.805664062499993,116.4697265625,336.5
1822,25.805664062499993,116.47167968749997,326.5
1823,25.805664062499993,116.47363281250003,325.5
1824,25.805664062499993,116.47558593750003,323.5
1825,25.805664062499993,116.47753906249997,323.0
1826,25.805664062499993,116.4794921875,323.5
1827,25.805664062499993,116.4814453125,325.0
1828,25.805664062499993,116.4833984375,332.0
1829,25.805664062499993,116.48535156250003,335.0
1830,25.805664062499993,116.4873046875,333.0
1831,25.805664062499993,116.4892578125,331.5
1832,25.805664062499993,116.4912109375,325.5
1833,25.805664062499993,116.49316406250003,328.5
1834,25.805664062499993,116.49511718749997,321.0
1835,25.805664062499993,116.49707031249997,323.0
1836,25.805664062499993,116.4990234375,322.0
1837,25.803710937499996,116.44824218750003,390.5
1838,25.803710937499996,116.45019531249997,386.0
1839,25.803710937499996,116.45214843749997,381.0
1840,25.803710937499996,116.45410156250003,379.5
1841,25.803710937499996,116.4560546875,374.0
1842,25.803710937499996,116.45800781249997,367.0
1843,25.803710937499996,116.4599609375,365.0
1844,25.803710937499996,116.4619140625,357.0
1845,25.803710937499996,116.4638671875,354.5
1846,25.803710937499996,116.46582031250003,351.0
1847,25.803710937499996,116.4677734375,345.0
1848,25.8037109375,116.4697265625,338.0
1849,25.803710937499996,116.47167968749997,329.5
1850,25.8037109375,116.47363281250003,327.5
1851,25.803710937499996,116.47558593750003,326.0
1852,25.803710937499996,116.47753906249997,324.5
1853,25.803710937499996,116.4794921875,324.5
1854,25.803710937499996,116.4814453125,327.0
1855,25.803710937499996,116.4833984375,331.5
1856,25.803710937499996,116.48535156250003,335.0
1857,25.803710937499996,116.4873046875,336.5
1858,25.8037109375,116.4892578125,332.0
1859,25.803710937499996,116.4912109375,313.5
1860,25.803710937499996,116.49316406250003,318.0
1861,25.803710937499996,116.49511718749997,308.0
1862,25.803710937499996,116.49707031249997,316.5
1863,25.803710937499996,116.4990234375,322.0
1864,25.801757812499996,116.44824218750003,392.5
1865,25.801757812499996,116.45019531249997,387.5
1866,25.801757812499996,116.45214843749997,383.0
1867,25.801757812499996,116.45410156250003,380.0
1868,25.801757812499996,116.4560546875,376.0
1869,25.801757812499996,116.45800781249997,370.0
1870,25.801757812499996,116.4599609375,367.5
1871,25.801757812499996,116.4619140625,359.5
1872,25.801757812499996,116.4638671875,357.0
1873,25.801757812499996,116.46582031250003,354.5
1874,25.801757812499996,116.4677734375,348.0
1875,25.801757812499996,116.4697265625,341.5
1876,25.8017578125,116.47167968749997,334.5
1877,25.801757812499996,116.47363281250003,331.5
1878,25.801757812499996,116.47558593750003,330.0
1879,25.801757812499996,116.47753906249997,326.5
1880,25.801757812499996,116.4794921875,327.0
1881,25.801757812499996,116.4814453125,329.0
1882,25.801757812499996,116.4833984375,331.0
1883,25.801757812499996,116.48535156250003,333.5
1884,25.801757812499996,116.4873046875,337.5
1885,25.801757812499996,116.4892578125,334.5
1886,25.801757812499996,116.4912109375,318.5
1887,25.8017578125,116.49316406250003,305.5
1888,25.801757812499996,116.49511718749997,298.5
1889,25.801757812499996,116.49707031249997,312.5
1890,25.801757812499996,116.4990234375,324.5
1891,25.799804687499993,116.44824218750003,392.0
1892,25.799804687499993,116.45019531249997,388.0
1893,25.799804687499993,116.45214843749997,384.5
1894,25.799804687499993,116.45410156250003,381.0
1895,25.799804687499993,116.4560546875,376.5
1896,25.799804687499993,116.45800781249997,372.5
1897,25.799804687499993,116.4599609375,369.0
1898,25.799804687499993,116.4619140625,359.5
1899,25.799804687499993,116.4638671875,360.5
1900,25.7998046875,116.46582031250003,358.0
1901,25.7998046875,116.4677734375,351.0
1902,25.799804687499993,116.4697265625,346.0
1903,25.799804687499993,116.47167968749997,341.5
1904,25.7998046875,116.47363281250003,337.5
1905,25.799804687499993,116.47558593750003,333.5
1906,25.799804687499993,116.47753906249997,329.5
1907,25.799804687499993,116.4794921875,329.5
1908,25.799804687499993,116.4814453125,330.0
1909,25.799804687499993,116.4833984375,332.0
1910,25.799804687499993,116.48535156250003,335.5
1911,25.799804687499993,116.4873046875,339.5
1912,25.799804687499993,116.4892578125,337.0
1913,25.7998046875,116.4912109375,321.0
1914,25.7998046875,116.49316406250003,306.5
1915,25.7998046875,116.49511718749997,309.5
1916,25.799804687499993,116.49707031249997,321.0
1917,25.799804687499993,116.4990234375,332.0
1918,25.797851562499993,116.44824218750003,391.5
1919,25.797851562500004,116.45019531249997,388.5
1920,25.797851562499993,116.45214843749997,385.0
1921,25.797851562499993,116.45410156250003,382.5
1922,25.797851562499993,116.4560546875,377.5
1923,25.797851562499993,116.45800781249997,373.0
1924,25.797851562499993,116.4599609375,371.0
1925,25.797851562499993,116.4619140625,365.0
1926,25.797851562499993,116.4638671875,363.5
1927,25.797851562499993,116.46582031250003,361.5
1928,25.797851562499993,116.4677734375,355.0
1929,25.797851562499993,116.4697265625,350.5
1930,25.797851562499993,116.47167968749997,346.5
1931,25.797851562499993,116.47363281250003,342.0
1932,25.797851562499993,116.47558593750003,337.0
1933,25.797851562499993,116.47753906249997,334.5
1934,25.797851562500004,116.4794921875,332.0
1935,25.797851562499993,116.4814453125,333.0
1936,25.797851562499993,116.4833984375,334.5
1937,25.797851562499993,116.48535156250003,338.5
1938,25.797851562499993,116.4873046875,342.5
1939,25.797851562499993,116.4892578125,339.5
1940,25.797851562500004,116.4912109375,336.5
1941,25.797851562500004,116.49316406250003,332.0
1942,25.797851562500004,116.49511718749997,328.0
1943,25.797851562499993,116.49707031249997,332.5
1944,25.797851562499993,116.4990234375,334.0
1945,25.795898437499996,116.44824218750003,391.0
1946,25.795898437499996,116.45019531249997,387.5
1947,25.795898437499996,116.45214843749997,384.5
1948,25.7958984375,116.45410156250003,384.5
1949,25.7958984375,116.4560546875,381.5
1950,25.795898437499996,116.45800781249997,374.0
1951,25.795898437499996,116.4599609375,372.5
1952,25.795898437499996,116.4619140625,369.0
1953,25.7958984375,116.4638671875,365.5
1954,25.795898437499996,116.46582031250003,362.5
1955,25.7958984375,116.4677734375,357.0
1956,25.7958984375,116.4697265625,354.0
1957,25.7958984375,116.47167968749997,353.0
1958,25.795898437499996,116.47363281250003,347.0
1959,25.795898437499996,116.47558593750003,343.5
1960,25.795898437499996,116.47753906249997,340.0
1961,25.795898437499996,116.4794921875,337.5
1962,25.7958984375,116.4814453125,337.0
1963,25.795898437499996,116.4833984375,336.0
1964,25.795898437499996,116.48535156250003,338.5
1965,25.795898437499996,116.4873046875,343.0
1966,25.7958984375,116.4892578125,342.5
1967,25.7958984375,116.4912109375,345.0
1968,25.7958984375,116.49316406250003,345.5
1969,25.7958984375,116.49511718749997,337.5
1970,25.795898437499996,116.49707031249997,337.5
1971,25.795898437499996,116.4990234375,332.5
1972,25.793945312499996,116.44824218750003,391.5
1973,25.7939453125,116.45019531249997,388.0
1974,25.793945312499996,116.45214843749997,384.0
1975,25.793945312499996,116.45410156250003,382.0
1976,25.793945312499996,116.4560546875,381.0
1977,25.793945312499996,116.45800781249997,376.0
1978,25.793945312499996,116.4599609375,373.5
1979,25.793945312499996,116.4619140625,371.0
1980,25.793945312499996,116.4638671875,368.0
1981,25.793945312499996,116.46582031250003,364.0
1982,25.793945312499996,116.4677734375,361.0
1983,25.793945312499996,116.4697265625,359.5
1984,25.793945312499996,116.47167968749997,358.0
1985,25.793945312499996,116.47363281250003,352.5
1986,25.793945312499996,116.47558593750003,347.0
1987,25.793945312499996,116.47753906249997,342.0
1988,25.793945312499996,116.4794921875,339.5
1989,25.793945312499996,116.4814453125,340.0
1990,25.793945312499996,116.4833984375,339.0
1991,25.793945312499996,116.48535156250003,340.0
1992,25.793945312499996,116.4873046875,342.5
1993,25.793945312499996,116.4892578125,343.0
1994,25.793945312499996,116.4912109375,345.5
1995,25.7939453125,116.49316406250003,345.0
1996,25.793945312499996,116.49511718749997,341.0
1997,25.793945312499996,116.49707031249997,338.5
1998,25.793945312499996,116.4990234375,335.0
1999,25.791992187499996,116.44824218750003,391.5
2000,25.791992187499996,116.45019531249997,388.5
2001,25.791992187499996,116.45214843749997,384.0
2002,25.791992187499996,116.45410156250003,380.5
2003,25.791992187499996,116.4560546875,379.0
2004,25.791992187499996,116.45800781249997,377.5
2005,25.791992187499996,116.4599609375,376.5
2006,25.791992187499996,116.4619140625,373.0
2007,25.791992187499996,116.4638671875,371.0
2008,25.791992187499996,116.46582031250003,369.5
2009,25.791992187499996,116.4677734375,367.0
2010,25.791992187499996,116.4697265625,363.5
2011,25.791992187499996,116.47167968749997,359.5
2012,25.791992187499996,116.47363281250003,355.0
2013,25.791992187499996,116.47558593750003,349.0
2014,25.791992187499996,116.47753906249997,343.5
2015,25.791992187499996,116.4794921875,342.5
2016,25.791992187499996,116.4814453125,345.0
2017,25.791992187499996,116.4833984375,343.0
2018,25.791992187499996,116.48535156250003,344.0
2019,25.791992187499996,116.4873046875,346.0
2020,25.791992187499996,116.4892578125,343.5
2021,25.791992187499996,116.4912109375,344.0
2022,25.791992187499996,116.49316406250003,342.5
2023,25.791992187499996,116.49511718749997,340.5
2024,25.791992187499996,116.49707031249997,339.0
2025,25.791992187499996,116.4990234375,337.5
2026,25.790039062499993,116.44824218750003,392.0
2027,25.790039062499993,116.45019531249997,388.5
2028,25.790039062499993,116.45214843749997,385.0
2029,25.790039062499993,116.45410156250003,384.5
2030,25.7900390625,116.4560546875,380.5
2031,25.790039062499993,116.45800781249997,374.0
2032,25.790039062499993,116.4599609375,377.5
2033,25.790039062499993,116.4619140625,375.0
2034,25.790039062499993,116.4638671875,375.0
2035,25.790039062499993,116.46582031250003,374.5
2036,25.790039062499993,116.4677734375,374.0
2037,25.7900390625,116.4697265625,368.5
2038,25.7900390625,116.47167968749997,363.5
2039,25.790039062499993,116.47363281250003,358.0
2040,25.790039062499993,116.47558593750003,354.0
2041,25.790039062499993,116.47753906249997,351.0
2042,25.7900390625,116.4794921875,351.5
2043,25.7900390625,116.4814453125,352.5
2044,25.790039062499993,116.4833984375,348.5
2045,25.790039062499993,116.48535156250003,348.5
2046,25.7900390625,116.4873046875,350.0
2047,25.7900390625,116.4892578125,344.5
2048,25.7900390625,116.4912109375,342.0
2049,25.7900390625,116.49316406250003,341.5
2050,25.7900390625,116.49511718749997,337.0
2051,25.790039062499993,116.49707031249997,336.5
2052,25.790039062499993,116.4990234375,337.5
2053,25.7880859375,116.44824218750003,393.0
2054,25.7880859375,116.45019531249997,390.5
2055,25.7880859375,116.45214843749997,387.0
2056,25.7880859375,116.45410156250003,386.5
2057,25.7880859375,116.4560546875,384.5
2058,25.7880859375,116.45800781249997,377.5
2059,25.7880859375,116.4599609375,380.0
2060,25.7880859375,116.4619140625,379.5
2061,25.7880859375,116.4638671875,379.0
2062,25.7880859375,116.46582031250003,376.5
2063,25.7880859375,116.4677734375,376.5
2064,25.7880859375,116.4697265625,372.5
2065,25.788085937500004,116.47167968749997,371.0
2066,25.7880859375,116.47363281250003,364.5
2067,25.7880859375,116.47558593750003,363.0
2068,25.7880859375,116.47753906249997,361.0
2069,25.7880859375,116.4794921875,358.5
2070,25.7880859375,116.4814453125,357.5
2071,25.7880859375,116.4833984375,354.5
2072,25.7880859375,116.48535156250003,353.0
2073,25.7880859375,116.4873046875,353.0
2074,25.7880859375,116.4892578125,349.0
2075,25.788085937500004,116.4912109375,341.5
2076,25.7880859375,116.49316406250003,338.0
2077,25.7880859375,116.49511718749997,335.5
2078,25.7880859375,116.49707031249997,331.5
2079,25.7880859375,116.4990234375,332.5
2080,25.786132812499993,116.44824218750003,393.5
2081,25.786132812499993,116.45019531249997,393.0
2082,25.786132812499993,116.45214843749997,389.0
2083,25.786132812499993,116.45410156250003,386.5
2084,25.786132812499993,116.4560546875,387.5
2085,25.786132812499993,116.45800781249997,383.0
2086,25.786132812499993,116.4599609375,383.0
2087,25.786132812499993,116.4619140625,382.5
2088,25.786132812499993,116.4638671875,383.0
2089,25.786132812499993,116.46582031250003,380.5
2090,25.786132812499993,116.4677734375,379.5
2091,25.786132812499993,116.4697265625,376.5
2092,25.786132812499993,116.47167968749997,373.5
2093,25.786132812499993,116.47363281250003,372.0
2094,25.786132812499993,116.47558593750003,370.0
2095,25.786132812499993,116.47753906249997,366.0
2096,25.786132812499993,116.4794921875,362.0
2097,25.786132812499993,116.4814453125,361.0
2098,25.786132812499993,116.4833984375,359.0
2099,25.786132812499993,116.48535156250003,356.5
2100,25.786132812499993,116.4873046875,356.5
2101,25.786132812499993,116.4892578125,352.0
2102,25.7861328125,116.4912109375,343.5
2103,25.7861328125,116.49316406250003,336.5
2104,25.786132812499993,116.49511718749997,333.0
2105,25.786132812499993,116.49707031249997,329.0
2106,25.786132812499993,116.4990234375,330.0
2107,25.784179687499996,116.44824218750003,394.5
2108,25.784179687499996,116.45019531249997,395.0
2109,25.784179687499996,116.45214843749997,393.0
2110,25.784179687499996,116.45410156250003,392.0
2111,25.784179687499996,116.4560546875,390.0
2112,25.784179687499996,116.45800781249997,387.0
2113,25.784179687499996,116.4599609375,387.0
2114,25.784179687499996,116.4619140625,385.0
2115,25.784179687499996,116.4638671875,385.0
2116,25.784179687499996,116.46582031250003,385.5
2117,25.784179687499996,116.4677734375,385.5
2118,25.784179687499996,116.4697265625,382.0
2119,25.784179687499996,116.47167968749997,377.0
2120,25.784179687499996,116.47363281250003,376.5
2121,25.784179687499996,116.47558593750003,374.0
2122,25.784179687499996,116.47753906249997,369.0
2123,25.784179687499996,116.4794921875,364.0
2124,25.784179687499996,116.4814453125,362.0
2125,25.784179687499996,116.4833984375,359.5
2126,25.784179687499996,116.48535156250003,359.0
2127,25.784179687499996,116.4873046875,357.0
2128,25.784179687499996,116.4892578125,350.0
2129,25.784179687499996,116.4912109375,337.5
2130,25.784179687499996,116.49316406250003,336.5
2131,25.784179687499996,116.49511718749997,329.5
2132,25.784179687499996,116.49707031249997,326.0
2133,25.784179687499996,116.4990234375,327.5
2134,25.782226562499996,116.44824218750003,394.5
2135,25.782226562499993,116.45019531249997,394.5
2136,25.782226562499996,116.45214843749997,396.0
2137,25.782226562499993,116.45410156250003,397.5
2138,25.782226562499993,116.4560546875,391.5
2139,25.782226562499993,116.45800781249997,390.5
2140,25.782226562499993,116.4599609375,390.0
2141,25.782226562499993,116.4619140625,388.5
2142,25.782226562499993,116.4638671875,389.5
2143,25.782226562499993,116.46582031250003,387.5
2144,25.782226562499993,116.4677734375,388.0
2145,25.782226562499993,116.4697265625,386.0
2146,25.782226562499993,116.47167968749997,382.5
2147,25.782226562499993,116.47363281250003,379.5
2148,25.782226562499993,116.47558593750003,375.5
2149,25.782226562499993,116.47753906249997,372.0
2150,25.782226562499993,116.4794921875,367.0
2151,25.782226562499993,116.4814453125,366.5
2152,25.782226562499993,116.4833984375,365.0
2153,25.782226562499993,116.48535156250003,363.0
2154,25.782226562499993,116.4873046875,356.5
2155,25.782226562499993,116.4892578125,350.0
2156,25.782226562499996,116.4912109375,338.5
2157,25.782226562499993,116.49316406250003,336.5
2158,25.782226562499993,116.49511718749997,328.0
2159,25.782226562499993,116.49707031249997,324.5
2160,25.782226562499993,116.4990234375,327.0
2161,25.780273437499993,116.44824218750003,395.0
2162,25.780273437499993,116.45019531249997,395.5
2163,25.780273437499993,116.45214843749997,396.5
2164,25.780273437499993,116.45410156250003,398.5
2165,25.780273437499993,116.4560546875,396.0
2166,25.780273437499993,116.45800781249997,391.0
2167,25.780273437499993,116.4599609375,394.5
2168,25.780273437499993,116.4619140625,390.5
2169,25.780273437499993,116.4638671875,389.5
2170,25.780273437499993,116.46582031250003,390.5
2171,25.780273437499993,116.4677734375,389.5
2172,25.780273437499993,116.4697265625,388.0
2173,25.780273437499993,116.47167968749997,386.0
2174,25.780273437499993,116.47363281250003,382.0
2175,25.780273437499993,116.47558593750003,379.0
2176,25.780273437499993,116.47753906249997,377.5
2177,25.780273437499993,116.4794921875,373.5
2178,25.780273437499993,116.4814453125,373.5
2179,25.780273437499993,116.4833984375,372.0
2180,25.780273437499993,116.48535156250003,365.5
2181,25.780273437499993,116.4873046875,358.0
2182,25.780273437499993,116.4892578125,351.0
2183,25.7802734375,116.4912109375,338.5
2184,25.780273437499993,116.49316406250003,335.5
2185,25.780273437499993,116.49511718749997,329.5
2186,25.780273437499993,116.49707031249997,325.5
2187,25.780273437499993,116.4990234375,325.5
2188,25.778320312499993,116.44824218750003,400.5
2189,25.778320312499996,116.45019531249997,401.5
2190,25.778320312499996,116.45214843749997,400.0
2191,25.778320312499996,116.45410156250003,399.0
2192,25.778320312499996,116.4560546875,400.0
2193,25.778320312499996,116.45800781249997,398.5
2194,25.778320312499996,116.4599609375,399.0
2195,25.778320312499996,116.4619140625,395.5
2196,25.778320312499996,116.4638671875,393.5
2197,25.778320312499996,116.46582031250003,391.5
2198,25.778320312499996,116.4677734375,390.5
2199,25.778320312499996,116.4697265625,389.0
2200,25.778320312499996,116.47167968749997,388.0
2201,25.778320312499996,116.47363281250003,383.5
2202,25.778320312499996,116.47558593750003,383.0
2203,25.778320312499996,116.47753906249997,381.0
2204,25.778320312499996,116.4794921875,379.0
2205,25.778320312499996,116.4814453125,378.0
2206,25.778320312499996,116.4833984375,375.0
2207,25.778320312499996,116.48535156250003,367.5
2208,25.778320312499996,116.4873046875,359.5
2209,25.778320312499996,116.4892578125,352.5
2210,25.778320312500004,116.4912109375,345.5
2211,25.778320312500004,116.49316406250003,338.0
2212,25.778320312499996,116.49511718749997,335.0
2213,25.778320312499996,116.49707031249997,330.5
2214,25.778320312499996,116.4990234375,328.0
2215,25.776367187499996,116.44824218750003,405.5
2216,25.776367187499996,116.45019531249997,407.5
2217,25.776367187499996,116.45214843749997,405.5
2218,25.776367187499996,116.45410156250003,402.5
2219,25.776367187499996,116.4560546875,402.5
2220,25.776367187499996,116.45800781249997,403.5
2221,25.776367187499996,116.4599609375,401.0
2222,25.776367187499996,116.4619140625,401.5
2223,25.776367187499996,116.4638671875,398.5
2224,25.776367187499996,116.46582031250003,394.0
2225,25.776367187499996,116.4677734375,393.5
2226,25.776367187499996,116.4697265625,391.5
2227,25.776367187499996,116.47167968749997,389.5
2228,25.776367187499996,116.47363281250003,389.5
2229,25.776367187499996,116.47558593750003,387.5
2230,25.776367187499996,116.47753906249997,385.5
2231,25.776367187499996,116.4794921875,385.0
2232,25.776367187499996,116.4814453125,382.0
2233,25.776367187499996,116.4833984375,377.0
2234,25.776367187499996,116.48535156250003,372.0
2235,25.776367187499996,116.4873046875,364.0
2236,25.776367187499996,116.4892578125,354.5
2237,25.776367187499996,116.4912109375,349.5
2238,25.776367187499996,116.49316406250003,346.5
2239,25.776367187499996,116.49511718749997,341.5
2240,25.776367187499996,116.49707031249997,339.5
2241,25.776367187499996,116.4990234375,337.0
2242,25.774414062499996,116.44824218750003,409.0
2243,25.774414062499996,116.45019531249997,410.0
2244,25.774414062499996,116.45214843749997,409.0
2245,25.774414062499996,116.45410156250003,408.5
2246,25.774414062499996,116.4560546875,407.0
2247,25.774414062499996,116.45800781249997,407.5
2248,25.774414062499996,116.4599609375,403.5
2249,25.774414062499996,116.4619140625,403.5
2250,25.774414062499996,116.4638671875,401.5
2251,25.774414062499996,116.46582031250003,397.5
2252,25.774414062499996,116.4677734375,396.5
2253,25.774414062499996,116.4697265625,394.0
2254,25.774414062499996,116.47167968749997,391.0
2255,25.774414062499996,116.47363281250003,394.0
2256,25.774414062499996,116.47558593750003,392.0
2257,25.774414062499996,116.47753906249997,389.5
2258,25.774414062499996,116.4794921875,389.0
2259,25.774414062499996,116.4814453125,388.0
2260,25.774414062499996,116.4833984375,384.5
2261,25.774414062499996,116.48535156250003,378.5
2262,25.774414062499996,116.4873046875,370.0
2263,25.774414062499996,116.4892578125,357.0
2264,25.774414062499996,116.4912109375,352.5
2265,25.774414062499996,116.49316406250003,356.0
2266,25.774414062499996,116.49511718749997,353.0
2267,25.774414062499996,116.49707031249997,350.5
2268,25.774414062499996,116.4990234375,349.0
2269,25.772460937499993,116.44824218750003,413.5
2270,25.772460937499996,116.45019531249997,413.5
2271,25.772460937499996,116.45214843749997,414.5
2272,25.772460937499996,116.45410156250003,414.5
2273,25.772460937499996,116.4560546875,411.5
2274,25.772460937499996,116.45800781249997,413.0
2275,25.772460937499996,116.4599609375,408.5
2276,25.772460937499996,116.4619140625,408.5
2277,25.772460937499996,116.4638671875,406.5
2278,25.772460937499996,116.46582031250003,399.5
2279,25.772460937499996,116.4677734375,399.0
2280,25.772460937499996,116.4697265625,396.5
2281,25.772460937499996,116.47167968749997,398.0
2282,25.772460937499996,116.47363281250003,397.0
2283,25.772460937499996,116.47558593750003,396.5
2284,25.772460937499996,116.47753906249997,393.5
2285,25.772460937499996,116.4794921875,392.5
2286,25.772460937499996,116.4814453125,393.0
2287,25.772460937499996,116.4833984375,392.0
2288,25.772460937499996,116.48535156250003,386.5
2289,25.772460937499996,116.4873046875,377.5
2290,25.772460937499996,116.4892578125,367.0
2291,25.772460937499996,116.4912109375,363.5
2292,25.772460937499996,116.49316406250003,364.0
2293,25.772460937499996,116.49511718749997,363.0
2294,25.772460937499996,116.49707031249997,360.5
2295,25.772460937499996,116.4990234375,359.0
2296,25.770507812499996,116.44824218750003,417.5
2297,25.770507812499996,116.45019531249997,418.5
2298,25.770507812499996,116.45214843749997,420.0
2299,25.770507812499996,116.45410156250003,419.0
2300,25.770507812499996,116.4560546875,416.0
2301,25.770507812499996,116.45800781249997,416.5
2302,25.770507812499996,116.4599609375,414.5
2303,25.770507812499996,116.4619140625,413.0
2304,25.770507812499996,116.4638671875,411.0
2305,25.770507812499996,116.46582031250003,403.0
2306,25.770507812499996,116.4677734375,400.5
2307,25.770507812499996,116.4697265625,399.5
2308,25.770507812499996,116.47167968749997,403.0
2309,25.770507812499996,116.47363281250003,400.5
2310,25.770507812499996,116.47558593750003,402.0
2311,25.770507812499996,116.47753906249997,400.5
2312,25.770507812499996,116.4794921875,398.5
2313,25.770507812499996,116.4814453125,396.5
2314,25.770507812499996,116.4833984375,394.5
2315,25.770507812499996,116.48535156250003,392.0
2316,25.770507812499996,116.4873046875,387.0
2317,25.770507812499996,116.4892578125,383.5
2318,25.770507812499996,116.4912109375,380.0
2319,25.770507812499996,116.49316406250003,373.5
2320,25.770507812499996,116.49511718749997,374.0
2321,25.770507812499996,116.49707031249997,371.0
2322,25.770507812499996,116.4990234375,368.0
2323,25.768554687499996,116.44824218750003,420.5
2324,25.7685546875,116.45019531249997,423.0
2325,25.7685546875,116.45214843749997,423.0
2326,25.7685546875,116.45410156250003,421.0
2327,25.768554687499996,116.4560546875,417.5
2328,25.7685546875,116.45800781249997,418.0
2329,25.768554687499996,116.4599609375,416.5
2330,25.7685546875,116.4619140625,415.0
2331,25.7685546875,116.4638671875,414.0
2332,25.768554687499996,116.46582031250003,408.0
2333,25.7685546875,116.4677734375,402.0
2334,25.768554687499996,116.4697265625,400.5
2335,25.7685546875,116.47167968749997,403.0
2336,25.768554687499996,116.47363281250003,406.0
2337,25.768554687499996,116.47558593750003,406.0
2338,25.768554687499996,116.47753906249997,405.0
2339,25.7685546875,116.4794921875,404.0
2340,25.768554687499996,116.4814453125,402.0
2341,25.768554687499996,116.4833984375,398.0
2342,25.768554687499996,116.48535156250003,394.5
2343,25.768554687499996,116.4873046875,392.0
2344,25.768554687499996,116.4892578125,391.0
2345,25.768554687500004,116.4912109375,388.0
2346,25.7685546875,116.49316406250003,384.0
2347,25.7685546875,116.49511718749997,381.5
2348,25.7685546875,116.49707031249997,380.0
2349,25.768554687499996,116.4990234375,377.0
2350,25.7666015625,116.44824218750003,422.0
2351,25.7666015625,116.45019531249997,423.0
2352,25.7666015625,116.45214843749997,422.5
2353,25.7666015625,116.45410156250003,422.0
2354,25.7666015625,116.4560546875,418.5
2355,25.7666015625,116.45800781249997,417.5
2356,25.7666015625,116.4599609375,417.0
2357,25.7666015625,116.4619140625,414.5
2358,25.7666015625,116.4638671875,412.5
2359,25.7666015625,116.46582031250003,408.0
2360,25.766601562500004,116.4677734375,405.0
2361,25.7666015625,116.4697265625,404.5
2362,25.7666015625,116.47167968749997,407.0
2363,25.7666015625,116.47363281250003,407.0
2364,25.766601562500004,116.47558593750003,407.5
2365,25.7666015625,116.47753906249997,407.0
2366,25.7666015625,116.4794921875,405.5
2367,25.766601562500004,116.4814453125,406.0
2368,25.7666015625,116.4833984375,401.0
2369,25.7666015625,116.48535156250003,397.0
2370,25.7666015625,116.4873046875,395.5
2371,25.7666015625,116.4892578125,394.0
2372,25.7666015625,116.4912109375,393.0
2373,25.766601562500004,116.49316406250003,392.0
2374,25.7666015625,116.49511718749997,389.0
2375,25.7666015625,116.49707031249997,389.0
2376,25.7666015625,116.4990234375,385.5
2377,25.764648437499996,116.44824218750003,420.5
2378,25.764648437499996,116.45019531249997,421.0
2379,25.764648437499996,116.45214843749997,420.0
2380,25.764648437499996,116.45410156250003,420.5
2381,25.764648437499996,116.4560546875,418.0
2382,25.764648437499996,116.45800781249997,414.0
2383,25.764648437499996,116.4599609375,414.0
2384,25.764648437499996,116.4619140625,411.0
2385,25.764648437499996,116.4638671875,408.5
2386,25.764648437499996,116.46582031250003,406.0
2387,25.764648437499996,116.4677734375,405.0
2388,25.764648437499996,116.4697265625,404.0
2389,25.764648437499996,116.47167968749997,405.0
2390,25.764648437499996,116.47363281250003,402.5
2391,25.764648437499996,116.47558593750003,405.0
2392,25.764648437499996,116.47753906249997,407.0
2393,25.764648437499996,116.4794921875,405.5
2394,25.764648437499996,116.4814453125,405.0
2395,25.764648437499996,116.4833984375,401.0
2396,25.764648437499996,116.48535156250003,398.5
2397,25.764648437499996,116.4873046875,397.5
2398,25.764648437499996,116.4892578125,396.5
2399,25.764648437499996,116.4912109375,396.0
2400,25.764648437499996,116.49316406250003,398.5
2401,25.764648437499996,116.49511718749997,395.0
2402,25.764648437499996,116.49707031249997,395.0
2403,25.764648437499996,116.4990234375,391.5
2404,25.762695312499996,116.44824218750003,417.5
2405,25.762695312499996,116.45019531249997,417.0
2406,25.762695312499996,116.45214843749997,415.5
2407,25.762695312499996,116.45410156250003,414.0
2408,25.762695312499996,116.4560546875,412.5
2409,25.762695312499996,116.45800781249997,405.5
2410,25.762695312499996,116.4599609375,406.5
2411,25.762695312499996,116.4619140625,405.5
2412,25.762695312499996,116.4638671875,404.0
2413,25.762695312499996,116.46582031250003,403.0
2414,25.762695312499996,116.4677734375,401.0
2415,25.762695312499996,116.4697265625,399.5
2416,25.762695312499996,116.47167968749997,400.5
2417,25.762695312499996,116.47363281250003,397.0
2418,25.762695312499996,116.47558593750003,399.0
2419,25.762695312499996,116.47753906249997,400.5
2420,25.762695312499996,116.4794921875,400.5
2421,25.762695312499996,116.4814453125,400.5
2422,25.762695312499996,116.4833984375,397.5
2423,25.762695312499996,116.48535156250003,396.0
2424,25.762695312499996,116.4873046875,396.5
2425,25.762695312499996,116.4892578125,395.5
2426,25.762695312499996,116.4912109375,394.5
2427,25.762695312499996,116.49316406250003,399.0
2428,25.7626953125,116.49511718749997,396.5
2429,25.762695312499996,116.49707031249997,396.5
2430,25.762695312499996,116.4990234375,395.5
2431,25.7607421875,116.44824218750003,411.5
2432,25.7607421875,116.45019531249997,411.5
2433,25.7607421875,116.45214843749997,410.5
2434,25.7607421875,116.45410156250003,407.0
2435,25.7607421875,116.4560546875,404.5
2436,25.7607421875,116.45800781249997,401.0
2437,25.7607421875,116.4599609375,402.0
2438,25.7607421875,116.4619140625,399.5
2439,25.7607421875,116.4638671875,394.0
2440,25.7607421875,116.46582031250003,396.5
2441,25.7607421875,116.4677734375,394.5
2442,25.7607421875,116.4697265625,392.5
2443,25.7607421875,116.47167968749997,394.5
2444,25.7607421875,116.47363281250003,389.0
2445,25.7607421875,116.47558593750003,390.0
2446,25.7607421875,116.47753906249997,391.0
2447,25.7607421875,116.4794921875,393.5
2448,25.7607421875,116.4814453125,394.5
2449,25.7607421875,116.4833984375,392.0
2450,25.7607421875,116.48535156250003,390.0
2451,25.7607421875,116.4873046875,390.5
2452,25.7607421875,116.4892578125,390.5
2453,25.7607421875,116.4912109375,391.0
2454,25.7607421875,116.49316406250003,393.0
2455,25.7607421875,116.49511718749997,394.0
2456,25.7607421875,116.49707031249997,395.0
2457,25.7607421875,116.4990234375,394.0
2458,25.758789062499996,116.44824218750003,401.5
2459,25.758789062499996,116.45019531249997,402.5
2460,25.758789062499996,116.45214843749997,402.5
2461,25.758789062499996,116.45410156250003,399.0
2462,25.758789062499996,116.4560546875,395.5
2463,25.758789062499996,116.45800781249997,390.0
2464,25.758789062499996,116.4599609375,389.5
2465,25.758789062499996,116.4619140625,388.5
2466,25.758789062499996,116.4638671875,382.0
2467,25.758789062499996,116.46582031250003,387.0
2468,25.758789062499996,116.4677734375,385.5
2469,25.758789062499996,116.4697265625,384.5
2470,25.758789062499996,116.47167968749997,386.5
2471,25.758789062499996,116.47363281250003,382.0
2472,25.758789062499996,116.47558593750003,381.5
2473,25.758789062499996,116.47753906249997,382.5
2474,25.758789062499996,116.4794921875,384.0
2475,25.758789062499996,116.4814453125,386.0
2476,25.758789062499996,116.4833984375,384.5
2477,25.758789062499996,116.48535156250003,382.0
2478,25.758789062499996,116.4873046875,381.5
2479,25.758789062499996,116.4892578125,382.5
2480,25.758789062499996,116.4912109375,385.0
2481,25.758789062499996,116.49316406250003,389.0
2482,25.758789062499996,116.49511718749997,388.5
2483,25.758789062499996,116.49707031249997,389.5
2484,25.758789062499996,116.4990234375,388.5
2485,25.756835937499996,116.44824218750003,391.5
2486,25.756835937499996,116.45019531249997,392.0
2487,25.756835937499996,116.45214843749997,391.5
2488,25.756835937499996,116.45410156250003,390.0
2489,25.756835937499996,116.4560546875,386.0
2490,25.756835937499996,116.45800781249997,383.0
2491,25.756835937499996,116.4599609375,380.5
2492,25.756835937499996,116.4619140625,378.0
2493,25.756835937499996,116.4638671875,371.0
2494,25.756835937499996,116.46582031250003,374.0
2495,25.756835937499996,116.4677734375,373.0
2496,25.756835937499996,116.4697265625,377.5
2497,25.756835937499996,116.47167968749997,373.5
2498,25.756835937499996,116.47363281250003,372.0
2499,25.756835937499996,116.47558593750003,371.0
2500,25.756835937499996,116.47753906249997,371.5
2501,25.756835937499996,116.4794921875,371.0
2502,25.756835937499996,116.4814453125,373.5
2503,25.756835937499996,116.4833984375,375.0
2504,25.756835937499996,116.48535156250003,372.5
2505,25.756835937499996,116.4873046875,371.5
2506,25.756835937499996,116.4892578125,373.5
2507,25.756835937499996,116.4912109375,377.5
2508,25.756835937499996,116.49316406250003,377.5
2509,25.756835937499996,116.49511718749997,382.5
2510,25.756835937499996,116.49707031249997,383.0
2511,25.756835937499996,116.4990234375,382.5
2512,25.7548828125,116.44824218750003,381.0
2513,25.7548828125,116.45019531249997,381.5
2514,25.7548828125,116.45214843749997,380.0
2515,25.7548828125,116.45410156250003,380.0
2516,25.7548828125,116.4560546875,375.5
2517,25.7548828125,116.45800781249997,369.5
2518,25.7548828125,116.4599609375,369.0
2519,25.7548828125,116.4619140625,364.0
2520,25.7548828125,116.4638671875,358.5
2521,25.7548828125,116.46582031250003,358.5
2522,25.7548828125,116.4677734375,357.0
2523,25.7548828125,116.4697265625,363.5
2524,25.7548828125,116.47167968749997,358.5
2525,25.7548828125,116.47363281250003,358.0
2526,25.7548828125,116.47558593750003,356.5
2527,25.7548828125,116.47753906249997,356.0
2528,25.7548828125,116.4794921875,356.0
2529,25.7548828125,116.4814453125,358.0
2530,25.7548828125,116.4833984375,360.0
2531,25.7548828125,116.48535156250003,359.5
2532,25.7548828125,116.4873046875,360.0
2533,25.7548828125,116.4892578125,362.0
2534,25.7548828125,116.4912109375,368.0
2535,25.7548828125,116.49316406250003,368.5
2536,25.754882812500004,116.49511718749997,373.5
2537,25.7548828125,116.49707031249997,373.0
2538,25.7548828125,116.4990234375,375.0
2539,25.7529296875,116.44824218750003,369.5
2540,25.7529296875,116.45019531249997,370.5
2541,25.7529296875,116.45214843749997,367.5
2542,25.7529296875,116.45410156250003,364.5
2543,25.7529296875,116.4560546875,360.5
2544,25.7529296875,116.45800781249997,357.5
2545,25.7529296875,116.4599609375,355.5
2546,25.7529296875,116.4619140625,351.0
2547,25.7529296875,116.4638671875,344.5
2548,25.7529296875,116.46582031250003,344.0
2549,25.7529296875,116.4677734375,341.0
2550,25.7529296875,116.4697265625,346.5
2551,25.7529296875,116.47167968749997,341.5
2552,25.7529296875,116.47363281250003,340.0
2553,25.7529296875,116.47558593750003,339.5
2554,25.7529296875,116.47753906249997,340.5
2555,25.7529296875,116.4794921875,342.0
2556,25.7529296875,116.4814453125,342.5
2557,25.7529296875,116.4833984375,343.5
2558,25.7529296875,116.48535156250003,346.0
2559,25.7529296875,116.4873046875,349.0
2560,25.7529296875,116.4892578125,351.5
2561,25.7529296875,116.4912109375,356.5
2562,25.7529296875,116.49316406250003,359.0
2563,25.7529296875,116.49511718749997,362.5
2564,25.7529296875,116.49707031249997,363.0
2565,25.7529296875,116.4990234375,366.5
2566,25.750976562499996,116.44824218750003,354.0
2567,25.750976562499996,116.45019531249997,355.0
2568,25.750976562499996,116.45214843749997,353.5
2569,25.750976562499996,116.45410156250003,350.5
2570,25.750976562499996,116.4560546875,348.5
2571,25.750976562499996,116.45800781249997,346.5
2572,25.750976562499996,116.4599609375,339.0
2573,25.750976562499996,116.4619140625,337.0
2574,25.750976562499996,116.4638671875,330.5
2575,25.750976562499996,116.46582031250003,331.0
2576,25.750976562499996,116.4677734375,326.5
2577,25.750976562499996,116.4697265625,329.0
2578,25.750976562499996,116.47167968749997,323.0
2579,25.750976562499996,116.47363281250003,323.0
2580,25.750976562499996,116.47558593750003,322.5
2581,25.750976562499996,116.47753906249997,325.0
2582,25.750976562499996,116.4794921875,327.0
2583,25.750976562499996,116.4814453125,328.0
2584,25.750976562499996,116.4833984375,328.5
2585,25.750976562499996,116.48535156250003,332.5
2586,25.750976562499996,116.4873046875,337.0
2587,25.750976562499996,116.4892578125,341.0
2588,25.7509765625,116.4912109375,344.5
2589,25.750976562499996,116.49316406250003,349.5
2590,25.750976562499996,116.49511718749997,351.5
2591,25.750976562499996,116.49707031249997,353.0
2592,25.750976562499996,116.4990234375,358.0
2593,25.749023437499993,116.44824218750003,338.5
2594,25.749023437499993,116.45019531249997,338.5
2595,25.749023437499993,116.45214843749997,337.0
2596,25.749023437499993,116.45410156250003,336.5
2597,25.749023437499993,116.4560546875,336.5
2598,25.749023437499993,116.45800781249997,333.5
2599,25.749023437499993,116.4599609375,329.5
2600,25.749023437499993,116.4619140625,323.0
2601,25.749023437499993,116.4638671875,316.5
2602,25.749023437499993,116.46582031250003,317.5
2603,25.749023437499993,116.4677734375,312.5
2604,25.749023437499993,116.4697265625,312.5
2605,25.749023437499996,116.47167968749997,307.0
2606,25.749023437499993,116.47363281250003,307.5
2607,25.749023437499993,116.47558593750003,307.0
2608,25.749023437499993,116.47753906249997,308.5
2609,25.749023437499996,116.4794921875,310.5
2610,25.749023437499993,116.4814453125,312.0
2611,25.749023437499993,116.4833984375,314.0
2612,25.749023437499993,116.48535156250003,318.0
2613,25.749023437499993,116.4873046875,322.5
2614,25.749023437499996,116.4892578125,327.5
2615,25.749023437499996,116.4912109375,331.0
2616,25.749023437499996,116.49316406250003,337.0
2617,25.749023437499996,116.49511718749997,339.5
2618,25.749023437499993,116.49707031249997,342.5
2619,25.749023437499993,116.4990234375,348.5
2620,25.747070312500004,116.44824218750003,323.5
2621,25.7470703125,116.45019531249997,324.0
2622,25.7470703125,116.45214843749997,322.0
2623,25.7470703125,116.45410156250003,322.0
2624,25.7470703125,116.4560546875,321.0
2625,25.7470703125,116.45800781249997,316.0
2626,25.7470703125,116.4599609375,312.0
2627,25.7470703125,116.4619140625,308.5
2628,25.7470703125,116.4638671875,302.5
2629,25.7470703125,116.46582031250003,304.5
2630,25.747070312500004,116.4677734375,297.5
2631,25.747070312500004,116.4697265625,296.5
2632,25.747070312500004,116.47167968749997,290.5
2633,25.747070312500004,116.47363281250003,291.0
2634,25.747070312500004,116.47558593750003,291.0
2635,25.7470703125,116.47753906249997,292.5
2636,25.7470703125,116.4794921875,294.0
2637,25.7470703125,116.4814453125,295.0
2638,25.7470703125,116.4833984375,298.0
2639,25.7470703125,116.48535156250003,304.5
2640,25.7470703125,116.4873046875,309.0
2641,25.7470703125,116.4892578125,313.0
2642,25.747070312500004,116.4912109375,318.0
2643,25.747070312500004,116.49316406250003,320.5
2644,25.747070312500004,116.49511718749997,329.0
2645,25.747070312500004,116.49707031249997,333.0
2646,25.7470703125,116.4990234375,340.0
2647,25.745117187499996,116.44824218750003,307.5
2648,25.745117187499996,116.45019531249997,309.0
2649,25.745117187499996,116.45214843749997,308.0
2650,25.745117187499996,116.45410156250003,308.5
2651,25.745117187499996,116.4560546875,306.5
2652,25.745117187499996,116.45800781249997,302.5
2653,25.745117187499996,116.4599609375,299.5
2654,25.745117187499996,116.4619140625,293.0
2655,25.745117187499996,116.4638671875,289.5
2656,25.745117187499996,116.46582031250003,289.0
2657,25.745117187499996,116.4677734375,283.5
2658,25.745117187499996,116.4697265625,279.0
2659,25.745117187499996,116.47167968749997,279.5
2660,25.745117187499996,116.47363281250003,277.5
2661,25.745117187499996,116.47558593750003,277.0
2662,25.745117187499996,116.47753906249997,278.0
2663,25.745117187499996,116.4794921875,279.0
2664,25.745117187499996,116.4814453125,279.5
2665,25.745117187499996,116.4833984375,282.5
2666,25.745117187499996,116.48535156250003,288.5
2667,25.745117187499996,116.4873046875,294.0
2668,25.745117187499996,116.4892578125,299.5
2669,25.745117187499996,116.4912109375,304.0
2670,25.745117187499996,116.49316406250003,306.5
2671,25.745117187499996,116.49511718749997,317.0
2672,25.745117187499996,116.49707031249997,322.0
2673,25.745117187499996,116.4990234375,330.5
2674,25.936523437499996,116.5009765625,239.0
2675,25.936523437499996,116.50292968749997,234.0
2676,25.936523437500004,116.5048828125,228.0
2677,25.936523437499996,116.5068359375,222.0
2678,25.936523437499996,116.50878906250003,216.0
2679,25.936523437499996,116.51074218749997,211.5
2680,25.936523437499996,116.5126953125,208.0
2681,25.936523437499996,116.5146484375,209.5
2682,25.936523437499996,116.51660156249997,214.0
2683,25.936523437499996,116.51855468750003,215.5
2684,25.936523437499996,116.52050781249997,215.5
2685,25.936523437499996,116.5224609375,215.5
2686,25.936523437499996,116.5244140625,214.0
2687,25.936523437499996,116.5263671875,211.5
2688,25.936523437499996,116.52832031250003,208.0
2689,25.936523437499996,116.53027343749997,206.0
2690,25.936523437499996,116.5322265625,207.0
2691,25.936523437499996,116.5341796875,210.0
2692,25.936523437499996,116.53613281250003,212.5
2693,25.936523437499996,116.53808593750003,211.0
2694,25.936523437499996,116.54003906249997,211.5
2695,25.936523437499996,116.54199218750003,211.5
2696,25.936523437499996,116.5439453125,211.5
2697,25.936523437499996,116.5458984375,210.0
2698,25.936523437499996,116.54785156250003,208.0
2699,25.936523437500004,116.54980468749997,203.0
2700,25.936523437499996,116.5517578125,200.5
2701,25.936523437499996,116.5537109375,198.5
2702,25.936523437499996,116.55566406250003,194.0
2703,25.936523437499996,116.5576171875,191.5
2704,25.936523437499996,116.5595703125,193.0
2705,25.936523437499996,116.56152343750003,192.5
2706,25.936523437500004,116.56347656250003,195.0
2707,25.936523437499996,116.56542968749997,195.5
2708,25.936523437499996,116.5673828125,199.0
2709,25.936523437499996,116.5693359375,204.5
2710,25.936523437499996,116.5712890625,209.0
2711,25.936523437499996,116.57324218749997,212.0
2712,25.936523437499996,116.5751953125,212.0
2713,25.936523437499996,116.5771484375,213.5
2714,25.936523437499996,116.5791015625,211.0
2715,25.936523437499996,116.58105468750003,203.5
2716,25.936523437499996,116.58300781249997,200.0
2717,25.936523437500004,116.58496093749997,194.5
2718,25.936523437499996,116.58691406250003,188.5
2719,25.936523437499996,116.5888671875,182.0
2720,25.936523437499996,116.5908203125,179.5
2721,25.936523437499996,116.59277343749997,176.5
2722,25.936523437499996,116.5947265625,173.5
2723,25.936523437499996,116.5966796875,176.5
2724,25.936523437499996,116.5986328125,181.5
2725,25.936523437499996,116.60058593750003,183.5
2726,25.936523437499996,116.6025390625,186.5
2727,25.936523437499996,116.6044921875,192.5
2728,25.936523437499996,116.60644531250003,197.5
2729,25.936523437499996,116.60839843750003,199.0
2730,25.936523437499996,116.61035156250006,201.0
2731,25.936523437500004,116.61230468749997,202.5
2732,25.936523437499996,116.6142578125,205.5
2733,25.936523437499996,116.6162109375,207.5
2734,25.936523437499996,116.61816406249997,207.5
2735,25.936523437500004,116.6201171875,205.5
2736,25.936523437499996,116.6220703125,203.5
2737,25.936523437499996,116.62402343750003,199.5
2738,25.936523437500004,116.62597656250003,194.5
2739,25.936523437499996,116.62792968749997,189.5
2740,25.936523437499996,116.62988281250006,186.0
2741,25.936523437499996,116.63183593749997,169.0
2742,25.936523437499996,116.6337890625,160.0
2743,25.936523437499996,116.63574218749997,148.5
2744,25.936523437499996,116.63769531249997,142.5
2745,25.936523437499996,116.6396484375,148.5
2746,25.936523437499996,116.6416015625,156.5
2747,25.936523437499996,116.64355468750003,160.0
2748,25.936523437499996,116.64550781250003,159.5
2749,25.934570312500004,116.5009765625,242.0
2750,25.934570312500004,116.50292968749997,236.5
2751,25.934570312500004,116.5048828125,231.0
2752,25.934570312500004,116.5068359375,224.5
2753,25.934570312500004,116.50878906250003,219.0
2754,25.934570312500004,116.51074218749997,216.0
2755,25.934570312500004,116.5126953125,212.0
2756,25.934570312500004,116.5146484375,208.5
2757,25.934570312500004,116.51660156249997,211.0
2758,25.934570312500004,116.51855468750003,214.5
2759,25.934570312500004,116.52050781249997,217.0
2760,25.934570312500004,116.5224609375,215.5
2761,25.934570312500004,116.5244140625,214.0
2762,25.934570312500004,116.5263671875,212.0
2763,25.934570312500004,116.52832031250003,210.0
2764,25.934570312500004,116.53027343749997,207.0
2765,25.934570312500004,116.5322265625,205.0
2766,25.934570312500004,116.5341796875,204.5
2767,25.934570312500004,116.53613281250003,207.0
2768,25.934570312500004,116.53808593750003,209.0
2769,25.934570312500004,116.54003906249997,210.0
2770,25.934570312500004,116.54199218750003,209.0
2771,25.934570312500004,116.5439453125,208.0
2772,25.934570312500004,116.5458984375,207.5
2773,25.934570312500004,116.54785156250003,205.5
2774,25.934570312500004,116.54980468749997,201.0
2775,25.934570312500004,116.5517578125,199.5
2776,25.934570312500004,116.5537109375,199.5
2777,25.934570312500004,116.55566406250003,194.0
2778,25.934570312500004,116.5576171875,189.0
2779,25.934570312500004,116.5595703125,187.0
2780,25.934570312500004,116.56152343750003,188.0
2781,25.934570312500004,116.56347656250003,194.5
2782,25.934570312500004,116.56542968749997,196.5
2783,25.934570312500004,116.5673828125,199.5
2784,25.934570312500004,116.5693359375,205.0
2785,25.934570312500004,116.5712890625,209.5
2786,25.934570312500004,116.57324218749997,212.0
2787,25.934570312500004,116.5751953125,213.5
2788,25.934570312500004,116.5771484375,214.0
2789,25.934570312500004,116.5791015625,212.0
2790,25.934570312500004,116.58105468750003,203.5
2791,25.934570312500004,116.58300781249997,199.5
2792,25.934570312500004,116.58496093749997,192.5
2793,25.934570312500004,116.58691406250003,184.5
2794,25.934570312500004,116.5888671875,179.0
2795,25.934570312500004,116.5908203125,179.0
2796,25.934570312500004,116.59277343749997,176.5
2797,25.934570312500004,116.5947265625,175.5
2798,25.934570312500004,116.5966796875,177.0
2799,25.934570312500004,116.5986328125,181.5
2800,25.934570312500004,116.60058593750003,185.0
2801,25.934570312500004,116.6025390625,187.0
2802,25.934570312500004,116.6044921875,194.0
2803,25.934570312500004,116.60644531250003,200.0
2804,25.934570312500004,116.60839843750003,201.5
2805,25.934570312500004,116.61035156250006,202.0
2806,25.934570312500004,116.61230468749997,203.5
2807,25.934570312500004,116.6142578125,207.0
2808,25.934570312500004,116.6162109375,208.5
2809,25.934570312500004,116.61816406249997,207.5
2810,25.934570312500004,116.6201171875,208.0
2811,25.934570312500004,116.6220703125,206.0
2812,25.934570312500004,116.62402343750003,202.5
2813,25.934570312500004,116.62597656250003,197.5
2814,25.934570312500004,116.62792968749997,193.5
2815,25.934570312500004,116.62988281250006,190.5
2816,25.934570312500004,116.63183593749997,175.0
2817,25.934570312500004,116.6337890625,167.5
2818,25.934570312500004,116.63574218749997,158.0
2819,25.934570312500004,116.63769531249997,154.5
2820,25.934570312500004,116.6396484375,157.5
2821,25.934570312500004,116.6416015625,161.5
2822,25.934570312500004,116.64355468750003,162.5
2823,25.934570312500004,116.64550781250003,163.0
2824,25.9326171875,116.5009765625,248.0
2825,25.9326171875,116.50292968749997,240.0
2826,25.9326171875,116.5048828125,234.5
2827,25.9326171875,116.5068359375,227.0
2828,25.9326171875,116.50878906250003,225.5
2829,25.9326171875,116.51074218749997,219.5
2830,25.9326171875,116.5126953125,214.5
2831,25.9326171875,116.5146484375,210.5
2832,25.9326171875,116.51660156249997,210.0
2833,25.9326171875,116.51855468750003,214.0
2834,25.9326171875,116.52050781249997,215.5
2835,25.9326171875,116.5224609375,214.5
2836,25.9326171875,116.5244140625,214.5
2837,25.9326171875,116.5263671875,211.0
2838,25.9326171875,116.52832031250003,208.0
2839,25.9326171875,116.53027343749997,206.0
2840,25.9326171875,116.5322265625,202.5
2841,25.9326171875,116.5341796875,199.0
2842,25.9326171875,116.53613281250003,201.0
2843,25.9326171875,116.53808593750003,206.5
2844,25.9326171875,116.54003906249997,208.5
2845,25.9326171875,116.54199218750003,208.0
2846,25.9326171875,116.5439453125,204.5
2847,25.9326171875,116.5458984375,204.0
2848,25.9326171875,116.54785156250003,203.0
2849,25.9326171875,116.54980468749997,199.0
2850,25.9326171875,116.5517578125,198.0
2851,25.9326171875,116.5537109375,198.0
2852,25.9326171875,116.55566406250003,191.5
2853,25.9326171875,116.5576171875,188.5
2854,25.9326171875,116.5595703125,184.5
2855,25.9326171875,116.56152343750003,184.0
2856,25.9326171875,116.56347656250003,193.5
2857,25.9326171875,116.56542968749997,197.0
2858,25.9326171875,116.5673828125,201.5
2859,25.9326171875,116.5693359375,205.5
2860,25.9326171875,116.5712890625,209.0
2861,25.9326171875,116.57324218749997,212.5
2862,25.9326171875,116.5751953125,213.5
2863,25.9326171875,116.5771484375,214.0
2864,25.9326171875,116.5791015625,211.0
2865,25.9326171875,116.58105468750003,202.5
2866,25.9326171875,116.58300781249997,199.0
2867,25.9326171875,116.58496093749997,189.0
2868,25.9326171875,116.58691406250003,182.0
2869,25.9326171875,116.5888671875,181.5
2870,25.9326171875,116.5908203125,179.0
2871,25.9326171875,116.59277343749997,174.5
2872,25.9326171875,116.5947265625,174.0
2873,25.9326171875,116.5966796875,177.5
2874,25.9326171875,116.5986328125,182.5
2875,25.9326171875,116.60058593750003,186.0
2876,25.9326171875,116.6025390625,189.5
2877,25.9326171875,116.6044921875,195.0
2878,25.9326171875,116.60644531250003,199.0
2879,25.9326171875,116.60839843750003,203.0
2880,25.9326171875,116.61035156250006,205.5
2881,25.9326171875,116.61230468749997,206.5
2882,25.9326171875,116.6142578125,210.0
2883,25.9326171875,116.6162109375,210.0
2884,25.9326171875,116.61816406249997,209.0
2885,25.9326171875,116.6201171875,208.5
2886,25.9326171875,116.6220703125,204.5
2887,25.9326171875,116.62402343750003,202.0
2888,25.9326171875,116.62597656250003,199.0
2889,25.9326171875,116.62792968749997,196.0
2890,25.9326171875,116.62988281250006,192.0
2891,25.9326171875,116.63183593749997,181.5
2892,25.9326171875,116.6337890625,173.5
2893,25.9326171875,116.63574218749997,167.0
2894,25.9326171875,116.63769531249997,165.5
2895,25.9326171875,116.6396484375,167.0
2896,25.9326171875,116.6416015625,167.5
2897,25.9326171875,116.64355468750003,166.5
2898,25.9326171875,116.64550781250003,167.0
2899,25.930664062499996,116.5009765625,251.5
2900,25.930664062499996,116.50292968749997,244.5
2901,25.930664062499996,116.5048828125,237.0
2902,25.930664062499996,116.5068359375,231.0
2903,25.930664062499996,116.50878906250003,227.0
2904,25.930664062499996,116.51074218749997,226.5
2905,25.930664062499996,116.5126953125,221.5
2906,25.930664062499996,116.5146484375,216.5
2907,25.930664062499996,116.51660156249997,214.5
2908,25.930664062499996,116.51855468750003,214.0
2909,25.930664062499996,116.52050781249997,212.5
2910,25.930664062499996,116.5224609375,212.5
2911,25.930664062499996,116.5244140625,212.5
2912,25.930664062499996,116.5263671875,208.5
2913,25.930664062499996,116.52832031250003,205.0
2914,25.930664062499996,116.53027343749997,204.5
2915,25.930664062499996,116.5322265625,202.5
2916,25.930664062499996,116.5341796875,199.5
2917,25.930664062499996,116.53613281250003,202.0
2918,25.930664062499996,116.53808593750003,204.0
2919,25.930664062499996,116.54003906249997,206.0
2920,25.930664062499996,116.54199218750003,204.0
2921,25.930664062499996,116.5439453125,202.5
2922,25.930664062499996,116.5458984375,201.5
2923,25.930664062499996,116.54785156250003,200.0
2924,25.930664062499996,116.54980468749997,194.5
2925,25.930664062499996,116.5517578125,192.5
2926,25.930664062499996,116.5537109375,189.5
2927,25.930664062499996,116.55566406250003,183.5
2928,25.930664062499996,116.5576171875,185.0
2929,25.930664062499996,116.5595703125,185.0
2930,25.930664062499996,116.56152343750003,182.0
2931,25.930664062499996,116.56347656250003,191.0
2932,25.930664062499996,116.56542968749997,194.5
2933,25.930664062499996,116.5673828125,201.0
2934,25.930664062499996,116.5693359375,205.0
2935,25.930664062499996,116.5712890625,209.0
2936,25.930664062499996,116.57324218749997,212.5
2937,25.930664062499996,116.5751953125,213.5
2938,25.930664062499996,116.5771484375,213.5
2939,25.930664062499996,116.5791015625,210.5
2940,25.930664062499996,116.58105468750003,202.5
2941,25.930664062499996,116.58300781249997,198.5
2942,25.930664062499996,116.58496093749997,190.0
2943,25.930664062499996,116.58691406250003,185.5
2944,25.930664062499996,116.5888671875,181.5
2945,25.930664062499996,116.5908203125,177.5
2946,25.930664062499996,116.59277343749997,173.0
2947,25.930664062499996,116.5947265625,171.5
2948,25.930664062499996,116.5966796875,176.0
2949,25.930664062499996,116.5986328125,181.5
2950,25.930664062499996,116.60058593750003,186.0
2951,25.930664062499996,116.6025390625,190.0
2952,25.930664062499996,116.6044921875,191.0
2953,25.930664062499996,116.60644531250003,192.5
2954,25.930664062499996,116.60839843750003,201.5
2955,25.930664062499996,116.61035156250006,204.5
2956,25.930664062499996,116.61230468749997,207.0
2957,25.930664062499996,116.6142578125,210.5
2958,25.930664062499996,116.6162109375,211.5
2959,25.930664062499996,116.61816406249997,212.0
2960,25.930664062499996,116.6201171875,210.0
2961,25.930664062499996,116.6220703125,204.5
2962,25.930664062499996,116.62402343750003,203.5
2963,25.930664062499996,116.62597656250003,203.0
2964,25.930664062499996,116.62792968749997,198.0
2965,25.930664062499996,116.62988281250006,193.0
2966,25.930664062499996,116.63183593749997,182.5
2967,25.930664062499996,116.6337890625,177.5
2968,25.930664062499996,116.63574218749997,174.0
2969,25.930664062499996,116.63769531249997,173.0
2970,25.930664062499996,116.6396484375,174.0
2971,25.930664062499996,116.6416015625,173.0
2972,25.930664062499996,116.64355468750003,171.0
2973,25.930664062499996,116.64550781250003,171.0
2974,25.9287109375,116.5009765625,253.0
2975,25.9287109375,116.50292968749997,247.5
2976,25.9287109375,116.5048828125,239.5
2977,25.9287109375,116.5068359375,236.5
2978,25.9287109375,116.50878906250003,234.0
2979,25.9287109375,116.51074218749997,231.5
2980,25.9287109375,116.5126953125,226.5
2981,25.9287109375,116.5146484375,221.0
2982,25.9287109375,116.51660156249997,219.0
2983,25.9287109375,116.51855468750003,216.0
2984,25.9287109375,116.52050781249997,212.0
2985,25.9287109375,116.5224609375,210.0
2986,25.9287109375,116.5244140625,209.0
2987,25.9287109375,116.5263671875,206.0
2988,25.9287109375,116.52832031250003,206.0
2989,25.9287109375,116.53027343749997,205.5
2990,25.9287109375,116.5322265625,200.5
2991,25.9287109375,116.5341796875,199.5
2992,25.9287109375,116.53613281250003,202.0
2993,25.9287109375,116.53808593750003,202.5
2994,25.9287109375,116.54003906249997,201.5
2995,25.9287109375,116.54199218750003,201.5
2996,25.9287109375,116.5439453125,200.5
2997,25.9287109375,116.5458984375,199.0
2998,25.9287109375,116.54785156250003,196.5
2999,25.9287109375,116.54980468749997,191.5
3000,25.9287109375,116.5517578125,190.0
3001,25.9287109375,116.5537109375,186.5
3002,25.9287109375,116.55566406250003,182.5
3003,25.9287109375,116.5576171875,184.5
3004,25.9287109375,116.5595703125,185.5
3005,25.9287109375,116.56152343750003,184.0
3006,25.9287109375,116.56347656250003,187.0
3007,25.9287109375,116.56542968749997,191.0
3008,25.9287109375,116.5673828125,198.5
3009,25.9287109375,116.5693359375,202.0
3010,25.9287109375,116.5712890625,206.5
3011,25.9287109375,116.57324218749997,212.5
3012,25.9287109375,116.5751953125,212.5
3013,25.9287109375,116.5771484375,212.5
3014,25.9287109375,116.5791015625,210.5
3015,25.9287109375,116.58105468750003,201.0
3016,25.9287109375,116.58300781249997,198.0
3017,25.9287109375,116.58496093749997,190.5
3018,25.9287109375,116.58691406250003,185.5
3019,25.9287109375,116.5888671875,179.0
3020,25.9287109375,116.5908203125,174.0
3021,25.9287109375,116.59277343749997,171.0
3022,25.9287109375,116.5947265625,169.5
3023,25.9287109375,116.5966796875,173.0
3024,25.9287109375,116.5986328125,178.0
3025,25.9287109375,116.60058593750003,181.0
3026,25.9287109375,116.6025390625,186.5
3027,25.9287109375,116.6044921875,189.5
3028,25.9287109375,116.60644531250003,191.5
3029,25.9287109375,116.60839843750003,200.0
3030,25.9287109375,116.61035156250006,201.5
3031,25.9287109375,116.61230468749997,204.5
3032,25.9287109375,116.6142578125,211.0
3033,25.9287109375,116.6162109375,210.0
3034,25.9287109375,116.61816406249997,210.5
3035,25.9287109375,116.6201171875,207.5
3036,25.9287109375,116.6220703125,205.0
3037,25.9287109375,116.62402343750003,206.0
3038,25.9287109375,116.62597656250003,203.0
3039,25.9287109375,116.62792968749997,198.5
3040,25.9287109375,116.62988281250006,194.5
3041,25.9287109375,116.63183593749997,183.5
3042,25.9287109375,116.6337890625,178.0
3043,25.9287109375,116.63574218749997,177.0
3044,25.9287109375,116.63769531249997,179.0
3045,25.9287109375,116.6396484375,179.5
3046,25.9287109375,116.6416015625,178.0
3047,25.9287109375,116.64355468750003,176.0
3048,25.9287109375,116.64550781250003,175.0
3049,25.926757812499996,116.5009765625,253.5
3050,25.9267578125,116.50292968749997,249.5
3051,25.926757812499996,116.5048828125,246.5
3052,25.9267578125,116.5068359375,245.0
3053,25.926757812499996,116.50878906250003,242.5
3054,25.926757812499996,116.51074218749997,236.0
3055,25.9267578125,116.5126953125,230.5
3056,25.9267578125,116.5146484375,225.0
3057,25.926757812499996,116.51660156249997,221.5
3058,25.9267578125,116.51855468750003,217.5
3059,25.926757812499996,116.52050781249997,212.0
3060,25.926757812499996,116.5224609375,210.5
3061,25.926757812499996,116.5244140625,209.0
3062,25.926757812499996,116.5263671875,206.5
3063,25.926757812499996,116.52832031250003,205.5
3064,25.926757812499996,116.53027343749997,203.5
3065,25.926757812499996,116.5322265625,197.5
3066,25.926757812499996,116.5341796875,197.0
3067,25.926757812499996,116.53613281250003,199.0
3068,25.926757812499996,116.53808593750003,201.0
3069,25.9267578125,116.54003906249997,201.0
3070,25.926757812499996,116.54199218750003,199.5
3071,25.926757812499996,116.5439453125,198.5
3072,25.926757812499996,116.5458984375,196.5
3073,25.926757812499996,116.54785156250003,193.0
3074,25.9267578125,116.54980468749997,189.0
3075,25.926757812499996,116.5517578125,187.5
3076,25.926757812499996,116.5537109375,185.5
3077,25.926757812499996,116.55566406250003,182.0
3078,25.9267578125,116.5576171875,182.0
3079,25.9267578125,116.5595703125,182.0
3080,25.926757812499996,116.56152343750003,182.5
3081,25.926757812499996,116.56347656250003,186.0
3082,25.926757812499996,116.56542968749997,187.5
3083,25.926757812499996,116.5673828125,200.0
3084,25.926757812499996,116.5693359375,204.0
3085,25.926757812499996,116.5712890625,206.5
3086,25.926757812499996,116.57324218749997,211.5
3087,25.926757812499996,116.5751953125,211.0
3088,25.926757812499996,116.5771484375,209.5
3089,25.926757812499996,116.5791015625,207.0
3090,25.926757812499996,116.58105468750003,199.0
3091,25.9267578125,116.58300781249997,195.5
3092,25.9267578125,116.58496093749997,189.0
3093,25.926757812499996,116.58691406250003,184.5
3094,25.9267578125,116.5888671875,177.5
3095,25.926757812499996,116.5908203125,174.0
3096,25.926757812499996,116.59277343749997,169.0
3097,25.9267578125,116.5947265625,166.5
3098,25.926757812499996,116.5966796875,171.0
3099,25.926757812499996,116.5986328125,175.5
3100,25.926757812499996,116.60058593750003,179.0
3101,25.926757812499996,116.6025390625,185.5
3102,25.926757812499996,116.6044921875,189.0
3103,25.926757812499996,116.60644531250003,193.0
3104,25.926757812499996,116.60839843750003,196.5
3105,25.926757812499996,116.61035156250006,197.5
3106,25.926757812499996,116.61230468749997,201.0
3107,25.926757812499996,116.6142578125,208.0
3108,25.926757812499996,116.6162109375,207.5
3109,25.926757812499996,116.61816406249997,208.0
3110,25.926757812499996,116.6201171875,204.5
3111,25.926757812499996,116.6220703125,203.5
3112,25.9267578125,116.62402343750003,205.5
3113,25.926757812499996,116.62597656250003,203.0
3114,25.926757812499996,116.62792968749997,200.5
3115,25.9267578125,116.62988281250006,198.0
3116,25.926757812499996,116.63183593749997,190.5
3117,25.926757812499996,116.6337890625,184.5
3118,25.926757812499996,116.63574218749997,182.5
3119,25.926757812499996,116.63769531249997,184.5
3120,25.926757812499996,116.6396484375,185.0
3121,25.9267578125,116.6416015625,183.0
3122,25.926757812499996,116.64355468750003,182.5
3123,25.926757812499996,116.64550781250003,180.5
3124,25.924804687499993,116.5009765625,254.5
3125,25.924804687499993,116.50292968749997,252.0
3126,25.924804687499993,116.5048828125,252.0
3127,25.924804687499993,116.5068359375,250.5
3128,25.924804687499993,116.50878906250003,249.5
3129,25.924804687499993,116.51074218749997,242.0
3130,25.924804687499993,116.5126953125,236.5
3131,25.924804687499993,116.5146484375,230.0
3132,25.924804687499993,116.51660156249997,224.5
3133,25.924804687499993,116.51855468750003,219.5
3134,25.924804687499993,116.52050781249997,216.0
3135,25.924804687499993,116.5224609375,215.0
3136,25.924804687499993,116.5244140625,211.5
3137,25.924804687499993,116.5263671875,208.0
3138,25.924804687499993,116.52832031250003,204.0
3139,25.924804687499993,116.53027343749997,200.5
3140,25.924804687499993,116.5322265625,196.5
3141,25.924804687499993,116.5341796875,196.0
3142,25.924804687499993,116.53613281250003,199.0
3143,25.924804687499993,116.53808593750003,200.5
3144,25.924804687499993,116.54003906249997,200.5
3145,25.924804687499993,116.54199218750003,200.5
3146,25.924804687499993,116.5439453125,198.5
3147,25.924804687499993,116.5458984375,196.5
3148,25.924804687499993,116.54785156250003,193.0
3149,25.924804687499993,116.54980468749997,189.5
3150,25.924804687499993,116.5517578125,187.0
3151,25.924804687499993,116.5537109375,183.0
3152,25.924804687499993,116.55566406250003,179.0
3153,25.924804687499993,116.5576171875,177.0
3154,25.924804687499993,116.5595703125,178.5
3155,25.924804687499993,116.56152343750003,181.5
3156,25.924804687499993,116.56347656250003,184.0
3157,25.924804687499993,116.56542968749997,187.5
3158,25.924804687499993,116.5673828125,199.0
3159,25.924804687499993,116.5693359375,205.0
3160,25.924804687499993,116.5712890625,208.5
3161,25.924804687499993,116.57324218749997,210.0
3162,25.924804687499993,116.5751953125,209.5
3163,25.924804687499993,116.5771484375,209.5
3164,25.924804687499993,116.5791015625,207.0
3165,25.924804687499993,116.58105468750003,198.5
3166,25.924804687499993,116.58300781249997,195.5
3167,25.924804687499993,116.58496093749997,187.5
3168,25.924804687499993,116.58691406250003,183.5
3169,25.924804687499993,116.5888671875,178.0
3170,25.924804687499993,116.5908203125,175.0
3171,25.924804687499993,116.59277343749997,168.0
3172,25.924804687499993,116.5947265625,165.5
3173,25.924804687499993,116.5966796875,173.5
3174,25.924804687499993,116.5986328125,175.5
3175,25.924804687499993,116.60058593750003,178.5
3176,25.924804687499993,116.6025390625,184.0
3177,25.924804687499993,116.6044921875,185.0
3178,25.924804687499993,116.60644531250003,188.5
3179,25.924804687499993,116.60839843750003,191.5
3180,25.924804687499993,116.61035156250006,194.5
3181,25.924804687499993,116.61230468749997,199.0
3182,25.924804687499993,116.6142578125,206.0
3183,25.924804687499993,116.6162109375,206.5
3184,25.924804687499993,116.61816406249997,208.0
3185,25.924804687499993,116.6201171875,209.0
3186,25.924804687499993,116.6220703125,207.5
3187,25.924804687499993,116.62402343750003,205.0
3188,25.924804687499993,116.62597656250003,203.5
3189,25.924804687499993,116.62792968749997,202.0
3190,25.924804687499993,116.62988281250006,200.5
3191,25.924804687499993,116.63183593749997,195.0
3192,25.924804687499993,116.6337890625,190.0
3193,25.924804687499993,116.63574218749997,187.0
3194,25.924804687499993,116.63769531249997,187.5
3195,25.924804687499993,116.6396484375,188.0
3196,25.924804687499993,116.6416015625,186.5
3197,25.924804687499993,116.64355468750003,186.5
3198,25.924804687499993,116.64550781250003,184.5
3199,25.922851562499996,116.5009765625,253.0
3200,25.922851562499996,116.50292968749997,252.5
3201,25.922851562499996,116.5048828125,254.5
3202,25.922851562499996,116.5068359375,255.0
3203,25.922851562499996,116.50878906250003,253.0
3204,25.922851562499996,116.51074218749997,246.5
3205,25.922851562499996,116.5126953125,240.5
3206,25.922851562499996,116.5146484375,233.0
3207,25.922851562499996,116.51660156249997,226.5
3208,25.922851562499996,116.51855468750003,221.5
3209,25.922851562499996,116.52050781249997,218.5
3210,25.922851562499996,116.5224609375,216.0
3211,25.922851562499996,116.5244140625,210.0
3212,25.922851562499996,116.5263671875,207.5
3213,25.922851562499996,116.52832031250003,203.5
3214,25.922851562499996,116.53027343749997,200.0
3215,25.922851562499996,116.5322265625,197.5
3216,25.922851562499996,116.5341796875,198.0
3217,25.922851562499996,116.53613281250003,200.5
3218,25.922851562499996,116.53808593750003,199.0
3219,25.922851562499996,116.54003906249997,199.0
3220,25.922851562499996,116.54199218750003,197.5
3221,25.922851562499996,116.5439453125,200.5
3222,25.922851562499996,116.5458984375,197.0
3223,25.922851562499996,116.54785156250003,195.0
3224,25.922851562499996,116.54980468749997,193.5
3225,25.922851562499996,116.5517578125,188.5
3226,25.922851562499996,116.5537109375,183.0
3227,25.922851562499996,116.55566406250003,179.5
3228,25.922851562499996,116.5576171875,178.5
3229,25.922851562499996,116.5595703125,178.0
3230,25.922851562499996,116.56152343750003,180.5
3231,25.922851562499996,116.56347656250003,186.0
3232,25.922851562499996,116.56542968749997,191.0
3233,25.922851562499996,116.5673828125,197.0
3234,25.922851562499996,116.5693359375,204.0
3235,25.922851562499996,116.5712890625,208.0
3236,25.922851562499996,116.57324218749997,209.5
3237,25.922851562499996,116.5751953125,209.0
3238,25.922851562499996,116.5771484375,209.0
3239,25.922851562499996,116.5791015625,206.0
3240,25.922851562499996,116.58105468750003,198.5
3241,25.922851562499996,116.58300781249997,196.5
3242,25.922851562499996,116.58496093749997,190.0
3243,25.922851562499996,116.58691406250003,184.5
3244,25.922851562499996,116.5888671875,179.0
3245,25.922851562499996,116.5908203125,175.5
3246,25.922851562499996,116.59277343749997,172.0
3247,25.922851562499996,116.5947265625,172.0
3248,25.922851562499996,116.5966796875,178.0
3249,25.922851562499996,116.5986328125,178.0
3250,25.922851562499996,116.60058593750003,178.5
3251,25.922851562499996,116.6025390625,182.0
3252,25.922851562499996,116.6044921875,184.0
3253,25.922851562499996,116.60644531250003,187.0
3254,25.922851562499996,116.60839843750003,191.5
3255,25.922851562499996,116.61035156250006,196.0
3256,25.922851562499996,116.61230468749997,200.5
3257,25.922851562499996,116.6142578125,206.0
3258,25.922851562499996,116.6162109375,209.0
3259,25.922851562499996,116.61816406249997,211.0
3260,25.922851562499996,116.6201171875,212.5
3261,25.922851562499996,116.6220703125,211.5
3262,25.922851562499996,116.62402343750003,209.5
3263,25.922851562499996,116.62597656250003,206.5
3264,25.922851562499996,116.62792968749997,204.5
3265,25.922851562499996,116.62988281250006,203.0
3266,25.922851562499996,116.63183593749997,199.5
3267,25.922851562499996,116.6337890625,196.5
3268,25.922851562499996,116.63574218749997,192.5
3269,25.922851562499996,116.63769531249997,192.0
3270,25.922851562499996,116.6396484375,192.5
3271,25.922851562499996,116.6416015625,192.0
3272,25.922851562499996,116.64355468750003,191.5
3273,25.922851562499996,116.64550781250003,190.5
3274,25.920898437499996,116.5009765625,253.0
3275,25.920898437499996,116.50292968749997,254.5
3276,25.920898437499996,116.5048828125,257.0
3277,25.9208984375,116.5068359375,257.0
3278,25.920898437499996,116.50878906250003,256.0
3279,25.920898437499996,116.51074218749997,251.0
3280,25.9208984375,116.5126953125,245.0
3281,25.920898437499996,116.5146484375,237.5
3282,25.920898437499996,116.51660156249997,229.0
3283,25.920898437499996,116.51855468750003,224.0
3284,25.9208984375,116.52050781249997,219.0
3285,25.9208984375,116.5224609375,213.0
3286,25.920898437499996,116.5244140625,206.0
3287,25.9208984375,116.5263671875,204.0
3288,25.920898437499996,116.52832031250003,201.0
3289,25.9208984375,116.53027343749997,197.5
3290,25.9208984375,116.5322265625,197.5
3291,25.920898437499996,116.5341796875,198.5
3292,25.9208984375,116.53613281250003,200.5
3293,25.920898437499996,116.53808593750003,197.5
3294,25.920898437499996,116.54003906249997,198.0
3295,25.920898437499996,116.54199218750003,200.0
3296,25.920898437499996,116.5439453125,201.5
3297,25.9208984375,116.5458984375,199.0
3298,25.920898437499996,116.54785156250003,199.0
3299,25.920898437499996,116.54980468749997,197.0
3300,25.920898437499996,116.5517578125,185.0
3301,25.920898437499996,116.5537109375,179.0
3302,25.920898437499996,116.55566406250003,181.0
3303,25.920898437499996,116.5576171875,180.5
3304,25.920898437499996,116.5595703125,178.5
3305,25.9208984375,116.56152343750003,181.0
3306,25.920898437499996,116.56347656250003,189.5
3307,25.920898437499996,116.56542968749997,192.5
3308,25.920898437499996,116.5673828125,200.5
3309,25.9208984375,116.5693359375,204.0
3310,25.920898437499996,116.5712890625,205.5
3311,25.9208984375,116.57324218749997,209.0
3312,25.920898437499996,116.5751953125,209.5
3313,25.920898437499996,116.5771484375,208.5
3314,25.9208984375,116.5791015625,206.0
3315,25.9208984375,116.58105468750003,199.0
3316,25.9208984375,116.58300781249997,199.0
3317,25.9208984375,116.58496093749997,194.5
3318,25.920898437499996,116.58691406250003,190.0
3319,25.920898437499996,116.5888671875,183.5
3320,25.9208984375,116.5908203125,180.0
3321,25.920898437499996,116.59277343749997,179.0
3322,25.9208984375,116.5947265625,178.5
3323,25.920898437499996,116.5966796875,182.5
3324,25.920898437499996,116.5986328125,181.0
3325,25.920898437499996,116.60058593750003,179.5
3326,25.920898437499996,116.6025390625,183.0
3327,25.920898437499996,116.6044921875,187.5
3328,25.920898437499996,116.60644531250003,189.5
3329,25.920898437499996,116.60839843750003,193.0
3330,25.920898437499996,116.61035156250006,196.5
3331,25.920898437499996,116.61230468749997,201.0
3332,25.920898437499996,116.6142578125,210.5
3333,25.920898437499996,116.6162109375,213.5
3334,25.920898437499996,116.61816406249997,217.0
3335,25.920898437499996,116.6201171875,216.0
3336,25.920898437499996,116.6220703125,215.5
3337,25.9208984375,116.62402343750003,215.0
3338,25.920898437499996,116.62597656250003,213.0
3339,25.9208984375,116.62792968749997,211.0
3340,25.920898437499996,116.62988281250006,207.5
3341,25.9208984375,116.63183593749997,206.0
3342,25.9208984375,116.6337890625,204.0
3343,25.920898437499996,116.63574218749997,200.0
3344,25.9208984375,116.63769531249997,199.5
3345,25.9208984375,116.6396484375,199.0
3346,25.920898437499996,116.6416015625,197.0
3347,25.920898437499996,116.64355468750003,196.5
3348,25.9208984375,116.64550781250003,196.0
3349,25.918945312499993,116.5009765625,254.0
3350,25.9189453125,116.50292968749997,256.5
3351,25.918945312499993,116.5048828125,257.0
3352,25.9189453125,116.5068359375,253.5
3353,25.918945312499993,116.50878906250003,256.0
3354,25.9189453125,116.51074218749997,254.0
3355,25.918945312499993,116.5126953125,247.5
3356,25.9189453125,116.5146484375,240.0
3357,25.918945312499993,116.51660156249997,231.0
3358,25.918945312499993,116.51855468750003,225.5
3359,25.9189453125,116.52050781249997,220.0
3360,25.9189453125,116.5224609375,214.5
3361,25.9189453125,116.5244140625,208.0
3362,25.9189453125,116.5263671875,202.5
3363,25.9189453125,116.52832031250003,200.0
3364,25.9189453125,116.53027343749997,196.5
3365,25.918945312499993,116.5322265625,195.0
3366,25.918945312499993,116.5341796875,197.0
3367,25.9189453125,116.53613281250003,201.5
3368,25.9189453125,116.53808593750003,197.0
3369,25.9189453125,116.54003906249997,199.5
3370,25.918945312499993,116.54199218750003,202.5
3371,25.918945312499993,116.5439453125,204.0
3372,25.918945312499993,116.5458984375,204.0
3373,25.918945312499993,116.54785156250003,201.5
3374,25.9189453125,116.54980468749997,197.0
3375,25.918945312499993,116.5517578125,183.0
3376,25.918945312499993,116.5537109375,179.5
3377,25.9189453125,116.55566406250003,185.5
3378,25.9189453125,116.5576171875,184.5
3379,25.918945312499993,116.5595703125,182.5
3380,25.918945312499993,116.56152343750003,185.0
3381,25.918945312499993,116.56347656250003,190.5
3382,25.918945312499993,116.56542968749997,194.0
3383,25.918945312499993,116.5673828125,202.0
3384,25.9189453125,116.5693359375,204.5
3385,25.918945312499993,116.5712890625,206.0
3386,25.918945312499993,116.57324218749997,210.5
3387,25.9189453125,116.5751953125,211.5
3388,25.918945312499993,116.5771484375,211.5
3389,25.918945312499993,116.5791015625,208.0
3390,25.9189453125,116.58105468750003,204.5
3391,25.918945312499993,116.58300781249997,202.5
3392,25.918945312499993,116.58496093749997,196.5
3393,25.918945312499993,116.58691406250003,194.0
3394,25.9189453125,116.5888671875,188.5
3395,25.918945312499993,116.5908203125,185.0
3396,25.918945312499993,116.59277343749997,185.0
3397,25.9189453125,116.5947265625,182.0
3398,25.918945312499993,116.5966796875,183.0
3399,25.918945312499993,116.5986328125,181.5
3400,25.918945312499993,116.60058593750003,180.5
3401,25.9189453125,116.6025390625,186.5
3402,25.9189453125,116.6044921875,190.5
3403,25.918945312499993,116.60644531250003,195.0
3404,25.918945312499993,116.60839843750003,199.0
3405,25.918945312499993,116.61035156250006,201.5
3406,25.9189453125,116.61230468749997,206.0
3407,25.9189453125,116.6142578125,214.5
3408,25.918945312499993,116.6162109375,218.0
3409,25.918945312499993,116.61816406249997,220.5
3410,25.9189453125,116.6201171875,221.0
3411,25.918945312499993,116.6220703125,222.0
3412,25.9189453125,116.62402343750003,221.5
3413,25.9189453125,116.62597656250003,219.5
3414,25.918945312499993,116.62792968749997,215.5
3415,25.918945312499993,116.62988281250006,214.0
3416,25.918945312499993,116.63183593749997,211.5
3417,25.9189453125,116.6337890625,211.0
3418,25.918945312499993,116.63574218749997,207.0
3419,25.9189453125,116.63769531249997,206.0
3420,25.9189453125,116.6396484375,203.5
3421,25.918945312499993,116.6416015625,200.0
3422,25.918945312499993,116.64355468750003,200.5
3423,25.918945312499993,116.64550781250003,202.0
3424,25.916992187500004,116.5009765625,253.5
3425,25.916992187499996,116.50292968749997,257.5
3426,25.916992187499996,116.5048828125,259.0
3427,25.916992187499996,116.5068359375,257.0
3428,25.916992187499996,116.50878906250003,256.0
3429,25.916992187500004,116.51074218749997,254.0
3430,25.916992187499996,116.5126953125,247.5
3431,25.916992187500004,116.5146484375,239.5
3432,25.916992187499996,116.51660156249997,232.5
3433,25.916992187499996,116.51855468750003,226.5
3434,25.916992187499996,116.52050781249997,220.5
3435,25.916992187500004,116.5224609375,214.5
3436,25.916992187499996,116.5244140625,208.0
3437,25.916992187500004,116.5263671875,202.0
3438,25.916992187499996,116.52832031250003,197.5
3439,25.916992187499996,116.53027343749997,193.0
3440,25.916992187499996,116.5322265625,192.0
3441,25.916992187499996,116.5341796875,195.0
3442,25.916992187499996,116.53613281250003,199.0
3443,25.916992187500004,116.53808593750003,197.5
3444,25.916992187499996,116.54003906249997,201.5
3445,25.916992187499996,116.54199218750003,204.0
3446,25.916992187499996,116.5439453125,205.5
3447,25.916992187499996,116.5458984375,205.0
3448,25.916992187499996,116.54785156250003,201.5
3449,25.916992187499996,116.54980468749997,198.5
3450,25.916992187499996,116.5517578125,191.0
3451,25.916992187499996,116.5537109375,187.0
3452,25.916992187500004,116.55566406250003,189.5
3453,25.916992187499996,116.5576171875,187.0
3454,25.916992187499996,116.5595703125,186.0
3455,25.916992187499996,116.56152343750003,189.0
3456,25.916992187500004,116.56347656250003,193.0
3457,25.916992187499996,116.56542968749997,197.0
3458,25.916992187499996,116.5673828125,204.0
3459,25.916992187499996,116.5693359375,207.5
3460,25.916992187499996,116.5712890625,210.5
3461,25.916992187499996,116.57324218749997,213.5
3462,25.916992187499996,116.5751953125,214.5
3463,25.916992187499996,116.5771484375,214.5
3464,25.916992187499996,116.5791015625,213.0
3465,25.916992187500004,116.58105468750003,209.5
3466,25.916992187499996,116.58300781249997,207.5
3467,25.916992187500004,116.58496093749997,199.5
3468,25.916992187499996,116.58691406250003,196.0
3469,25.916992187499996,116.5888671875,195.0
3470,25.916992187499996,116.5908203125,191.5
3471,25.916992187499996,116.59277343749997,189.5
3472,25.916992187499996,116.5947265625,186.0
3473,25.916992187499996,116.5966796875,185.0
3474,25.916992187499996,116.5986328125,184.5
3475,25.916992187499996,116.60058593750003,188.0
3476,25.916992187499996,116.6025390625,195.0
3477,25.916992187500004,116.6044921875,197.0
3478,25.916992187499996,116.60644531250003,200.0
3479,25.916992187499996,116.60839843750003,205.5
3480,25.916992187499996,116.61035156250006,209.0
3481,25.916992187499996,116.61230468749997,214.0
3482,25.916992187499996,116.6142578125,220.5
3483,25.916992187499996,116.6162109375,221.5
3484,25.916992187499996,116.61816406249997,224.0
3485,25.916992187499996,116.6201171875,226.5
3486,25.916992187499996,116.6220703125,228.0
3487,25.916992187500004,116.62402343750003,226.5
3488,25.916992187500004,116.62597656250003,225.0
3489,25.916992187500004,116.62792968749997,220.0
3490,25.916992187499996,116.62988281250006,221.5
3491,25.916992187499996,116.63183593749997,216.0
3492,25.916992187500004,116.6337890625,215.0
3493,25.916992187499996,116.63574218749997,214.0
3494,25.916992187500004,116.63769531249997,212.5
3495,25.916992187499996,116.6396484375,208.5
3496,25.916992187499996,116.6416015625,206.5
3497,25.916992187499996,116.64355468750003,208.5
3498,25.916992187499996,116.64550781250003,211.0
3499,25.915039062499996,116.5009765625,254.0
3500,25.915039062499996,116.50292968749997,258.5
3501,25.915039062499996,116.5048828125,261.0
3502,25.915039062499996,116.5068359375,259.0
3503,25.915039062499996,116.50878906250003,256.0
3504,25.915039062499996,116.51074218749997,253.5
3505,25.915039062499996,116.5126953125,247.0
3506,25.915039062499996,116.5146484375,238.5
3507,25.915039062499996,116.51660156249997,232.0
3508,25.915039062499996,116.51855468750003,227.0
3509,25.915039062499996,116.52050781249997,220.0
3510,25.915039062499996,116.5224609375,213.0
3511,25.9150390625,116.5244140625,207.5
3512,25.915039062499996,116.5263671875,198.0
3513,25.915039062499996,116.52832031250003,191.5
3514,25.915039062499996,116.53027343749997,191.0
3515,25.915039062499996,116.5322265625,192.0
3516,25.915039062499996,116.5341796875,194.5
3517,25.9150390625,116.53613281250003,197.5
3518,25.915039062499996,116.53808593750003,198.5
3519,25.915039062499996,116.54003906249997,201.5
3520,25.915039062499996,116.54199218750003,203.0
3521,25.915039062499996,116.5439453125,205.5
3522,25.915039062499996,116.5458984375,204.0
3523,25.915039062499996,116.54785156250003,200.5
3524,25.915039062499996,116.54980468749997,197.5
3525,25.915039062499996,116.5517578125,194.0
3526,25.915039062499996,116.5537109375,191.5
3527,25.915039062499996,116.55566406250003,189.5
3528,25.915039062499996,116.5576171875,188.0
3529,25.9150390625,116.5595703125,191.0
3530,25.915039062499996,116.56152343750003,196.0
3531,25.915039062499996,116.56347656250003,198.5
3532,25.915039062499996,116.56542968749997,202.0
3533,25.915039062499996,116.5673828125,208.0
3534,25.915039062499996,116.5693359375,211.5
3535,25.915039062499996,116.5712890625,214.0
3536,25.915039062499996,116.57324218749997,219.5
3537,25.915039062499996,116.5751953125,217.5
3538,25.915039062499996,116.5771484375,220.0
3539,25.915039062499996,116.5791015625,218.0
3540,25.915039062499996,116.58105468750003,215.5
3541,25.915039062499996,116.58300781249997,213.5
3542,25.9150390625,116.58496093749997,207.5
3543,25.915039062499996,116.58691406250003,203.5
3544,25.915039062499996,116.5888671875,201.5
3545,25.915039062499996,116.5908203125,196.5
3546,25.915039062499996,116.59277343749997,195.0
3547,25.915039062499996,116.5947265625,192.5
3548,25.915039062499996,116.5966796875,192.5
3549,25.915039062499996,116.5986328125,193.5
3550,25.915039062499996,116.60058593750003,197.0
3551,25.915039062499996,116.6025390625,203.0
3552,25.915039062499996,116.6044921875,205.5
3553,25.915039062499996,116.60644531250003,207.0
3554,25.915039062499996,116.60839843750003,212.0
3555,25.915039062499996,116.61035156250006,215.5
3556,25.915039062499996,116.61230468749997,221.0
3557,25.915039062499996,116.6142578125,227.0
3558,25.915039062499996,116.6162109375,227.0
3559,25.915039062499996,116.61816406249997,230.5
3560,25.915039062499996,116.6201171875,233.5
3561,25.915039062499996,116.6220703125,233.5
3562,25.915039062499996,116.62402343750003,231.0
3563,25.915039062499996,116.62597656250003,229.0
3564,25.915039062499996,116.62792968749997,225.0
3565,25.915039062499996,116.62988281250006,226.5
3566,25.915039062499996,116.63183593749997,220.0
3567,25.915039062499996,116.6337890625,218.5
3568,25.915039062499996,116.63574218749997,217.5
3569,25.915039062499996,116.63769531249997,215.5
3570,25.9150390625,116.6396484375,213.5
3571,25.915039062499996,116.6416015625,213.5
3572,25.915039062499996,116.64355468750003,216.5
3573,25.915039062499996,116.64550781250003,217.5
3574,25.913085937499996,116.5009765625,256.0
3575,25.913085937499996,116.50292968749997,259.5
3576,25.913085937499996,116.5048828125,261.0
3577,25.913085937499996,116.5068359375,258.5
3578,25.913085937499996,116.50878906250003,257.0
3579,25.913085937499996,116.51074218749997,256.0
3580,25.913085937499996,116.5126953125,250.5
3581,25.913085937499996,116.5146484375,241.5
3582,25.913085937499996,116.51660156249997,234.5
3583,25.913085937499996,116.51855468750003,228.5
3584,25.913085937499996,116.52050781249997,222.0
3585,25.913085937499996,116.5224609375,216.5
3586,25.913085937499996,116.5244140625,208.0
3587,25.913085937499996,116.5263671875,195.5
3588,25.913085937499996,116.52832031250003,192.5
3589,25.913085937499996,116.53027343749997,194.5
3590,25.913085937499996,116.5322265625,197.0
3591,25.913085937499996,116.5341796875,198.0
3592,25.913085937499996,116.53613281250003,198.5
3593,25.913085937499996,116.53808593750003,196.5
3594,25.913085937499996,116.54003906249997,199.0
3595,25.913085937499996,116.54199218750003,201.0
3596,25.913085937499996,116.5439453125,207.0
3597,25.913085937499996,116.5458984375,206.5
3598,25.913085937499996,116.54785156250003,202.5
3599,25.913085937499996,116.54980468749997,198.0
3600,25.913085937499996,116.5517578125,193.5
3601,25.913085937499996,116.5537109375,189.5
3602,25.913085937499996,116.55566406250003,188.0
3603,25.913085937499996,116.5576171875,191.0
3604,25.913085937499996,116.5595703125,198.0
3605,25.913085937499996,116.56152343750003,202.5
3606,25.913085937499996,116.56347656250003,204.0
3607,25.913085937499996,116.56542968749997,207.5
3608,25.913085937499996,116.5673828125,213.0
3609,25.913085937499996,116.5693359375,217.5
3610,25.913085937499996,116.5712890625,222.5
3611,25.913085937499996,116.57324218749997,224.0
3612,25.913085937499996,116.5751953125,223.0
3613,25.913085937499996,116.5771484375,225.0
3614,25.913085937499996,116.5791015625,222.5
3615,25.913085937499996,116.58105468750003,222.0
3616,25.913085937499996,116.58300781249997,222.5
3617,25.913085937499996,116.58496093749997,215.5
3618,25.913085937499996,116.58691406250003,211.5
3619,25.913085937499996,116.5888671875,209.0
3620,25.913085937499996,116.5908203125,208.0
3621,25.913085937499996,116.59277343749997,203.0
3622,25.913085937499996,116.5947265625,200.0
3623,25.913085937499996,116.5966796875,199.5
3624,25.913085937499996,116.5986328125,201.5
3625,25.913085937499996,116.60058593750003,204.5
3626,25.913085937499996,116.6025390625,209.5
3627,25.913085937499996,116.6044921875,215.0
3628,25.913085937499996,116.60644531250003,216.5
3629,25.913085937499996,116.60839843750003,220.0
3630,25.913085937499996,116.61035156250006,222.5
3631,25.913085937499996,116.61230468749997,228.0
3632,25.913085937499996,116.6142578125,234.0
3633,25.913085937499996,116.6162109375,234.5
3634,25.913085937499996,116.61816406249997,235.5
3635,25.913085937499996,116.6201171875,238.0
3636,25.913085937499996,116.6220703125,238.5
3637,25.913085937499996,116.62402343750003,235.5
3638,25.913085937499996,116.62597656250003,233.0
3639,25.913085937499996,116.62792968749997,230.0
3640,25.913085937499996,116.62988281250006,231.5
3641,25.913085937499996,116.63183593749997,225.0
3642,25.913085937499996,116.6337890625,224.0
3643,25.913085937499996,116.63574218749997,220.0
3644,25.913085937499996,116.63769531249997,219.5
3645,25.913085937499996,116.6396484375,219.5
3646,25.913085937499996,116.6416015625,218.5
3647,25.913085937499996,116.64355468750003,222.0
3648,25.913085937499996,116.64550781250003,221.0
3649,25.911132812499993,116.5009765625,260.0
3650,25.911132812499993,116.50292968749997,264.0
3651,25.911132812499993,116.5048828125,264.5
3652,25.911132812500004,116.5068359375,263.5
3653,25.911132812499993,116.50878906250003,259.5
3654,25.911132812499993,116.51074218749997,259.0
3655,25.911132812499993,116.5126953125,252.5
3656,25.911132812499993,116.5146484375,245.0
3657,25.911132812499993,116.51660156249997,237.5
3658,25.911132812499993,116.51855468750003,232.5
3659,25.911132812499993,116.52050781249997,228.0
3660,25.911132812500004,116.5224609375,220.5
3661,25.911132812499993,116.5244140625,210.0
3662,25.911132812499993,116.5263671875,202.0
3663,25.911132812499993,116.52832031250003,200.5
3664,25.911132812499993,116.53027343749997,200.0
3665,25.911132812500004,116.5322265625,202.0
3666,25.911132812499993,116.5341796875,202.5
3667,25.911132812499993,116.53613281250003,200.5
3668,25.911132812499993,116.53808593750003,195.5
3669,25.911132812500004,116.54003906249997,199.5
3670,25.911132812499993,116.54199218750003,201.0
3671,25.911132812499993,116.5439453125,209.0
3672,25.911132812499993,116.5458984375,209.0
3673,25.911132812499993,116.54785156250003,206.0
3674,25.911132812499993,116.54980468749997,202.0
3675,25.911132812499993,116.5517578125,196.0
3676,25.911132812499993,116.5537109375,189.5
3677,25.911132812499993,116.55566406250003,191.5
3678,25.911132812499993,116.5576171875,196.5
3679,25.911132812499993,116.5595703125,203.5
3680,25.911132812499993,116.56152343750003,208.0
3681,25.911132812500004,116.56347656250003,209.0
3682,25.911132812499993,116.56542968749997,214.0
3683,25.911132812499993,116.5673828125,220.0
3684,25.911132812500004,116.5693359375,225.0
3685,25.911132812499993,116.5712890625,230.0
3686,25.911132812499993,116.57324218749997,230.5
3687,25.911132812499993,116.5751953125,228.5
3688,25.911132812499993,116.5771484375,229.5
3689,25.911132812499993,116.5791015625,228.5
3690,25.911132812500004,116.58105468750003,227.0
3691,25.911132812500004,116.58300781249997,228.5
3692,25.911132812499993,116.58496093749997,224.5
3693,25.911132812499993,116.58691406250003,219.5
3694,25.911132812500004,116.5888671875,215.5
3695,25.911132812500004,116.5908203125,215.0
3696,25.911132812499993,116.59277343749997,210.5
3697,25.911132812500004,116.5947265625,208.5
3698,25.911132812499993,116.5966796875,208.0
3699,25.911132812499993,116.5986328125,210.0
3700,25.911132812499993,116.60058593750003,213.0
3701,25.911132812499993,116.6025390625,216.5
3702,25.911132812499993,116.6044921875,220.0
3703,25.911132812499993,116.60644531250003,223.0
3704,25.911132812499993,116.60839843750003,227.0
3705,25.911132812499993,116.61035156250006,230.0
3706,25.911132812500004,116.61230468749997,235.5
3707,25.911132812499993,116.6142578125,240.0
3708,25.911132812499993,116.6162109375,240.5
3709,25.911132812499993,116.61816406249997,238.0
3710,25.911132812500004,116.6201171875,240.0
3711,25.911132812499993,116.6220703125,242.5
3712,25.911132812500004,116.62402343750003,240.5
3713,25.911132812500004,116.62597656250003,238.0
3714,25.911132812499993,116.62792968749997,238.0
3715,25.911132812499993,116.62988281250006,232.0
3716,25.911132812499993,116.63183593749997,229.0
3717,25.911132812499993,116.6337890625,230.0
3718,25.911132812499993,116.63574218749997,227.0
3719,25.911132812499993,116.63769531249997,226.5
3720,25.911132812499993,116.6396484375,224.0
3721,25.911132812499993,116.6416015625,223.5
3722,25.911132812499993,116.64355468750003,224.5
3723,25.911132812499993,116.64550781250003,224.0
3724,25.909179687499996,116.5009765625,264.0
3725,25.909179687499996,116.50292968749997,267.0
3726,25.909179687499996,116.5048828125,267.5
3727,25.909179687499996,116.5068359375,266.0
3728,25.909179687499996,116.50878906250003,263.5
3729,25.909179687499996,116.51074218749997,258.5
3730,25.909179687499996,116.5126953125,251.5
3731,25.909179687499996,116.5146484375,247.5
3732,25.909179687499996,116.51660156249997,239.5
3733,25.909179687499996,116.51855468750003,233.5
3734,25.9091796875,116.52050781249997,227.5
3735,25.909179687499996,116.5224609375,220.0
3736,25.909179687499996,116.5244140625,211.0
3737,25.909179687499996,116.5263671875,206.0
3738,25.909179687499996,116.52832031250003,205.0
3739,25.909179687499996,116.53027343749997,205.0
3740,25.9091796875,116.5322265625,207.5
3741,25.909179687499996,116.5341796875,208.0
3742,25.909179687499996,116.53613281250003,205.5
3743,25.909179687499996,116.53808593750003,201.0
3744,25.909179687499996,116.54003906249997,203.5
3745,25.909179687499996,116.54199218750003,206.0
3746,25.909179687499996,116.5439453125,213.0
3747,25.909179687499996,116.5458984375,211.5
3748,25.909179687499996,116.54785156250003,209.5
3749,25.9091796875,116.54980468749997,205.5
3750,25.909179687499996,116.5517578125,201.5
3751,25.909179687499996,116.5537109375,198.0
3752,25.909179687499996,116.55566406250003,199.0
3753,25.909179687499996,116.5576171875,203.0
3754,25.909179687499996,116.5595703125,209.5
3755,25.909179687499996,116.56152343750003,214.5
3756,25.909179687499996,116.56347656250003,219.0
3757,25.909179687499996,116.56542968749997,221.5
3758,25.909179687499996,116.5673828125,225.5
3759,25.9091796875,116.5693359375,231.0
3760,25.909179687499996,116.5712890625,234.5
3761,25.909179687499996,116.57324218749997,234.5
3762,25.909179687499996,116.5751953125,235.0
3763,25.909179687499996,116.5771484375,236.0
3764,25.909179687499996,116.5791015625,233.0
3765,25.909179687499996,116.58105468750003,233.5
3766,25.909179687499996,116.58300781249997,235.0
3767,25.909179687499996,116.58496093749997,233.5
3768,25.909179687499996,116.58691406250003,229.0
3769,25.909179687499996,116.5888671875,225.0
3770,25.909179687499996,116.5908203125,223.0
3771,25.909179687499996,116.59277343749997,219.5
3772,25.9091796875,116.5947265625,216.5
3773,25.909179687499996,116.5966796875,217.0
3774,25.909179687499996,116.5986328125,218.5
3775,25.909179687499993,116.60058593750003,220.0
3776,25.909179687499996,116.6025390625,223.5
3777,25.909179687499996,116.6044921875,226.0
3778,25.909179687499996,116.60644531250003,227.5
3779,25.909179687499996,116.60839843750003,233.0
3780,25.909179687499996,116.61035156250006,236.0
3781,25.909179687499996,116.61230468749997,240.5
3782,25.909179687499996,116.6142578125,245.0
3783,25.909179687499996,116.6162109375,248.0
3784,25.909179687499996,116.61816406249997,241.5
3785,25.909179687499996,116.6201171875,244.0
3786,25.909179687499996,116.6220703125,247.5
3787,25.909179687499996,116.62402343750003,247.5
3788,25.909179687499996,116.62597656250003,244.5
3789,25.909179687499996,116.62792968749997,243.0
3790,25.909179687499996,116.62988281250006,237.5
3791,25.909179687499996,116.63183593749997,232.5
3792,25.909179687499996,116.6337890625,233.0
3793,25.909179687499996,116.63574218749997,232.5
3794,25.909179687499996,116.63769531249997,231.5
3795,25.909179687499996,116.6396484375,228.0
3796,25.909179687499996,116.6416015625,227.5
3797,25.909179687499996,116.64355468750003,226.0
3798,25.909179687499996,116.64550781250003,225.0
3799,25.907226562499996,116.5009765625,265.0
3800,25.9072265625,116.50292968749997,267.0
3801,25.907226562499996,116.5048828125,269.0
3802,25.907226562499996,116.5068359375,267.0
3803,25.907226562499996,116.50878906250003,265.0
3804,25.907226562499996,116.51074218749997,257.5
3805,25.907226562499996,116.5126953125,250.0
3806,25.9072265625,116.5146484375,246.5
3807,25.907226562499996,116.51660156249997,238.5
3808,25.907226562499996,116.51855468750003,230.0
3809,25.907226562499996,116.52050781249997,222.5
3810,25.9072265625,116.5224609375,217.0
3811,25.907226562499996,116.5244140625,210.5
3812,25.9072265625,116.5263671875,205.0
3813,25.907226562499996,116.52832031250003,204.5
3814,25.9072265625,116.53027343749997,207.0
3815,25.907226562499996,116.5322265625,210.0
3816,25.907226562499996,116.5341796875,212.0
3817,25.907226562499996,116.53613281250003,211.5
3818,25.907226562499996,116.53808593750003,208.5
3819,25.907226562499996,116.54003906249997,211.0
3820,25.907226562499996,116.54199218750003,212.5
3821,25.907226562499996,116.5439453125,217.5
3822,25.907226562499996,116.5458984375,215.5
3823,25.907226562499996,116.54785156250003,214.0
3824,25.907226562499996,116.54980468749997,210.5
3825,25.907226562499996,116.5517578125,209.0
3826,25.907226562499996,116.5537109375,206.5
3827,25.907226562499996,116.55566406250003,208.0
3828,25.907226562499996,116.5576171875,211.5
3829,25.907226562499996,116.5595703125,216.5
3830,25.907226562499996,116.56152343750003,221.5
3831,25.9072265625,116.56347656250003,223.5
3832,25.907226562499996,116.56542968749997,225.0
3833,25.907226562499996,116.5673828125,231.5
3834,25.9072265625,116.5693359375,236.0
3835,25.907226562499996,116.5712890625,235.0
3836,25.907226562499996,116.57324218749997,235.0
3837,25.907226562499996,116.5751953125,239.5
3838,25.907226562499996,116.5771484375,241.0
3839,25.907226562499996,116.5791015625,239.0
3840,25.9072265625,116.58105468750003,239.5
3841,25.907226562499996,116.58300781249997,239.5
3842,25.907226562499996,116.58496093749997,238.0
3843,25.907226562499996,116.58691406250003,237.0
3844,25.907226562499996,116.5888671875,234.0
3845,25.9072265625,116.5908203125,230.5
3846,25.9072265625,116.59277343749997,227.5
3847,25.9072265625,116.5947265625,224.5
3848,25.907226562499996,116.5966796875,226.0
3849,25.907226562499996,116.5986328125,226.5
3850,25.907226562499996,116.60058593750003,227.0
3851,25.907226562499996,116.6025390625,231.5
3852,25.907226562499996,116.6044921875,233.5
3853,25.907226562499996,116.60644531250003,235.5
3854,25.907226562499996,116.60839843750003,239.5
3855,25.907226562499996,116.61035156250006,241.5
3856,25.907226562499996,116.61230468749997,246.0
3857,25.9072265625,116.6142578125,251.5
3858,25.907226562499996,116.6162109375,252.0
3859,25.907226562499996,116.61816406249997,250.0
3860,25.907226562499996,116.6201171875,251.5
3861,25.907226562499996,116.6220703125,252.0
3862,25.9072265625,116.62402343750003,251.0
3863,25.9072265625,116.62597656250003,245.0
3864,25.907226562499996,116.62792968749997,246.5
3865,25.907226562499996,116.62988281250006,243.0
3866,25.907226562499996,116.63183593749997,237.0
3867,25.907226562499996,116.6337890625,235.5
3868,25.907226562499996,116.63574218749997,235.5
3869,25.9072265625,116.63769531249997,234.5
3870,25.907226562499996,116.6396484375,233.0
3871,25.907226562499996,116.6416015625,231.5
3872,25.907226562499996,116.64355468750003,229.0
3873,25.907226562499996,116.64550781250003,225.0
3874,25.9052734375,116.5009765625,268.0
3875,25.9052734375,116.50292968749997,270.0
3876,25.9052734375,116.5048828125,269.0
3877,25.9052734375,116.5068359375,267.5
3878,25.9052734375,116.50878906250003,264.0
3879,25.9052734375,116.51074218749997,256.5
3880,25.9052734375,116.5126953125,249.5
3881,25.9052734375,116.5146484375,244.5
3882,25.9052734375,116.51660156249997,238.5
3883,25.9052734375,116.51855468750003,227.0
3884,25.9052734375,116.52050781249997,221.0
3885,25.9052734375,116.5224609375,217.0
3886,25.905273437500004,116.5244140625,211.5
3887,25.9052734375,116.5263671875,207.0
3888,25.9052734375,116.52832031250003,205.0
3889,25.9052734375,116.53027343749997,207.5
3890,25.905273437500004,116.5322265625,209.5
3891,25.9052734375,116.5341796875,213.0
3892,25.9052734375,116.53613281250003,214.5
3893,25.9052734375,116.53808593750003,214.5
3894,25.9052734375,116.54003906249997,216.5
3895,25.9052734375,116.54199218750003,217.5
3896,25.9052734375,116.5439453125,219.0
3897,25.9052734375,116.5458984375,219.0
3898,25.9052734375,116.54785156250003,219.5
3899,25.9052734375,116.54980468749997,217.0
3900,25.9052734375,116.5517578125,215.5
3901,25.9052734375,116.5537109375,214.0
3902,25.9052734375,116.55566406250003,216.5
3903,25.9052734375,116.5576171875,219.0
3904,25.9052734375,116.5595703125,223.0
3905,25.9052734375,116.56152343750003,227.5
3906,25.9052734375,116.56347656250003,219.5
3907,25.9052734375,116.56542968749997,227.5
3908,25.9052734375,116.5673828125,236.0
3909,25.905273437500004,116.5693359375,238.5
3910,25.9052734375,116.5712890625,237.0
3911,25.9052734375,116.57324218749997,244.5
3912,25.9052734375,116.5751953125,245.5
3913,25.9052734375,116.5771484375,245.5
3914,25.9052734375,116.5791015625,245.0
3915,25.9052734375,116.58105468750003,244.0
3916,25.9052734375,116.58300781249997,245.0
3917,25.9052734375,116.58496093749997,241.0
3918,25.9052734375,116.58691406250003,241.0
3919,25.905273437500004,116.5888671875,241.0
3920,25.9052734375,116.5908203125,236.0
3921,25.9052734375,116.59277343749997,233.5
3922,25.9052734375,116.5947265625,232.0
3923,25.9052734375,116.5966796875,232.0
3924,25.905273437500004,116.5986328125,232.0
3925,25.9052734375,116.60058593750003,234.0
3926,25.9052734375,116.6025390625,238.5
3927,25.9052734375,116.6044921875,241.5
3928,25.9052734375,116.60644531250003,242.5
3929,25.9052734375,116.60839843750003,245.5
3930,25.9052734375,116.61035156250006,249.0
3931,25.9052734375,116.61230468749997,251.5
3932,25.905273437500004,116.6142578125,255.5
3933,25.9052734375,116.6162109375,256.5
3934,25.9052734375,116.61816406249997,257.5
3935,25.9052734375,116.6201171875,256.0
3936,25.9052734375,116.6220703125,253.5
3937,25.9052734375,116.62402343750003,252.5
3938,25.9052734375,116.62597656250003,248.0
3939,25.9052734375,116.62792968749997,248.5
3940,25.9052734375,116.62988281250006,246.5
3941,25.9052734375,116.63183593749997,242.5
3942,25.9052734375,116.6337890625,238.0
3943,25.9052734375,116.63574218749997,237.5
3944,25.9052734375,116.63769531249997,237.0
3945,25.9052734375,116.6396484375,237.0
3946,25.9052734375,116.6416015625,235.5
3947,25.9052734375,116.64355468750003,232.5
3948,25.9052734375,116.64550781250003,228.0
3949,25.903320312499996,116.5009765625,273.0
3950,25.903320312499996,116.50292968749997,274.0
3951,25.903320312499996,116.5048828125,271.5
3952,25.903320312499996,116.5068359375,266.5
3953,25.903320312499996,116.50878906250003,262.0
3954,25.903320312499996,116.51074218749997,254.0
3955,25.903320312499996,116.5126953125,248.5
3956,25.903320312499996,116.5146484375,243.5
3957,25.903320312499996,116.51660156249997,236.5
3958,25.903320312499996,116.51855468750003,224.0
3959,25.903320312499996,116.52050781249997,218.0
3960,25.903320312499996,116.5224609375,215.5
3961,25.903320312499996,116.5244140625,213.0
3962,25.903320312499996,116.5263671875,210.5
3963,25.903320312499996,116.52832031250003,208.0
3964,25.903320312499996,116.53027343749997,210.5
3965,25.903320312499996,116.5322265625,210.5
3966,25.903320312499996,116.5341796875,212.0
3967,25.903320312499996,116.53613281250003,215.0
3968,25.903320312499996,116.53808593750003,216.0
3969,25.903320312499996,116.54003906249997,219.0
3970,25.903320312499996,116.54199218750003,218.0
3971,25.903320312499996,116.5439453125,221.0
3972,25.903320312499996,116.5458984375,221.5
3973,25.903320312499996,116.54785156250003,222.0
3974,25.903320312499996,116.54980468749997,221.5
3975,25.903320312499996,116.5517578125,221.0
3976,25.903320312499996,116.5537109375,221.0
3977,25.903320312499996,116.55566406250003,223.0
3978,25.903320312499996,116.5576171875,225.0
3979,25.903320312499996,116.5595703125,227.5
3980,25.903320312499996,116.56152343750003,231.5
3981,25.903320312499996,116.56347656250003,232.5
3982,25.903320312499996,116.56542968749997,238.5
3983,25.903320312499996,116.5673828125,239.5
3984,25.903320312499996,116.5693359375,241.5
3985,25.903320312499996,116.5712890625,243.5
3986,25.903320312499996,116.57324218749997,247.0
3987,25.903320312499996,116.5751953125,248.5
3988,25.903320312499996,116.5771484375,249.5
3989,25.903320312499996,116.5791015625,251.0
3990,25.903320312499996,116.58105468750003,249.0
3991,25.903320312499996,116.58300781249997,249.5
3992,25.903320312499996,116.58496093749997,246.0
3993,25.903320312499996,116.58691406250003,244.0
3994,25.903320312499996,116.5888671875,244.5
3995,25.903320312499996,116.5908203125,240.0
3996,25.903320312499996,116.59277343749997,237.0
3997,25.903320312499996,116.5947265625,237.0
3998,25.903320312499996,116.5966796875,238.0
3999,25.903320312499996,116.5986328125,239.0
4000,25.903320312499996,116.60058593750003,241.5
4001,25.903320312499996,116.6025390625,246.0
4002,25.903320312499996,116.6044921875,249.0
4003,25.903320312499996,116.60644531250003,248.0
4004,25.903320312499996,116.60839843750003,251.0
4005,25.903320312499996,116.61035156250006,256.0
4006,25.903320312499996,116.61230468749997,256.0
4007,25.903320312499996,116.6142578125,259.0
4008,25.903320312499996,116.6162109375,260.5
4009,25.903320312499996,116.61816406249997,259.5
4010,25.903320312499996,116.6201171875,257.0
4011,25.903320312499996,116.6220703125,254.5
4012,25.903320312499996,116.62402343750003,254.5
4013,25.903320312499996,116.62597656250003,253.0
4014,25.903320312499996,116.62792968749997,251.0
4015,25.903320312499996,116.62988281250006,248.5
4016,25.903320312499996,116.63183593749997,246.5
4017,25.903320312499996,116.6337890625,241.0
4018,25.903320312499996,116.63574218749997,239.0
4019,25.903320312499996,116.63769531249997,237.0
4020,25.903320312499996,116.6396484375,238.0
4021,25.903320312499996,116.6416015625,238.5
4022,25.903320312499996,116.64355468750003,233.5
4023,25.903320312499996,116.64550781250003,227.0
4024,25.901367187499996,116.5009765625,276.5
4025,25.901367187499996,116.50292968749997,278.0
4026,25.901367187499996,116.5048828125,272.0
4027,25.901367187499996,116.5068359375,265.0
4028,25.901367187499996,116.50878906250003,257.5
4029,25.901367187499996,116.51074218749997,253.5
4030,25.901367187499996,116.5126953125,248.5
4031,25.901367187499996,116.5146484375,241.5
4032,25.901367187499996,116.51660156249997,231.5
4033,25.901367187499996,116.51855468750003,221.0
4034,25.901367187499996,116.52050781249997,215.5
4035,25.901367187499996,116.5224609375,212.5
4036,25.901367187499996,116.5244140625,211.0
4037,25.901367187499996,116.5263671875,210.5
4038,25.901367187499996,116.52832031250003,208.0
4039,25.901367187499996,116.53027343749997,210.5
4040,25.901367187499996,116.5322265625,211.5
4041,25.901367187499996,116.5341796875,213.0
4042,25.901367187499996,116.53613281250003,217.0
4043,25.901367187499996,116.53808593750003,218.5
4044,25.901367187499996,116.54003906249997,220.0
4045,25.901367187499996,116.54199218750003,219.5
4046,25.901367187499996,116.5439453125,222.5
4047,25.901367187499996,116.5458984375,222.0
4048,25.901367187499996,116.54785156250003,221.0
4049,25.901367187499996,116.54980468749997,220.0
4050,25.901367187499996,116.5517578125,221.5
4051,25.901367187499996,116.5537109375,222.5
4052,25.901367187499996,116.55566406250003,226.0
4053,25.901367187499996,116.5576171875,229.5
4054,25.901367187499996,116.5595703125,233.5
4055,25.901367187499996,116.56152343750003,236.5
4056,25.901367187499996,116.56347656250003,240.0
4057,25.901367187499996,116.56542968749997,240.5
4058,25.901367187499996,116.5673828125,242.0
4059,25.901367187499996,116.5693359375,244.5
4060,25.901367187499996,116.5712890625,246.5
4061,25.901367187499996,116.57324218749997,248.5
4062,25.901367187499996,116.5751953125,250.5
4063,25.901367187499996,116.5771484375,251.0
4064,25.901367187499996,116.5791015625,254.5
4065,25.901367187499996,116.58105468750003,251.0
4066,25.901367187499996,116.58300781249997,255.0
4067,25.901367187499996,116.58496093749997,251.5
4068,25.901367187499996,116.58691406250003,249.5
4069,25.901367187499996,116.5888671875,248.0
4070,25.901367187499996,116.5908203125,244.5
4071,25.901367187499996,116.59277343749997,242.5
4072,25.901367187499996,116.5947265625,243.0
4073,25.901367187499996,116.5966796875,245.0
4074,25.901367187499996,116.5986328125,247.5
4075,25.901367187499996,116.60058593750003,249.0
4076,25.901367187499996,116.6025390625,252.0
4077,25.901367187499996,116.6044921875,255.0
4078,25.901367187499996,116.60644531250003,256.5
4079,25.901367187499996,116.60839843750003,259.0
4080,25.901367187499996,116.61035156250006,261.0
4081,25.901367187499996,116.61230468749997,261.5
4082,25.901367187499996,116.6142578125,262.5
4083,25.901367187499996,116.6162109375,264.0
4084,25.901367187499996,116.61816406249997,259.5
4085,25.901367187499996,116.6201171875,259.0
4086,25.901367187499996,116.6220703125,257.5
4087,25.901367187499996,116.62402343750003,257.0
4088,25.901367187499996,116.62597656250003,255.0
4089,25.901367187499996,116.62792968749997,252.5
4090,25.901367187499996,116.62988281250006,251.5
4091,25.901367187499996,116.63183593749997,243.5
4092,25.901367187499996,116.6337890625,239.0
4093,25.901367187499996,116.63574218749997,238.5
4094,25.901367187499996,116.63769531249997,236.5
4095,25.901367187499996,116.6396484375,236.0
4096,25.901367187499996,116.6416015625,237.0
4097,25.901367187499996,116.64355468750003,230.5
4098,25.901367187499996,116.64550781250003,223.5
4099,25.899414062499993,116.5009765625,279.0
4100,25.899414062499993,116.50292968749997,278.0
4101,25.899414062499993,116.5048828125,271.0
4102,25.899414062499993,116.5068359375,264.5
4103,25.899414062499993,116.50878906250003,253.5
4104,25.899414062499993,116.51074218749997,248.0
4105,25.899414062499993,116.5126953125,245.0
4106,25.899414062499993,116.5146484375,239.5
4107,25.899414062499993,116.51660156249997,230.5
4108,25.899414062499993,116.51855468750003,221.5
4109,25.899414062499993,116.52050781249997,214.5
4110,25.899414062499993,116.5224609375,212.0
4111,25.899414062499993,116.5244140625,208.5
4112,25.899414062499993,116.5263671875,208.0
4113,25.899414062499993,116.52832031250003,208.0
4114,25.899414062499993,116.53027343749997,210.5
4115,25.8994140625,116.5322265625,211.5
4116,25.899414062499993,116.5341796875,213.0
4117,25.899414062499993,116.53613281250003,217.0
4118,25.899414062499993,116.53808593750003,218.5
4119,25.899414062499993,116.54003906249997,220.0
4120,25.899414062499993,116.54199218750003,219.0
4121,25.899414062499993,116.5439453125,219.5
4122,25.899414062499993,116.5458984375,216.5
4123,25.899414062499993,116.54785156250003,217.0
4124,25.8994140625,116.54980468749997,217.0
4125,25.899414062499993,116.5517578125,218.0
4126,25.899414062499993,116.5537109375,221.0
4127,25.8994140625,116.55566406250003,227.5
4128,25.899414062499993,116.5576171875,233.5
4129,25.8994140625,116.5595703125,238.5
4130,25.899414062499993,116.56152343750003,239.5
4131,25.8994140625,116.56347656250003,242.5
4132,25.899414062499993,116.56542968749997,242.5
4133,25.899414062499993,116.5673828125,243.0
4134,25.899414062499993,116.5693359375,245.5
4135,25.899414062499993,116.5712890625,245.5
4136,25.899414062499993,116.57324218749997,249.0
4137,25.8994140625,116.5751953125,250.5
4138,25.8994140625,116.5771484375,252.5
4139,25.899414062499993,116.5791015625,255.0
4140,25.8994140625,116.58105468750003,256.5
4141,25.899414062499993,116.58300781249997,256.5
4142,25.899414062499993,116.58496093749997,255.0
4143,25.899414062499993,116.58691406250003,255.0
4144,25.899414062499993,116.5888671875,251.5
4145,25.899414062499993,116.5908203125,248.0
4146,25.8994140625,116.59277343749997,249.5
4147,25.899414062499993,116.5947265625,249.5
4148,25.899414062499993,116.5966796875,250.5
4149,25.8994140625,116.5986328125,253.0
4150,25.899414062499993,116.60058593750003,255.5
4151,25.899414062499993,116.6025390625,258.5
4152,25.899414062499993,116.6044921875,261.0
4153,25.899414062499993,116.60644531250003,263.5
4154,25.899414062499993,116.60839843750003,264.5
4155,25.899414062499993,116.61035156250006,264.0
4156,25.899414062499993,116.61230468749997,266.0
4157,25.8994140625,116.6142578125,264.0
4158,25.899414062499993,116.6162109375,264.5
4159,25.899414062499993,116.61816406249997,261.5
4160,25.899414062499993,116.6201171875,260.5
4161,25.899414062499993,116.6220703125,259.5
4162,25.8994140625,116.62402343750003,257.5
4163,25.8994140625,116.62597656250003,254.0
4164,25.899414062499993,116.62792968749997,254.0
4165,25.899414062499993,116.62988281250006,252.5
4166,25.899414062499993,116.63183593749997,241.0
4167,25.899414062499993,116.6337890625,237.0
4168,25.899414062499993,116.63574218749997,237.0
4169,25.899414062499993,116.63769531249997,236.0
4170,25.899414062499993,116.6396484375,236.0
4171,25.899414062499993,116.6416015625,235.5
4172,25.899414062499993,116.64355468750003,227.5
4173,25.899414062499993,116.64550781250003,219.5
4174,25.897460937499996,116.5009765625,277.5
4175,25.897460937499996,116.50292968749997,274.5
4176,25.897460937499996,116.5048828125,269.5
4177,25.897460937499996,116.5068359375,264.0
4178,25.897460937499996,116.50878906250003,253.0
4179,25.897460937499996,116.51074218749997,244.5
4180,25.897460937499996,116.5126953125,240.0
4181,25.897460937499996,116.5146484375,236.0
4182,25.897460937499996,116.51660156249997,228.5
4183,25.897460937499996,116.51855468750003,219.5
4184,25.897460937499996,116.52050781249997,213.0
4185,25.897460937499996,116.5224609375,210.5
4186,25.897460937499996,116.5244140625,206.5
4187,25.897460937499996,116.5263671875,208.0
4188,25.897460937499996,116.52832031250003,210.5
4189,25.897460937499996,116.53027343749997,211.0
4190,25.897460937499996,116.5322265625,210.5
4191,25.897460937499996,116.5341796875,210.0
4192,25.897460937499996,116.53613281250003,213.5
4193,25.897460937499996,116.53808593750003,216.5
4194,25.897460937499996,116.54003906249997,217.5
4195,25.897460937499996,116.54199218750003,216.5
4196,25.897460937499996,116.5439453125,213.0
4197,25.897460937499996,116.5458984375,209.5
4198,25.897460937499996,116.54785156250003,209.0
4199,25.897460937499996,116.54980468749997,207.5
4200,25.897460937499996,116.5517578125,211.5
4201,25.897460937499996,116.5537109375,220.5
4202,25.897460937499996,116.55566406250003,227.5
4203,25.897460937499996,116.5576171875,235.0
4204,25.897460937499996,116.5595703125,240.5
4205,25.897460937499996,116.56152343750003,243.0
4206,25.897460937499996,116.56347656250003,241.0
4207,25.897460937499996,116.56542968749997,239.5
4208,25.897460937499996,116.5673828125,239.0
4209,25.897460937499996,116.5693359375,243.0
4210,25.897460937499996,116.5712890625,243.5
4211,25.897460937499996,116.57324218749997,245.0
4212,25.897460937499996,116.5751953125,248.0
4213,25.897460937499996,116.5771484375,252.5
4214,25.897460937499996,116.5791015625,256.0
4215,25.897460937499996,116.58105468750003,258.0
4216,25.897460937499996,116.58300781249997,258.0
4217,25.897460937499996,116.58496093749997,257.5
4218,25.897460937499996,116.58691406250003,260.0
4219,25.897460937499996,116.5888671875,257.5
4220,25.897460937500007,116.5908203125,253.0
4221,25.897460937499996,116.59277343749997,256.0
4222,25.897460937499996,116.5947265625,256.0
4223,25.897460937499996,116.5966796875,257.0
4224,25.897460937499996,116.5986328125,259.0
4225,25.897460937499996,116.60058593750003,261.5
4226,25.897460937499996,116.6025390625,264.0
4227,25.897460937499996,116.6044921875,267.5
4228,25.897460937499996,116.60644531250003,269.0
4229,25.897460937499996,116.60839843750003,269.5
4230,25.897460937499996,116.61035156250006,268.5
4231,25.897460937499996,116.61230468749997,267.5
4232,25.897460937499996,116.6142578125,264.0
4233,25.897460937499996,116.6162109375,263.5
4234,25.897460937499996,116.61816406249997,264.5
4235,25.897460937499996,116.6201171875,263.5
4236,25.897460937499996,116.6220703125,261.5
4237,25.897460937499996,116.62402343750003,257.5
4238,25.897460937499996,116.62597656250003,253.5
4239,25.897460937499996,116.62792968749997,253.0
4240,25.897460937499996,116.62988281250006,250.0
4241,25.897460937499996,116.63183593749997,241.0
4242,25.897460937499996,116.6337890625,237.5
4243,25.897460937499996,116.63574218749997,234.5
4244,25.897460937499996,116.63769531249997,234.0
4245,25.897460937499996,116.6396484375,233.0
4246,25.897460937499996,116.6416015625,229.5
4247,25.897460937499996,116.64355468750003,223.0
4248,25.897460937499996,116.64550781250003,216.0
4249,25.895507812499996,116.5009765625,276.0
4250,25.895507812499996,116.50292968749997,270.5
4251,25.895507812499996,116.5048828125,266.5
4252,25.895507812499996,116.5068359375,261.0
4253,25.895507812499996,116.50878906250003,254.5
4254,25.895507812499996,116.51074218749997,244.5
4255,25.895507812499996,116.5126953125,240.0
4256,25.895507812499996,116.5146484375,233.5
4257,25.895507812499996,116.51660156249997,227.0
4258,25.895507812499996,116.51855468750003,221.0
4259,25.895507812499996,116.52050781249997,213.0
4260,25.895507812499996,116.5224609375,210.0
4261,25.895507812499996,116.5244140625,207.0
4262,25.895507812499996,116.5263671875,209.5
4263,25.895507812499996,116.52832031250003,213.0
4264,25.895507812499996,116.53027343749997,211.5
4265,25.895507812499996,116.5322265625,208.0
4266,25.895507812499996,116.5341796875,207.5
4267,25.895507812499996,116.53613281250003,210.5
4268,25.895507812499996,116.53808593750003,213.5
4269,25.895507812499996,116.54003906249997,213.0
4270,25.895507812499996,116.54199218750003,212.0
4271,25.895507812499996,116.5439453125,206.5
4272,25.895507812499996,116.5458984375,200.5
4273,25.895507812499996,116.54785156250003,197.5
4274,25.895507812499996,116.54980468749997,198.0
4275,25.895507812499996,116.5517578125,206.0
4276,25.895507812499996,116.5537109375,218.5
4277,25.895507812499996,116.55566406250003,228.0
4278,25.895507812499996,116.5576171875,236.5
4279,25.895507812499996,116.5595703125,242.5
4280,25.895507812499996,116.56152343750003,244.5
4281,25.895507812499996,116.56347656250003,243.0
4282,25.895507812499996,116.56542968749997,241.5
4283,25.895507812499996,116.5673828125,239.0
4284,25.895507812499996,116.5693359375,242.5
4285,25.895507812499996,116.5712890625,244.0
4286,25.895507812499996,116.57324218749997,248.0
4287,25.895507812499996,116.5751953125,250.0
4288,25.895507812499996,116.5771484375,255.5
4289,25.895507812499996,116.5791015625,257.5
4290,25.895507812499996,116.58105468750003,260.0
4291,25.895507812499996,116.58300781249997,259.5
4292,25.895507812499996,116.58496093749997,260.5
4293,25.895507812499996,116.58691406250003,264.5
4294,25.895507812499996,116.5888671875,263.5
4295,25.895507812499996,116.5908203125,262.5
4296,25.895507812499996,116.59277343749997,262.0
4297,25.895507812499996,116.5947265625,261.5
4298,25.895507812499996,116.5966796875,262.0
4299,25.895507812499996,116.5986328125,264.0
4300,25.895507812499996,116.60058593750003,268.0
4301,25.895507812499996,116.6025390625,269.0
4302,25.895507812499996,116.6044921875,271.0
4303,25.895507812499996,116.60644531250003,273.5
4304,25.895507812499996,116.60839843750003,274.5
4305,25.895507812499996,116.61035156250006,272.5
4306,25.895507812499996,116.61230468749997,269.5
4307,25.895507812499996,116.6142578125,266.0
4308,25.895507812499996,116.6162109375,266.5
4309,25.895507812499996,116.61816406249997,264.0
4310,25.895507812499996,116.6201171875,263.0
4311,25.895507812499996,116.6220703125,256.5
4312,25.895507812499996,116.62402343750003,255.0
4313,25.895507812499996,116.62597656250003,253.5
4314,25.895507812499996,116.62792968749997,250.5
4315,25.895507812499996,116.62988281250006,249.5
4316,25.895507812499996,116.63183593749997,239.0
4317,25.895507812499996,116.6337890625,235.5
4318,25.895507812499996,116.63574218749997,232.5
4319,25.895507812499996,116.63769531249997,229.5
4320,25.895507812499996,116.6396484375,226.5
4321,25.895507812499996,116.6416015625,219.5
4322,25.895507812499996,116.64355468750003,214.5
4323,25.895507812499996,116.64550781250003,212.0
4324,25.89355468749999,116.5009765625,272.5
4325,25.893554687499996,116.50292968749997,268.0
4326,25.89355468749999,116.5048828125,264.5
4327,25.893554687499996,116.5068359375,259.0
4328,25.893554687499996,116.50878906250003,251.5
4329,25.893554687499996,116.51074218749997,244.0
4330,25.89355468749999,116.5126953125,238.5
4331,25.89355468749999,116.5146484375,232.5
4332,25.89355468749999,116.51660156249997,228.0
4333,25.89355468749999,116.51855468750003,223.0
4334,25.89355468749999,116.52050781249997,214.5
4335,25.89355468749999,116.5224609375,212.0
4336,25.893554687499996,116.5244140625,211.5
4337,25.893554687499996,116.5263671875,213.0
4338,25.893554687499996,116.52832031250003,213.5
4339,25.893554687499996,116.53027343749997,212.0
4340,25.893554687499996,116.5322265625,208.5
4341,25.89355468749999,116.5341796875,208.5
4342,25.89355468749999,116.53613281250003,210.5
4343,25.89355468749999,116.53808593750003,209.5
4344,25.89355468749999,116.54003906249997,208.0
4345,25.89355468749999,116.54199218750003,206.0
4346,25.893554687499996,116.5439453125,202.5
4347,25.893554687499996,116.5458984375,194.5
4348,25.89355468749999,116.54785156250003,192.5
4349,25.893554687499996,116.54980468749997,195.5
4350,25.89355468749999,116.5517578125,204.5
4351,25.89355468749999,116.5537109375,217.5
4352,25.893554687499996,116.55566406250003,228.0
4353,25.893554687499996,116.5576171875,235.5
4354,25.89355468749999,116.5595703125,243.0
4355,25.89355468749999,116.56152343750003,245.5
4356,25.89355468749999,116.56347656250003,251.0
4357,25.89355468749999,116.56542968749997,248.0
4358,25.893554687499996,116.5673828125,245.5
4359,25.89355468749999,116.5693359375,249.0
4360,25.89355468749999,116.5712890625,250.5
4361,25.89355468749999,116.57324218749997,254.5
4362,25.89355468749999,116.5751953125,254.0
4363,25.89355468749999,116.5771484375,259.0
4364,25.89355468749999,116.5791015625,259.0
4365,25.893554687499996,116.58105468750003,256.5
4366,25.893554687499996,116.58300781249997,260.0
4367,25.893554687499996,116.58496093749997,264.5
4368,25.89355468749999,116.58691406250003,268.0
4369,25.89355468749999,116.5888671875,268.0
4370,25.89355468749999,116.5908203125,272.0
4371,25.893554687499996,116.59277343749997,270.5
4372,25.893554687499996,116.5947265625,270.0
4373,25.89355468749999,116.5966796875,269.5
4374,25.89355468749999,116.5986328125,270.0
4375,25.89355468749999,116.60058593750003,273.0
4376,25.893554687499996,116.6025390625,274.0
4377,25.89355468749999,116.6044921875,274.5
4378,25.893554687499996,116.60644531250003,275.5
4379,25.89355468749999,116.60839843750003,275.5
4380,25.89355468749999,116.61035156250006,273.5
4381,25.893554687499996,116.61230468749997,271.5
4382,25.893554687499996,116.6142578125,268.5
4383,25.89355468749999,116.6162109375,269.0
4384,25.89355468749999,116.61816406249997,262.5
4385,25.89355468749999,116.6201171875,260.5
4386,25.89355468749999,116.6220703125,258.0
4387,25.89355468749999,116.62402343750003,258.0
4388,25.893554687499996,116.62597656250003,255.5
4389,25.893554687499996,116.62792968749997,250.0
4390,25.89355468749999,116.62988281250006,248.0
4391,25.893554687499996,116.63183593749997,236.5
4392,25.89355468749999,116.6337890625,235.0
4393,25.89355468749999,116.63574218749997,231.0
4394,25.893554687499996,116.63769531249997,224.0
4395,25.89355468749999,116.6396484375,220.0
4396,25.89355468749999,116.6416015625,214.0
4397,25.893554687499996,116.64355468750003,207.0
4398,25.89355468749999,116.64550781250003,204.0
4399,25.891601562500004,116.5009765625,272.5
4400,25.891601562499996,116.50292968749997,267.0
4401,25.891601562499996,116.5048828125,263.5
4402,25.891601562500004,116.5068359375,256.0
4403,25.891601562499996,116.50878906250003,250.0
4404,25.891601562500004,116.51074218749997,243.0
4405,25.891601562500004,116.5126953125,234.0
4406,25.891601562499996,116.5146484375,230.0
4407,25.891601562499996,116.51660156249997,230.0
4408,25.891601562499996,116.51855468750003,226.0
4409,25.891601562499996,116.52050781249997,218.5
4410,25.891601562500004,116.5224609375,214.5
4411,25.891601562499996,116.5244140625,212.5
4412,25.891601562499996,116.5263671875,211.5
4413,25.891601562500004,116.52832031250003,213.0
4414,25.891601562500004,116.53027343749997,212.0
4415,25.891601562499996,116.5322265625,211.5
4416,25.891601562499996,116.5341796875,210.5
4417,25.891601562500004,116.53613281250003,212.0
4418,25.891601562500004,116.53808593750003,210.5
4419,25.891601562499996,116.54003906249997,207.0
4420,25.891601562499996,116.54199218750003,204.5
4421,25.891601562500004,116.5439453125,202.0
4422,25.891601562500004,116.5458984375,195.0
4423,25.891601562499996,116.54785156250003,193.5
4424,25.891601562499996,116.54980468749997,197.5
4425,25.891601562499996,116.5517578125,206.0
4426,25.891601562499996,116.5537109375,218.0
4427,25.891601562499996,116.55566406250003,226.5
4428,25.891601562499996,116.5576171875,232.0
4429,25.891601562500004,116.5595703125,240.0
4430,25.891601562500004,116.56152343750003,244.5
4431,25.891601562499996,116.56347656250003,251.5
4432,25.891601562499996,116.56542968749997,252.0
4433,25.891601562499996,116.5673828125,253.5
4434,25.891601562500004,116.5693359375,255.5
4435,25.891601562499996,116.5712890625,258.5
4436,25.891601562499996,116.57324218749997,260.0
4437,25.891601562500004,116.5751953125,261.0
4438,25.891601562499996,116.5771484375,264.5
4439,25.891601562500004,116.5791015625,267.0
4440,25.891601562500004,116.58105468750003,261.5
4441,25.891601562499996,116.58300781249997,268.0
4442,25.891601562499996,116.58496093749997,273.0
4443,25.891601562499996,116.58691406250003,274.5
4444,25.891601562500004,116.5888671875,276.5
4445,25.891601562499996,116.5908203125,280.0
4446,25.891601562500004,116.59277343749997,279.0
4447,25.891601562499996,116.5947265625,278.0
4448,25.891601562499996,116.5966796875,277.0
4449,25.891601562499996,116.5986328125,276.5
4450,25.891601562499996,116.60058593750003,276.5
4451,25.891601562499996,116.6025390625,278.0
4452,25.891601562499996,116.6044921875,278.5
4453,25.891601562499996,116.60644531250003,278.5
4454,25.891601562500004,116.60839843750003,275.0
4455,25.891601562499996,116.61035156250006,274.0
4456,25.891601562499996,116.61230468749997,273.0
4457,25.891601562500004,116.6142578125,270.5
4458,25.891601562499996,116.6162109375,270.5
4459,25.891601562499996,116.61816406249997,263.5
4460,25.891601562500004,116.6201171875,262.0
4461,25.891601562499996,116.6220703125,261.0
4462,25.891601562499996,116.62402343750003,258.5
4463,25.891601562500004,116.62597656250003,253.0
4464,25.891601562499996,116.62792968749997,248.0
4465,25.891601562499996,116.62988281250006,241.0
4466,25.891601562499996,116.63183593749997,239.5
4467,25.891601562499996,116.6337890625,237.0
4468,25.891601562499996,116.63574218749997,228.5
4469,25.891601562500004,116.63769531249997,219.0
4470,25.891601562499996,116.6396484375,214.5
4471,25.891601562499996,116.6416015625,206.5
4472,25.891601562499996,116.64355468750003,196.5
4473,25.891601562499996,116.64550781250003,191.5
4474,25.889648437499996,116.5009765625,273.0
4475,25.889648437499996,116.50292968749997,266.5
4476,25.889648437499996,116.5048828125,260.0
4477,25.889648437499996,116.5068359375,252.5
4478,25.889648437499996,116.50878906250003,247.5
4479,25.889648437499996,116.51074218749997,241.5
4480,25.889648437499996,116.5126953125,231.5
4481,25.889648437499996,116.5146484375,228.5
4482,25.889648437499996,116.51660156249997,228.5
4483,25.889648437499996,116.51855468750003,226.0
4484,25.889648437499996,116.52050781249997,222.0
4485,25.889648437499996,116.5224609375,218.0
4486,25.8896484375,116.5244140625,214.0
4487,25.889648437499996,116.5263671875,210.5
4488,25.889648437499996,116.52832031250003,210.5
4489,25.889648437499996,116.53027343749997,211.0
4490,25.889648437499996,116.5322265625,211.0
4491,25.889648437499996,116.5341796875,209.5
4492,25.889648437499996,116.53613281250003,209.5
4493,25.889648437499996,116.53808593750003,209.5
4494,25.889648437499996,116.54003906249997,206.5
4495,25.889648437499996,116.54199218750003,204.5
4496,25.889648437499996,116.5439453125,202.0
4497,25.889648437499996,116.5458984375,198.0
4498,25.889648437499996,116.54785156250003,197.0
4499,25.889648437499996,116.54980468749997,201.0
4500,25.889648437499996,116.5517578125,208.0
4501,25.889648437499996,116.5537109375,217.0
4502,25.889648437499996,116.55566406250003,225.5
4503,25.889648437499996,116.5576171875,232.0
4504,25.889648437499996,116.5595703125,239.0
4505,25.889648437499996,116.56152343750003,243.5
4506,25.889648437499996,116.56347656250003,249.5
4507,25.889648437499996,116.56542968749997,253.0
4508,25.889648437499996,116.5673828125,256.5
4509,25.889648437499996,116.5693359375,258.0
4510,25.889648437499996,116.5712890625,262.0
4511,25.889648437499996,116.57324218749997,266.5
4512,25.889648437499996,116.5751953125,270.5
4513,25.889648437499996,116.5771484375,273.0
4514,25.889648437499996,116.5791015625,277.5
4515,25.889648437499996,116.58105468750003,278.5
4516,25.889648437499996,116.58300781249997,279.5
4517,25.889648437499996,116.58496093749997,283.5
4518,25.889648437499996,116.58691406250003,283.5
4519,25.889648437499996,116.5888671875,284.0
4520,25.889648437499996,116.5908203125,288.5
4521,25.889648437499996,116.59277343749997,286.0
4522,25.889648437499996,116.5947265625,284.5
4523,25.889648437499996,116.5966796875,283.5
4524,25.889648437499996,116.5986328125,281.5
4525,25.889648437499996,116.60058593750003,280.5
4526,25.889648437499996,116.6025390625,282.5
4527,25.889648437499996,116.6044921875,284.0
4528,25.889648437499996,116.60644531250003,282.5
4529,25.889648437499996,116.60839843750003,277.5
4530,25.889648437499996,116.61035156250006,274.5
4531,25.889648437499996,116.61230468749997,272.5
4532,25.889648437499996,116.6142578125,271.0
4533,25.889648437499996,116.6162109375,269.5
4534,25.889648437499996,116.61816406249997,263.5
4535,25.889648437499996,116.6201171875,263.0
4536,25.889648437499996,116.6220703125,260.0
4537,25.889648437499996,116.62402343750003,256.0
4538,25.889648437499996,116.62597656250003,250.5
4539,25.889648437499996,116.62792968749997,245.5
4540,25.889648437499996,116.62988281250006,240.5
4541,25.889648437499996,116.63183593749997,240.5
4542,25.889648437499996,116.6337890625,236.5
4543,25.889648437499996,116.63574218749997,224.5
4544,25.889648437499996,116.63769531249997,218.0
4545,25.8896484375,116.6396484375,213.0
4546,25.889648437499996,116.6416015625,202.5
4547,25.889648437499996,116.64355468750003,190.5
4548,25.889648437499996,116.64550781250003,183.0
4549,25.887695312499996,116.5009765625,268.5
4550,25.887695312499996,116.50292968749997,264.0
4551,25.887695312499996,116.5048828125,258.5
4552,25.887695312499996,116.5068359375,252.0
4553,25.887695312499996,116.50878906250003,247.0
4554,25.887695312499996,116.51074218749997,243.0
4555,25.887695312499996,116.5126953125,236.0
4556,25.887695312499996,116.5146484375,231.0
4557,25.887695312499996,116.51660156249997,228.0
4558,25.887695312499996,116.51855468750003,224.5
4559,25.887695312499996,116.52050781249997,222.0
4560,25.8876953125,116.5224609375,222.0
4561,25.887695312499996,116.5244140625,218.0
4562,25.887695312499996,116.5263671875,213.0
4563,25.887695312499996,116.52832031250003,212.0
4564,25.887695312499996,116.53027343749997,210.5
4565,25.8876953125,116.5322265625,208.0
4566,25.887695312499996,116.5341796875,207.0
4567,25.887695312499996,116.53613281250003,204.0
4568,25.887695312499996,116.53808593750003,204.0
4569,25.887695312499996,116.54003906249997,203.0
4570,25.887695312499996,116.54199218750003,202.0
4571,25.887695312499996,116.5439453125,201.0
4572,25.887695312499996,116.5458984375,202.0
4573,25.887695312499996,116.54785156250003,202.0
4574,25.887695312499996,116.54980468749997,203.5
4575,25.887695312499996,116.5517578125,208.5
4576,25.887695312499996,116.5537109375,214.0
4577,25.887695312499996,116.55566406250003,221.5
4578,25.887695312499996,116.5576171875,228.5
4579,25.887695312499996,116.5595703125,232.0
4580,25.887695312499996,116.56152343750003,239.0
4581,25.887695312499996,116.56347656250003,248.0
4582,25.887695312499996,116.56542968749997,251.0
4583,25.887695312499996,116.5673828125,254.0
4584,25.887695312499996,116.5693359375,258.5
4585,25.887695312499996,116.5712890625,265.0
4586,25.887695312499996,116.57324218749997,271.0
4587,25.887695312499996,116.5751953125,275.0
4588,25.887695312499996,116.5771484375,280.0
4589,25.887695312499996,116.5791015625,284.0
4590,25.887695312499996,116.58105468750003,291.5
4591,25.887695312499996,116.58300781249997,290.0
4592,25.887695312499996,116.58496093749997,292.5
4593,25.887695312499996,116.58691406250003,293.0
4594,25.887695312499996,116.5888671875,292.5
4595,25.887695312499996,116.5908203125,298.0
4596,25.887695312499996,116.59277343749997,296.0
4597,25.887695312499996,116.5947265625,294.0
4598,25.887695312499996,116.5966796875,292.0
4599,25.887695312499996,116.5986328125,289.0
4600,25.887695312499996,116.60058593750003,286.5
4601,25.887695312499996,116.6025390625,288.0
4602,25.887695312499996,116.6044921875,288.0
4603,25.887695312499996,116.60644531250003,285.0
4604,25.887695312499996,116.60839843750003,280.5
4605,25.887695312499996,116.61035156250006,275.5
4606,25.887695312499996,116.61230468749997,273.5
4607,25.887695312499996,116.6142578125,269.5
4608,25.887695312499996,116.6162109375,267.0
4609,25.887695312499996,116.61816406249997,262.5
4610,25.887695312499996,116.6201171875,261.0
4611,25.887695312499996,116.6220703125,257.5
4612,25.887695312499996,116.62402343750003,253.5
4613,25.887695312499996,116.62597656250003,247.0
4614,25.887695312499996,116.62792968749997,241.0
4615,25.887695312499996,116.62988281250006,238.0
4616,25.887695312499996,116.63183593749997,236.5
4617,25.887695312499996,116.6337890625,231.0
4618,25.887695312499996,116.63574218749997,222.0
4619,25.887695312499996,116.63769531249997,217.5
4620,25.887695312499996,116.6396484375,211.0
4621,25.887695312499996,116.6416015625,199.5
4622,25.887695312499996,116.64355468750003,188.5
4623,25.887695312499996,116.64550781250003,180.0
4624,25.8857421875,116.5009765625,269.0
4625,25.8857421875,116.50292968749997,263.0
4626,25.8857421875,116.5048828125,257.0
4627,25.8857421875,116.5068359375,251.5
4628,25.8857421875,116.50878906250003,245.5
4629,25.8857421875,116.51074218749997,245.0
4630,25.8857421875,116.5126953125,239.5
4631,25.8857421875,116.5146484375,231.5
4632,25.8857421875,116.51660156249997,227.0
4633,25.8857421875,116.51855468750003,224.5
4634,25.8857421875,116.52050781249997,223.5
4635,25.8857421875,116.5224609375,224.0
4636,25.8857421875,116.5244140625,220.0
4637,25.8857421875,116.5263671875,214.0
4638,25.8857421875,116.52832031250003,212.0
4639,25.8857421875,116.53027343749997,209.0
4640,25.8857421875,116.5322265625,204.5
4641,25.8857421875,116.5341796875,200.5
4642,25.8857421875,116.53613281250003,199.0
4643,25.8857421875,116.53808593750003,197.0
4644,25.8857421875,116.54003906249997,197.0
4645,25.8857421875,116.54199218750003,196.0
4646,25.8857421875,116.5439453125,198.0
4647,25.8857421875,116.5458984375,198.5
4648,25.8857421875,116.54785156250003,199.0
4649,25.8857421875,116.54980468749997,201.5
4650,25.8857421875,116.5517578125,206.0
4651,25.8857421875,116.5537109375,209.0
4652,25.885742187500004,116.55566406250003,215.0
4653,25.8857421875,116.5576171875,222.0
4654,25.885742187500004,116.5595703125,224.0
4655,25.8857421875,116.56152343750003,232.5
4656,25.8857421875,116.56347656250003,243.0
4657,25.8857421875,116.56542968749997,246.5
4658,25.8857421875,116.5673828125,250.0
4659,25.8857421875,116.5693359375,257.5
4660,25.8857421875,116.5712890625,265.0
4661,25.8857421875,116.57324218749997,272.0
4662,25.8857421875,116.5751953125,277.0
4663,25.8857421875,116.5771484375,282.5
4664,25.8857421875,116.5791015625,287.0
4665,25.885742187500004,116.58105468750003,295.0
4666,25.8857421875,116.58300781249997,296.5
4667,25.8857421875,116.58496093749997,300.0
4668,25.8857421875,116.58691406250003,302.0
4669,25.8857421875,116.5888671875,302.0
4670,25.8857421875,116.5908203125,306.0
4671,25.8857421875,116.59277343749997,305.5
4672,25.8857421875,116.5947265625,303.5
4673,25.8857421875,116.5966796875,301.0
4674,25.8857421875,116.5986328125,297.5
4675,25.8857421875,116.60058593750003,295.0
4676,25.8857421875,116.6025390625,293.5
4677,25.8857421875,116.6044921875,292.0
4678,25.8857421875,116.60644531250003,289.0
4679,25.8857421875,116.60839843750003,284.0
4680,25.8857421875,116.61035156250006,277.5
4681,25.8857421875,116.61230468749997,275.5
4682,25.8857421875,116.6142578125,268.0
4683,25.8857421875,116.6162109375,266.5
4684,25.8857421875,116.61816406249997,260.0
4685,25.8857421875,116.6201171875,256.0
4686,25.8857421875,116.6220703125,254.5
4687,25.8857421875,116.62402343750003,251.0
4688,25.885742187500004,116.62597656250003,241.5
4689,25.8857421875,116.62792968749997,233.0
4690,25.8857421875,116.62988281250006,233.0
4691,25.8857421875,116.63183593749997,233.0
4692,25.8857421875,116.6337890625,226.0
4693,25.8857421875,116.63574218749997,217.5
4694,25.8857421875,116.63769531249997,211.0
4695,25.8857421875,116.6396484375,203.5
4696,25.8857421875,116.6416015625,193.5
4697,25.8857421875,116.64355468750003,185.0
4698,25.8857421875,116.64550781250003,177.5
4699,25.883789062499996,116.5009765625,269.5
4700,25.883789062500004,116.50292968749997,261.5
4701,25.883789062499996,116.5048828125,255.5
4702,25.883789062499996,116.5068359375,252.0
4703,25.883789062499996,116.50878906250003,244.5
4704,25.883789062500004,116.51074218749997,243.0
4705,25.883789062500004,116.5126953125,236.5
4706,25.883789062499996,116.5146484375,231.5
4707,25.883789062499996,116.51660156249997,227.5
4708,25.883789062499996,116.51855468750003,225.5
4709,25.883789062499996,116.52050781249997,224.0
4710,25.883789062500004,116.5224609375,224.0
4711,25.883789062500004,116.5244140625,219.0
4712,25.883789062499996,116.5263671875,210.0
4713,25.883789062499996,116.52832031250003,206.5
4714,25.883789062499996,116.53027343749997,203.5
4715,25.883789062500004,116.5322265625,199.5
4716,25.883789062499996,116.5341796875,194.5
4717,25.883789062499996,116.53613281250003,189.5
4718,25.883789062500004,116.53808593750003,187.5
4719,25.883789062500004,116.54003906249997,191.0
4720,25.883789062499996,116.54199218750003,188.5
4721,25.883789062499996,116.5439453125,191.0
4722,25.883789062499996,116.5458984375,190.0
4723,25.883789062499996,116.54785156250003,190.5
4724,25.883789062499996,116.54980468749997,193.0
4725,25.883789062499996,116.5517578125,196.5
4726,25.883789062499996,116.5537109375,202.0
4727,25.883789062499996,116.55566406250003,208.0
4728,25.883789062500004,116.5576171875,212.0
4729,25.883789062499996,116.5595703125,216.5
4730,25.883789062499996,116.56152343750003,223.5
4731,25.883789062499996,116.56347656250003,231.5
4732,25.883789062499996,116.56542968749997,241.5
4733,25.883789062499996,116.5673828125,245.5
4734,25.883789062500004,116.5693359375,254.5
4735,25.883789062499996,116.5712890625,261.5
4736,25.883789062499996,116.57324218749997,274.5
4737,25.883789062499996,116.5751953125,278.0
4738,25.883789062499996,116.5771484375,284.5
4739,25.883789062499996,116.5791015625,291.0
4740,25.883789062500004,116.58105468750003,300.0
4741,25.883789062499996,116.58300781249997,300.5
4742,25.883789062499996,116.58496093749997,306.5
4743,25.883789062499996,116.58691406250003,309.0
4744,25.883789062499996,116.5888671875,310.0
4745,25.883789062499996,116.5908203125,312.0
4746,25.883789062499996,116.59277343749997,312.5
4747,25.883789062499996,116.5947265625,312.0
4748,25.883789062499996,116.5966796875,309.5
4749,25.883789062499996,116.5986328125,307.0
4750,25.883789062499996,116.60058593750003,304.0
4751,25.883789062499996,116.6025390625,300.5
4752,25.883789062499996,116.6044921875,296.5
4753,25.883789062500004,116.60644531250003,293.5
4754,25.883789062499996,116.60839843750003,289.0
4755,25.883789062499996,116.61035156250006,282.5
4756,25.883789062499996,116.61230468749997,276.5
4757,25.883789062500004,116.6142578125,270.5
4758,25.883789062499996,116.6162109375,265.5
4759,25.883789062499996,116.61816406249997,256.5
4760,25.883789062499996,116.6201171875,253.5
4761,25.883789062499996,116.6220703125,249.5
4762,25.883789062500004,116.62402343750003,245.5
4763,25.883789062500004,116.62597656250003,237.0
4764,25.883789062499996,116.62792968749997,224.5
4765,25.883789062499996,116.62988281250006,224.5
4766,25.883789062499996,116.63183593749997,225.5
4767,25.883789062499996,116.6337890625,218.5
4768,25.883789062499996,116.63574218749997,213.5
4769,25.883789062499996,116.63769531249997,206.0
4770,25.883789062500004,116.6396484375,199.0
4771,25.883789062499996,116.6416015625,191.0
4772,25.883789062499996,116.64355468750003,181.5
4773,25.883789062499996,116.64550781250003,171.5
4774,25.881835937499996,116.5009765625,269.0
4775,25.881835937499996,116.50292968749997,261.0
4776,25.881835937499996,116.5048828125,253.5
4777,25.881835937499996,116.5068359375,249.0
4778,25.881835937499996,116.50878906250003,243.5
4779,25.881835937499996,116.51074218749997,237.0
4780,25.881835937499996,116.5126953125,231.5
4781,25.881835937499996,116.5146484375,229.0
4782,25.881835937499996,116.51660156249997,228.5
4783,25.881835937499996,116.51855468750003,227.5
4784,25.881835937499996,116.52050781249997,221.5
4785,25.881835937499996,116.5224609375,220.5
4786,25.881835937499996,116.5244140625,215.5
4787,25.881835937499996,116.5263671875,205.0
4788,25.881835937499996,116.52832031250003,197.0
4789,25.881835937499996,116.53027343749997,192.5
4790,25.881835937499996,116.5322265625,188.5
4791,25.881835937499996,116.5341796875,186.5
4792,25.881835937499996,116.53613281250003,178.5
4793,25.881835937499996,116.53808593750003,180.5
4794,25.881835937499996,116.54003906249997,180.5
4795,25.881835937499996,116.54199218750003,175.5
4796,25.881835937499996,116.5439453125,178.5
4797,25.881835937499996,116.5458984375,177.5
4798,25.881835937499996,116.54785156250003,177.5
4799,25.881835937499996,116.54980468749997,179.5
4800,25.881835937499996,116.5517578125,183.5
4801,25.881835937499996,116.5537109375,190.5
4802,25.881835937499996,116.55566406250003,197.5
4803,25.881835937499996,116.5576171875,200.5
4804,25.881835937499996,116.5595703125,204.5
4805,25.881835937499996,116.56152343750003,212.5
4806,25.881835937499996,116.56347656250003,223.0
4807,25.881835937499996,116.56542968749997,230.0
4808,25.881835937499996,116.5673828125,240.0
4809,25.881835937499996,116.5693359375,248.5
4810,25.881835937499996,116.5712890625,257.0
4811,25.881835937499996,116.57324218749997,272.5
4812,25.881835937499996,116.5751953125,276.5
4813,25.881835937499996,116.5771484375,285.0
4814,25.881835937499996,116.5791015625,292.0
4815,25.881835937499996,116.58105468750003,301.0
4816,25.881835937499996,116.58300781249997,305.0
4817,25.881835937499996,116.58496093749997,311.0
4818,25.881835937499996,116.58691406250003,315.5
4819,25.881835937499996,116.5888671875,316.5
4820,25.881835937499996,116.5908203125,317.5
4821,25.881835937499996,116.59277343749997,315.5
4822,25.881835937499996,116.5947265625,318.5
4823,25.881835937499996,116.5966796875,317.0
4824,25.881835937499996,116.5986328125,312.5
4825,25.881835937499996,116.60058593750003,310.0
4826,25.881835937499996,116.6025390625,307.5
4827,25.881835937499996,116.6044921875,302.5
4828,25.881835937499996,116.60644531250003,298.5
4829,25.881835937499996,116.60839843750003,294.5
4830,25.881835937499996,116.61035156250006,286.5
4831,25.881835937499996,116.61230468749997,277.0
4832,25.881835937499996,116.6142578125,268.0
4833,25.881835937499996,116.6162109375,265.5
4834,25.881835937499996,116.61816406249997,253.5
4835,25.881835937499996,116.6201171875,250.5
4836,25.881835937499996,116.6220703125,244.0
4837,25.881835937499996,116.62402343750003,238.5
4838,25.881835937499996,116.62597656250003,232.5
4839,25.881835937499996,116.62792968749997,220.0
4840,25.881835937499996,116.62988281250006,219.5
4841,25.881835937499996,116.63183593749997,217.0
4842,25.881835937499996,116.6337890625,211.0
4843,25.881835937499996,116.63574218749997,206.5
4844,25.881835937499996,116.63769531249997,202.0
4845,25.881835937499996,116.6396484375,191.0
4846,25.881835937499996,116.6416015625,180.5
4847,25.881835937499996,116.64355468750003,175.0
4848,25.881835937499996,116.64550781250003,166.5
4849,25.8798828125,116.5009765625,268.0
4850,25.8798828125,116.50292968749997,260.5
4851,25.8798828125,116.5048828125,252.5
4852,25.8798828125,116.5068359375,246.5
4853,25.8798828125,116.50878906250003,238.0
4854,25.8798828125,116.51074218749997,234.0
4855,25.8798828125,116.5126953125,230.5
4856,25.8798828125,116.5146484375,229.0
4857,25.8798828125,116.51660156249997,226.5
4858,25.8798828125,116.51855468750003,221.5
4859,25.8798828125,116.52050781249997,216.5
4860,25.879882812500004,116.5224609375,214.0
4861,25.8798828125,116.5244140625,209.0
4862,25.8798828125,116.5263671875,200.0
4863,25.8798828125,116.52832031250003,191.0
4864,25.879882812500004,116.53027343749997,186.0
4865,25.879882812500004,116.5322265625,180.5
4866,25.8798828125,116.5341796875,177.0
4867,25.8798828125,116.53613281250003,169.5
4868,25.879882812500004,116.53808593750003,171.5
4869,25.8798828125,116.54003906249997,164.0
4870,25.8798828125,116.54199218750003,162.5
4871,25.8798828125,116.5439453125,164.0
4872,25.8798828125,116.5458984375,163.5
4873,25.8798828125,116.54785156250003,164.5
4874,25.8798828125,116.54980468749997,166.5
4875,25.8798828125,116.5517578125,170.0
4876,25.8798828125,116.5537109375,175.5
4877,25.8798828125,116.55566406250003,182.0
4878,25.8798828125,116.5576171875,185.5
4879,25.879882812500004,116.5595703125,189.5
4880,25.8798828125,116.56152343750003,195.0
4881,25.8798828125,116.56347656250003,207.0
4882,25.8798828125,116.56542968749997,216.5
4883,25.8798828125,116.5673828125,230.5
4884,25.8798828125,116.5693359375,239.5
4885,25.8798828125,116.5712890625,249.5
4886,25.8798828125,116.57324218749997,268.5
4887,25.8798828125,116.5751953125,275.5
4888,25.8798828125,116.5771484375,282.5
4889,25.8798828125,116.5791015625,291.0
4890,25.8798828125,116.58105468750003,301.0
4891,25.8798828125,116.58300781249997,305.0
4892,25.8798828125,116.58496093749997,311.5
4893,25.8798828125,116.58691406250003,317.0
4894,25.879882812500004,116.5888671875,320.0
4895,25.8798828125,116.5908203125,316.0
4896,25.8798828125,116.59277343749997,311.5
4897,25.879882812500004,116.5947265625,320.5
4898,25.8798828125,116.5966796875,323.5
4899,25.8798828125,116.5986328125,320.0
4900,25.8798828125,116.60058593750003,317.5
4901,25.8798828125,116.6025390625,314.5
4902,25.8798828125,116.6044921875,307.5
4903,25.8798828125,116.60644531250003,303.0
4904,25.8798828125,116.60839843750003,296.0
4905,25.8798828125,116.61035156250006,287.5
4906,25.8798828125,116.61230468749997,278.5
4907,25.8798828125,116.6142578125,269.0
4908,25.8798828125,116.6162109375,262.5
4909,25.8798828125,116.61816406249997,253.5
4910,25.8798828125,116.6201171875,246.0
4911,25.8798828125,116.6220703125,238.5
4912,25.8798828125,116.62402343750003,229.0
4913,25.8798828125,116.62597656250003,224.0
4914,25.8798828125,116.62792968749997,218.0
4915,25.8798828125,116.62988281250006,215.0
4916,25.8798828125,116.63183593749997,210.5
4917,25.8798828125,116.6337890625,206.5
4918,25.8798828125,116.63574218749997,202.0
4919,25.8798828125,116.63769531249997,195.5
4920,25.8798828125,116.6396484375,182.5
4921,25.8798828125,116.6416015625,172.0
4922,25.8798828125,116.64355468750003,167.5
4923,25.8798828125,116.64550781250003,160.0
4924,25.877929687499993,116.5009765625,266.5
4925,25.877929687499993,116.50292968749997,261.0
4926,25.877929687499993,116.5048828125,252.5
4927,25.877929687499993,116.5068359375,244.5
4928,25.877929687499993,116.50878906250003,234.0
4929,25.877929687499993,116.51074218749997,231.5
4930,25.877929687499993,116.5126953125,227.5
4931,25.877929687499993,116.5146484375,225.5
4932,25.877929687499993,116.51660156249997,223.5
4933,25.877929687499996,116.51855468750003,218.5
4934,25.877929687499993,116.52050781249997,212.5
4935,25.877929687499996,116.5224609375,207.5
4936,25.877929687499993,116.5244140625,200.0
4937,25.877929687499993,116.5263671875,191.5
4938,25.877929687499996,116.52832031250003,184.5
4939,25.877929687499993,116.53027343749997,178.0
4940,25.877929687499993,116.5322265625,172.0
4941,25.877929687499993,116.5341796875,167.5
4942,25.877929687499993,116.53613281250003,159.5
4943,25.877929687499993,116.53808593750003,162.0
4944,25.877929687499993,116.54003906249997,155.0
4945,25.877929687499993,116.54199218750003,151.5
4946,25.877929687499993,116.5439453125,150.0
4947,25.877929687499993,116.5458984375,150.0
4948,25.877929687499993,116.54785156250003,150.5
4949,25.877929687499993,116.54980468749997,153.0
4950,25.877929687499993,116.5517578125,156.0
4951,25.877929687499993,116.5537109375,160.5
4952,25.877929687499993,116.55566406250003,166.0
4953,25.877929687499993,116.5576171875,171.5
4954,25.877929687499996,116.5595703125,175.5
4955,25.877929687499993,116.56152343750003,180.5
4956,25.877929687499996,116.56347656250003,191.5
4957,25.877929687499993,116.56542968749997,204.0
4958,25.877929687499993,116.5673828125,216.0
4959,25.877929687499993,116.5693359375,228.5
4960,25.877929687499993,116.5712890625,241.0
4961,25.877929687499993,116.57324218749997,260.5
4962,25.877929687499993,116.5751953125,268.0
4963,25.877929687499993,116.5771484375,276.5
4964,25.877929687499993,116.5791015625,285.0
4965,25.877929687499996,116.58105468750003,297.0
4966,25.877929687499993,116.58300781249997,302.0
4967,25.877929687499996,116.58496093749997,308.5
4968,25.877929687499993,116.58691406250003,315.0
4969,25.877929687499993,116.5888671875,322.5
4970,25.877929687499993,116.5908203125,322.5
4971,25.877929687499993,116.59277343749997,316.5
4972,25.877929687499996,116.5947265625,324.5
4973,25.877929687499993,116.5966796875,328.0
4974,25.877929687499993,116.5986328125,327.0
4975,25.877929687499993,116.60058593750003,323.5
4976,25.877929687499993,116.6025390625,320.5
4977,25.877929687499993,116.6044921875,312.0
4978,25.877929687499993,116.60644531250003,305.0
4979,25.877929687499993,116.60839843750003,296.5
4980,25.877929687499993,116.61035156250006,288.5
4981,25.877929687499993,116.61230468749997,277.5
4982,25.877929687499996,116.6142578125,268.5
4983,25.877929687499993,116.6162109375,263.5
4984,25.877929687499993,116.61816406249997,249.0
4985,25.877929687499993,116.6201171875,238.5
4986,25.877929687499993,116.6220703125,232.0
4987,25.877929687499993,116.62402343750003,224.0
4988,25.877929687499996,116.62597656250003,219.5
4989,25.877929687499993,116.62792968749997,213.0
4990,25.877929687499996,116.62988281250006,211.0
4991,25.877929687499993,116.63183593749997,207.0
4992,25.877929687499993,116.6337890625,201.0
4993,25.877929687499993,116.63574218749997,193.0
4994,25.877929687499993,116.63769531249997,186.0
4995,25.877929687499996,116.6396484375,177.5
4996,25.877929687499993,116.6416015625,170.0
4997,25.877929687499993,116.64355468750003,162.5
4998,25.877929687499993,116.64550781250003,154.0
4999,25.875976562499993,116.5009765625,269.0
5000,25.875976562499993,116.50292968749997,260.0
5001,25.875976562499993,116.5048828125,251.0
5002,25.875976562499993,116.5068359375,244.5
5003,25.875976562499993,116.50878906250003,231.5
5004,25.875976562499993,116.51074218749997,229.5
5005,25.875976562499993,116.5126953125,224.5
5006,25.875976562499993,116.5146484375,219.5
5007,25.875976562499993,116.51660156249997,216.0
5008,25.875976562499993,116.51855468750003,212.5
5009,25.875976562499993,116.52050781249997,205.0
5010,25.875976562499993,116.5224609375,197.0
5011,25.875976562499993,116.5244140625,186.0
5012,25.875976562499993,116.5263671875,178.0
5013,25.875976562499993,116.52832031250003,172.5
5014,25.875976562499993,116.53027343749997,165.5
5015,25.875976562499993,116.5322265625,160.0
5016,25.875976562499993,116.5341796875,157.0
5017,25.875976562499993,116.53613281250003,149.0
5018,25.875976562499993,116.53808593750003,151.0
5019,25.875976562499993,116.54003906249997,145.0
5020,25.875976562499993,116.54199218750003,137.0
5021,25.875976562499993,116.5439453125,136.5
5022,25.875976562499993,116.5458984375,135.5
5023,25.875976562499993,116.54785156250003,135.5
5024,25.875976562499993,116.54980468749997,137.0
5025,25.875976562499993,116.5517578125,140.0
5026,25.875976562499993,116.5537109375,146.0
5027,25.875976562499993,116.55566406250003,150.0
5028,25.875976562499993,116.5576171875,155.5
5029,25.875976562499993,116.5595703125,160.0
5030,25.875976562499993,116.56152343750003,168.0
5031,25.875976562499993,116.56347656250003,180.0
5032,25.875976562499993,116.56542968749997,192.0
5033,25.875976562499993,116.5673828125,204.0
5034,25.875976562499993,116.5693359375,216.0
5035,25.875976562499993,116.5712890625,229.5
5036,25.875976562499993,116.57324218749997,253.5
5037,25.875976562499993,116.5751953125,256.5
5038,25.875976562499993,116.5771484375,266.0
5039,25.875976562499993,116.5791015625,273.5
5040,25.875976562499996,116.58105468750003,284.5
5041,25.875976562499993,116.58300781249997,295.0
5042,25.875976562499993,116.58496093749997,305.0
5043,25.875976562499993,116.58691406250003,312.5
5044,25.875976562499993,116.5888671875,321.0
5045,25.875976562499993,116.5908203125,324.0
5046,25.875976562499993,116.59277343749997,325.5
5047,25.875976562499993,116.5947265625,331.0
5048,25.875976562499993,116.5966796875,332.0
5049,25.875976562499993,116.5986328125,331.0
5050,25.875976562499993,116.60058593750003,328.0
5051,25.875976562499993,116.6025390625,323.5
5052,25.875976562499993,116.6044921875,315.0
5053,25.875976562499993,116.60644531250003,306.5
5054,25.875976562499993,116.60839843750003,300.0
5055,25.875976562499993,116.61035156250006,292.5
5056,25.875976562499993,116.61230468749997,278.5
5057,25.875976562499993,116.6142578125,269.0
5058,25.875976562499993,116.6162109375,260.0
5059,25.875976562499993,116.61816406249997,245.5
5060,25.875976562499993,116.6201171875,235.5
5061,25.875976562499993,116.6220703125,228.0
5062,25.875976562499993,116.62402343750003,222.5
5063,25.875976562499996,116.62597656250003,215.5
5064,25.875976562499993,116.62792968749997,207.0
5065,25.875976562499993,116.62988281250006,206.0
5066,25.875976562499993,116.63183593749997,200.5
5067,25.875976562499993,116.6337890625,192.0
5068,25.875976562499993,116.63574218749997,187.0
5069,25.875976562499993,116.63769531249997,181.5
5070,25.875976562499993,116.6396484375,173.0
5071,25.875976562499993,116.6416015625,166.0
5072,25.875976562499993,116.64355468750003,159.0
5073,25.875976562499993,116.64550781250003,152.5
5074,25.8740234375,116.5009765625,270.0
5075,25.8740234375,116.50292968749997,258.5
5076,25.8740234375,116.5048828125,251.0
5077,25.8740234375,116.5068359375,246.0
5078,25.8740234375,116.50878906250003,231.5
5079,25.8740234375,116.51074218749997,225.0
5080,25.8740234375,116.5126953125,219.5
5081,25.8740234375,116.5146484375,212.0
5082,25.8740234375,116.51660156249997,206.0
5083,25.8740234375,116.51855468750003,202.0
5084,25.8740234375,116.52050781249997,194.0
5085,25.8740234375,116.5224609375,184.5
5086,25.8740234375,116.5244140625,176.0
5087,25.8740234375,116.5263671875,170.0
5088,25.8740234375,116.52832031250003,165.0
5089,25.8740234375,116.53027343749997,155.0
5090,25.8740234375,116.5322265625,147.5
5091,25.8740234375,116.5341796875,143.5
5092,25.8740234375,116.53613281250003,136.5
5093,25.8740234375,116.53808593750003,136.5
5094,25.8740234375,116.54003906249997,131.5
5095,25.8740234375,116.54199218750003,122.5
5096,25.8740234375,116.5439453125,120.5
5097,25.8740234375,116.5458984375,120.5
5098,25.8740234375,116.54785156250003,120.0
5099,25.8740234375,116.54980468749997,121.0
5100,25.8740234375,116.5517578125,124.0
5101,25.8740234375,116.5537109375,129.0
5102,25.8740234375,116.55566406250003,132.5
5103,25.8740234375,116.5576171875,138.5
5104,25.8740234375,116.5595703125,144.5
5105,25.8740234375,116.56152343750003,153.0
5106,25.8740234375,116.56347656250003,166.0
5107,25.8740234375,116.56542968749997,180.0
5108,25.8740234375,116.5673828125,190.5
5109,25.8740234375,116.5693359375,202.5
5110,25.8740234375,116.5712890625,214.0
5111,25.8740234375,116.57324218749997,240.5
5112,25.8740234375,116.5751953125,244.5
5113,25.8740234375,116.5771484375,256.0
5114,25.8740234375,116.5791015625,264.5
5115,25.8740234375,116.58105468750003,278.5
5116,25.8740234375,116.58300781249997,285.5
5117,25.8740234375,116.58496093749997,296.0
5118,25.8740234375,116.58691406250003,303.0
5119,25.8740234375,116.5888671875,312.5
5120,25.8740234375,116.5908203125,315.5
5121,25.8740234375,116.59277343749997,328.0
5122,25.8740234375,116.5947265625,334.0
5123,25.8740234375,116.5966796875,335.5
5124,25.8740234375,116.5986328125,334.5
5125,25.8740234375,116.60058593750003,331.0
5126,25.8740234375,116.6025390625,325.0
5127,25.8740234375,116.6044921875,318.5
5128,25.8740234375,116.60644531250003,310.5
5129,25.8740234375,116.60839843750003,303.5
5130,25.8740234375,116.61035156250006,294.0
5131,25.8740234375,116.61230468749997,281.0
5132,25.8740234375,116.6142578125,270.5
5133,25.8740234375,116.6162109375,261.5
5134,25.8740234375,116.61816406249997,245.5
5135,25.8740234375,116.6201171875,233.5
5136,25.8740234375,116.6220703125,223.5
5137,25.8740234375,116.62402343750003,216.5
5138,25.8740234375,116.62597656250003,209.5
5139,25.8740234375,116.62792968749997,202.5
5140,25.8740234375,116.62988281250006,201.5
5141,25.8740234375,116.63183593749997,192.5
5142,25.8740234375,116.6337890625,184.0
5143,25.8740234375,116.63574218749997,182.5
5144,25.8740234375,116.63769531249997,175.0
5145,25.8740234375,116.6396484375,166.0
5146,25.8740234375,116.6416015625,161.0
5147,25.8740234375,116.64355468750003,156.5
5148,25.8740234375,116.64550781250003,150.0
5149,25.8720703125,116.5009765625,268.5
5150,25.8720703125,116.50292968749997,259.5
5151,25.8720703125,116.5048828125,250.5
5152,25.8720703125,116.5068359375,242.5
5153,25.8720703125,116.50878906250003,226.0
5154,25.8720703125,116.51074218749997,220.5
5155,25.8720703125,116.5126953125,209.0
5156,25.8720703125,116.5146484375,201.0
5157,25.8720703125,116.51660156249997,196.5
5158,25.8720703125,116.51855468750003,190.0
5159,25.8720703125,116.52050781249997,183.5
5160,25.8720703125,116.5224609375,177.0
5161,25.8720703125,116.5244140625,166.5
5162,25.8720703125,116.5263671875,159.0
5163,25.8720703125,116.52832031250003,153.0
5164,25.872070312500004,116.53027343749997,146.0
5165,25.8720703125,116.5322265625,137.0
5166,25.8720703125,116.5341796875,131.0
5167,25.8720703125,116.53613281250003,124.5
5168,25.8720703125,116.53808593750003,120.0
5169,25.8720703125,116.54003906249997,116.0
5170,25.8720703125,116.54199218750003,107.5
5171,25.8720703125,116.5439453125,105.5
5172,25.8720703125,116.5458984375,107.5
5173,25.8720703125,116.54785156250003,106.0
5174,25.8720703125,116.54980468749997,106.5
5175,25.8720703125,116.5517578125,109.5
5176,25.8720703125,116.5537109375,113.0
5177,25.8720703125,116.55566406250003,115.0
5178,25.8720703125,116.5576171875,119.5
5179,25.8720703125,116.5595703125,128.0
5180,25.8720703125,116.56152343750003,138.5
5181,25.8720703125,116.56347656250003,151.0
5182,25.8720703125,116.56542968749997,164.5
5183,25.8720703125,116.5673828125,176.5
5184,25.8720703125,116.5693359375,188.5
5185,25.8720703125,116.5712890625,200.0
5186,25.8720703125,116.57324218749997,228.0
5187,25.8720703125,116.5751953125,230.0
5188,25.8720703125,116.5771484375,244.5
5189,25.8720703125,116.5791015625,255.5
5190,25.8720703125,116.58105468750003,268.0
5191,25.8720703125,116.58300781249997,276.0
5192,25.8720703125,116.58496093749997,283.0
5193,25.8720703125,116.58691406250003,288.0
5194,25.8720703125,116.5888671875,301.5
5195,25.8720703125,116.5908203125,309.5
5196,25.8720703125,116.59277343749997,324.5
5197,25.8720703125,116.5947265625,333.0
5198,25.8720703125,116.5966796875,335.5
5199,25.8720703125,116.5986328125,335.5
5200,25.8720703125,116.60058593750003,333.0
5201,25.8720703125,116.6025390625,328.0
5202,25.8720703125,116.6044921875,321.5
5203,25.8720703125,116.60644531250003,315.0
5204,25.8720703125,116.60839843750003,305.0
5205,25.8720703125,116.61035156250006,292.5
5206,25.8720703125,116.61230468749997,281.5
5207,25.8720703125,116.6142578125,270.5
5208,25.8720703125,116.6162109375,260.5
5209,25.8720703125,116.61816406249997,244.5
5210,25.8720703125,116.6201171875,232.5
5211,25.8720703125,116.6220703125,222.5
5212,25.8720703125,116.62402343750003,213.5
5213,25.8720703125,116.62597656250003,203.0
5214,25.8720703125,116.62792968749997,197.0
5215,25.8720703125,116.62988281250006,194.0
5216,25.8720703125,116.63183593749997,185.0
5217,25.8720703125,116.6337890625,178.0
5218,25.8720703125,116.63574218749997,176.5
5219,25.8720703125,116.63769531249997,168.0
5220,25.8720703125,116.6396484375,160.0
5221,25.8720703125,116.6416015625,155.0
5222,25.8720703125,116.64355468750003,151.5
5223,25.8720703125,116.64550781250003,144.0
5224,25.870117187499993,116.5009765625,267.0
5225,25.870117187499993,116.50292968749997,258.5
5226,25.870117187499993,116.5048828125,247.5
5227,25.870117187499993,116.5068359375,238.0
5228,25.870117187499993,116.50878906250003,221.0
5229,25.870117187499996,116.51074218749997,214.5
5230,25.870117187499996,116.5126953125,198.5
5231,25.870117187499993,116.5146484375,192.0
5232,25.870117187499993,116.51660156249997,187.5
5233,25.870117187499993,116.51855468750003,178.0
5234,25.870117187499993,116.52050781249997,174.0
5235,25.870117187499993,116.5224609375,166.0
5236,25.870117187499996,116.5244140625,154.0
5237,25.870117187499996,116.5263671875,145.0
5238,25.870117187499993,116.52832031250003,135.0
5239,25.870117187499993,116.53027343749997,133.0
5240,25.870117187499993,116.5322265625,124.5
5241,25.870117187499993,116.5341796875,118.5
5242,25.870117187499993,116.53613281250003,110.0
5243,25.870117187499993,116.53808593750003,104.0
5244,25.870117187499993,116.54003906249997,103.0
5245,25.870117187499993,116.54199218750003,92.0
5246,25.870117187499993,116.5439453125,89.5
5247,25.870117187499993,116.5458984375,91.0
5248,25.870117187499993,116.54785156250003,93.0
5249,25.870117187499996,116.54980468749997,93.0
5250,25.870117187499993,116.5517578125,94.5
5251,25.870117187499993,116.5537109375,98.0
5252,25.870117187499996,116.55566406250003,102.0
5253,25.870117187499993,116.5576171875,105.0
5254,25.870117187499993,116.5595703125,113.5
5255,25.870117187499993,116.56152343750003,124.0
5256,25.870117187499993,116.56347656250003,135.0
5257,25.870117187499993,116.56542968749997,148.0
5258,25.870117187499993,116.5673828125,162.5
5259,25.870117187499996,116.5693359375,174.5
5260,25.870117187499993,116.5712890625,187.0
5261,25.870117187499993,116.57324218749997,210.5
5262,25.870117187499993,116.5751953125,212.5
5263,25.870117187499993,116.5771484375,230.0
5264,25.870117187499993,116.5791015625,244.5
5265,25.870117187499996,116.58105468750003,258.0
5266,25.870117187499993,116.58300781249997,266.0
5267,25.870117187499996,116.58496093749997,273.0
5268,25.870117187499993,116.58691406250003,280.5
5269,25.870117187499996,116.5888671875,295.5
5270,25.870117187499993,116.5908203125,305.0
5271,25.870117187499993,116.59277343749997,320.5
5272,25.870117187499996,116.5947265625,327.5
5273,25.870117187499993,116.5966796875,331.0
5274,25.870117187499993,116.5986328125,331.5
5275,25.870117187499993,116.60058593750003,330.5
5276,25.870117187499993,116.6025390625,328.0
5277,25.870117187499993,116.6044921875,323.0
5278,25.870117187499993,116.60644531250003,315.0
5279,25.870117187499993,116.60839843750003,305.5
5280,25.870117187499993,116.61035156250006,293.5
5281,25.870117187499993,116.61230468749997,283.0
5282,25.870117187499993,116.6142578125,270.5
5283,25.870117187499993,116.6162109375,261.0
5284,25.870117187499993,116.61816406249997,245.0
5285,25.870117187499993,116.6201171875,232.0
5286,25.870117187499993,116.6220703125,221.5
5287,25.870117187499996,116.62402343750003,211.5
5288,25.870117187499996,116.62597656250003,200.0
5289,25.870117187499993,116.62792968749997,193.5
5290,25.870117187499993,116.62988281250006,187.5
5291,25.870117187499993,116.63183593749997,178.5
5292,25.870117187499996,116.6337890625,172.5
5293,25.870117187499993,116.63574218749997,170.0
5294,25.870117187499993,116.63769531249997,165.0
5295,25.870117187499993,116.6396484375,158.5
5296,25.870117187499993,116.6416015625,150.5
5297,25.870117187499993,116.64355468750003,146.5
5298,25.870117187499993,116.64550781250003,140.5
5299,25.868164062499993,116.5009765625,263.5
5300,25.868164062499993,116.50292968749997,253.0
5301,25.868164062499996,116.5048828125,241.5
5302,25.868164062499996,116.5068359375,233.0
5303,25.868164062499993,116.50878906250003,217.5
5304,25.868164062499996,116.51074218749997,205.0
5305,25.868164062499996,116.5126953125,194.0
5306,25.868164062499996,116.5146484375,187.0
5307,25.868164062499996,116.51660156249997,176.5
5308,25.868164062499996,116.51855468750003,169.5
5309,25.868164062499996,116.52050781249997,164.0
5310,25.868164062499993,116.5224609375,151.5
5311,25.868164062499993,116.5244140625,140.0
5312,25.868164062499996,116.5263671875,132.0
5313,25.868164062499993,116.52832031250003,124.0
5314,25.868164062499996,116.53027343749997,119.5
5315,25.868164062499996,116.5322265625,111.0
5316,25.868164062499993,116.5341796875,106.0
5317,25.868164062499996,116.53613281250003,98.0
5318,25.868164062499996,116.53808593750003,91.0
5319,25.868164062499993,116.54003906249997,87.0
5320,25.868164062499993,116.54199218750003,78.0
5321,25.868164062499993,116.5439453125,77.5
5322,25.868164062499996,116.5458984375,75.5
5323,25.868164062499993,116.54785156250003,76.5
5324,25.868164062499996,116.54980468749997,77.0
5325,25.868164062499993,116.5517578125,80.0
5326,25.868164062499993,116.5537109375,82.5
5327,25.868164062499996,116.55566406250003,87.0
5328,25.868164062499996,116.5576171875,90.5
5329,25.868164062499993,116.5595703125,98.0
5330,25.868164062499993,116.56152343750003,108.5
5331,25.868164062499993,116.56347656250003,120.0
5332,25.868164062499993,116.56542968749997,132.5
5333,25.868164062499993,116.5673828125,145.5
5334,25.868164062499996,116.5693359375,158.0
5335,25.868164062499993,116.5712890625,168.5
5336,25.868164062499996,116.57324218749997,187.0
5337,25.868164062499996,116.5751953125,198.0
5338,25.868164062499993,116.5771484375,215.0
5339,25.868164062499993,116.5791015625,233.5
5340,25.868164062499996,116.58105468750003,252.0
5341,25.868164062499993,116.58300781249997,259.0
5342,25.868164062499996,116.58496093749997,268.5
5343,25.868164062499996,116.58691406250003,279.0
5344,25.868164062499993,116.5888671875,295.5
5345,25.868164062499993,116.5908203125,303.0
5346,25.868164062499996,116.59277343749997,314.0
5347,25.868164062499996,116.5947265625,322.0
5348,25.868164062499993,116.5966796875,326.5
5349,25.868164062499993,116.5986328125,327.5
5350,25.868164062499993,116.60058593750003,326.0
5351,25.868164062499993,116.6025390625,326.5
5352,25.868164062499993,116.6044921875,323.0
5353,25.868164062499993,116.60644531250003,314.5
5354,25.868164062499993,116.60839843750003,306.5
5355,25.868164062499993,116.61035156250006,294.5
5356,25.868164062499996,116.61230468749997,283.0
5357,25.868164062499993,116.6142578125,270.0
5358,25.868164062499993,116.6162109375,259.5
5359,25.868164062499993,116.61816406249997,246.0
5360,25.868164062499996,116.6201171875,231.5
5361,25.868164062499993,116.6220703125,221.0
5362,25.868164062499993,116.62402343750003,211.5
5363,25.868164062499996,116.62597656250003,200.5
5364,25.868164062499993,116.62792968749997,192.0
5365,25.868164062499996,116.62988281250006,183.0
5366,25.868164062499993,116.63183593749997,174.5
5367,25.868164062499996,116.6337890625,168.0
5368,25.868164062499993,116.63574218749997,164.5
5369,25.868164062499996,116.63769531249997,161.0
5370,25.868164062499996,116.6396484375,155.5
5371,25.868164062499996,116.6416015625,147.0
5372,25.868164062499993,116.64355468750003,140.5
5373,25.868164062499993,116.64550781250003,136.5
5374,25.866210937499993,116.5009765625,260.0
5375,25.8662109375,116.50292968749997,248.0
5376,25.8662109375,116.5048828125,235.5
5377,25.8662109375,116.5068359375,224.5
5378,25.866210937499993,116.50878906250003,212.5
5379,25.8662109375,116.51074218749997,198.0
5380,25.866210937499993,116.5126953125,189.0
5381,25.8662109375,116.5146484375,180.5
5382,25.866210937499993,116.51660156249997,170.0
5383,25.866210937499993,116.51855468750003,162.5
5384,25.8662109375,116.52050781249997,152.0
5385,25.8662109375,116.5224609375,142.0
5386,25.8662109375,116.5244140625,130.5
5387,25.8662109375,116.5263671875,120.5
5388,25.866210937499993,116.52832031250003,113.0
5389,25.8662109375,116.53027343749997,106.0
5390,25.8662109375,116.5322265625,95.5
5391,25.866210937499993,116.5341796875,91.0
5392,25.8662109375,116.53613281250003,82.5
5393,25.8662109375,116.53808593750003,76.5
5394,25.8662109375,116.54003906249997,67.0
5395,25.866210937499993,116.54199218750003,65.0
5396,25.8662109375,116.5439453125,64.5
5397,25.8662109375,116.5458984375,60.0
5398,25.866210937499993,116.54785156250003,57.0
5399,25.8662109375,116.54980468749997,60.0
5400,25.866210937499993,116.5517578125,62.0
5401,25.866210937499993,116.5537109375,65.5
5402,25.866210937499993,116.55566406250003,70.5
5403,25.866210937499993,116.5576171875,74.0
5404,25.8662109375,116.5595703125,80.0
5405,25.866210937499993,116.56152343750003,90.5
5406,25.866210937499993,116.56347656250003,101.5
5407,25.866210937499993,116.56542968749997,116.0
5408,25.866210937499993,116.5673828125,124.0
5409,25.8662109375,116.5693359375,138.5
5410,25.866210937499993,116.5712890625,151.0
5411,25.8662109375,116.57324218749997,165.0
5412,25.866210937499993,116.5751953125,182.5
5413,25.8662109375,116.5771484375,204.0
5414,25.866210937499993,116.5791015625,225.0
5415,25.8662109375,116.58105468750003,246.0
5416,25.866210937499993,116.58300781249997,253.0
5417,25.866210937499993,116.58496093749997,265.5
5418,25.866210937499993,116.58691406250003,276.5
5419,25.8662109375,116.5888671875,292.0
5420,25.8662109375,116.5908203125,299.0
5421,25.8662109375,116.59277343749997,308.0
5422,25.8662109375,116.5947265625,314.0
5423,25.866210937499993,116.5966796875,316.0
5424,25.866210937499993,116.5986328125,320.0
5425,25.8662109375,116.60058593750003,321.5
5426,25.8662109375,116.6025390625,322.0
5427,25.866210937499993,116.6044921875,319.0
5428,25.8662109375,116.60644531250003,313.0
5429,25.8662109375,116.60839843750003,305.5
5430,25.866210937499993,116.61035156250006,294.0
5431,25.8662109375,116.61230468749997,283.5
5432,25.8662109375,116.6142578125,270.5
5433,25.866210937499993,116.6162109375,262.5
5434,25.866210937499993,116.61816406249997,246.0
5435,25.8662109375,116.6201171875,234.5
5436,25.866210937499993,116.6220703125,224.0
5437,25.8662109375,116.62402343750003,213.5
5438,25.8662109375,116.62597656250003,202.5
5439,25.8662109375,116.62792968749997,191.5
5440,25.866210937499993,116.62988281250006,181.0
5441,25.8662109375,116.63183593749997,172.0
5442,25.8662109375,116.6337890625,165.0
5443,25.866210937499993,116.63574218749997,163.0
5444,25.8662109375,116.63769531249997,158.0
5445,25.866210937499993,116.6396484375,153.0
5446,25.866210937499993,116.6416015625,144.5
5447,25.866210937499993,116.64355468750003,139.5
5448,25.8662109375,116.64550781250003,136.0
5449,25.864257812499996,116.5009765625,256.5
5450,25.864257812499996,116.50292968749997,243.0
5451,25.864257812499996,116.5048828125,230.5
5452,25.864257812499996,116.5068359375,219.0
5453,25.864257812499996,116.50878906250003,206.0
5454,25.864257812499996,116.51074218749997,196.5
5455,25.864257812500004,116.5126953125,183.5
5456,25.864257812499996,116.5146484375,172.5
5457,25.864257812499996,116.51660156249997,162.5
5458,25.864257812499996,116.51855468750003,152.0
5459,25.864257812499996,116.52050781249997,139.0
5460,25.864257812500004,116.5224609375,129.5
5461,25.864257812499996,116.5244140625,118.5
5462,25.864257812499996,116.5263671875,108.0
5463,25.864257812499996,116.52832031250003,102.0
5464,25.864257812500004,116.53027343749997,95.0
5465,25.864257812499996,116.5322265625,83.5
5466,25.864257812499996,116.5341796875,78.0
5467,25.864257812499996,116.53613281250003,71.0
5468,25.864257812499996,116.53808593750003,63.0
5469,25.864257812500004,116.54003906249997,46.0
5470,25.864257812499996,116.54199218750003,50.5
5471,25.864257812499996,116.5439453125,47.0
5472,25.864257812499996,116.5458984375,44.0
5473,25.864257812499996,116.54785156250003,38.5
5474,25.864257812499996,116.54980468749997,42.0
5475,25.864257812499996,116.5517578125,44.5
5476,25.864257812499996,116.5537109375,47.0
5477,25.864257812500004,116.55566406250003,51.5
5478,25.864257812499996,116.5576171875,56.5
5479,25.864257812499996,116.5595703125,62.5
5480,25.864257812499996,116.56152343750003,71.5
5481,25.864257812499996,116.56347656250003,81.5
5482,25.864257812499996,116.56542968749997,97.0
5483,25.864257812499996,116.5673828125,109.0
5484,25.864257812499996,116.5693359375,122.0
5485,25.864257812499996,116.5712890625,133.0
5486,25.864257812499996,116.57324218749997,151.5
5487,25.864257812499996,116.5751953125,169.5
5488,25.864257812499996,116.5771484375,190.0
5489,25.864257812499996,116.5791015625,212.5
5490,25.864257812500004,116.58105468750003,233.5
5491,25.864257812499996,116.58300781249997,244.0
5492,25.864257812500004,116.58496093749997,258.0
5493,25.864257812499996,116.58691406250003,269.5
5494,25.864257812499996,116.5888671875,283.0
5495,25.864257812499996,116.5908203125,289.5
5496,25.864257812500004,116.59277343749997,298.5
5497,25.864257812500004,116.5947265625,305.0
5498,25.864257812499996,116.5966796875,308.0
5499,25.864257812499996,116.5986328125,315.5
5500,25.864257812499996,116.60058593750003,319.5
5501,25.864257812499996,116.6025390625,317.5
5502,25.864257812499996,116.6044921875,314.0
5503,25.864257812499996,116.60644531250003,310.5
5504,25.864257812499996,116.60839843750003,306.0
5505,25.864257812499996,116.61035156250006,295.5
5506,25.864257812500004,116.61230468749997,285.0
5507,25.864257812500004,116.6142578125,273.5
5508,25.864257812499996,116.6162109375,263.0
5509,25.864257812499996,116.61816406249997,249.0
5510,25.864257812499996,116.6201171875,238.5
5511,25.864257812499996,116.6220703125,228.0
5512,25.864257812499996,116.62402343750003,214.0
5513,25.864257812499996,116.62597656250003,204.5
5514,25.864257812499996,116.62792968749997,193.0
5515,25.864257812499996,116.62988281250006,182.5
5516,25.864257812500004,116.63183593749997,172.0
5517,25.864257812500004,116.6337890625,163.0
5518,25.864257812499996,116.63574218749997,159.0
5519,25.864257812500004,116.63769531249997,154.0
5520,25.864257812500004,116.6396484375,150.0
5521,25.864257812499996,116.6416015625,144.0
5522,25.864257812499996,116.64355468750003,138.5
5523,25.864257812499996,116.64550781250003,133.0
5524,25.862304687499993,116.5009765625,248.0
5525,25.862304687499993,116.50292968749997,233.5
5526,25.862304687499993,116.5048828125,223.5
5527,25.862304687499993,116.5068359375,215.5
5528,25.862304687499993,116.50878906250003,201.0
5529,25.862304687499993,116.51074218749997,191.5
5530,25.862304687499993,116.5126953125,178.0
5531,25.862304687499996,116.5146484375,166.0
5532,25.862304687499993,116.51660156249997,156.0
5533,25.862304687499993,116.51855468750003,143.0
5534,25.862304687499993,116.52050781249997,128.0
5535,25.862304687499993,116.5224609375,116.5
5536,25.862304687499993,116.5244140625,104.5
5537,25.862304687499993,116.5263671875,94.5
5538,25.862304687499993,116.52832031250003,88.5
5539,25.862304687499996,116.53027343749997,82.0
5540,25.862304687499993,116.5322265625,74.0
5541,25.862304687499993,116.5341796875,66.5
5542,25.862304687499996,116.53613281250003,57.5
5543,25.862304687499993,116.53808593750003,47.5
5544,25.862304687499993,116.54003906249997,33.0
5545,25.862304687499993,116.54199218750003,37.0
5546,25.862304687499993,116.5439453125,33.0
5547,25.862304687499993,116.5458984375,29.5
5548,25.862304687499993,116.54785156250003,26.5
5549,25.862304687499993,116.54980468749997,26.5
5550,25.862304687499993,116.5517578125,26.5
5551,25.862304687499993,116.5537109375,29.5
5552,25.862304687499993,116.55566406250003,33.0
5553,25.862304687499993,116.5576171875,40.0
5554,25.862304687499993,116.5595703125,48.0
5555,25.862304687499993,116.56152343750003,54.5
5556,25.862304687499993,116.56347656250003,63.0
5557,25.862304687499993,116.56542968749997,76.0
5558,25.862304687499993,116.5673828125,86.0
5559,25.862304687499993,116.5693359375,106.5
5560,25.862304687499993,116.5712890625,117.5
5561,25.862304687499993,116.57324218749997,136.5
5562,25.862304687499993,116.5751953125,157.0
5563,25.862304687499993,116.5771484375,176.5
5564,25.862304687499993,116.5791015625,199.0
5565,25.862304687499993,116.58105468750003,222.0
5566,25.862304687499993,116.58300781249997,232.5
5567,25.862304687499993,116.58496093749997,245.5
5568,25.862304687499993,116.58691406250003,257.5
5569,25.862304687499993,116.5888671875,274.5
5570,25.862304687499993,116.5908203125,277.5
5571,25.862304687499993,116.59277343749997,284.0
5572,25.862304687499993,116.5947265625,297.0
5573,25.862304687499993,116.5966796875,305.5
5574,25.862304687499993,116.5986328125,312.5
5575,25.862304687499993,116.60058593750003,316.0
5576,25.862304687499993,116.6025390625,315.0
5577,25.862304687499993,116.6044921875,312.0
5578,25.862304687499993,116.60644531250003,309.0
5579,25.862304687499993,116.60839843750003,306.0
5580,25.862304687499993,116.61035156250006,297.0
5581,25.862304687499993,116.61230468749997,288.5
5582,25.862304687499993,116.6142578125,278.5
5583,25.862304687499993,116.6162109375,268.0
5584,25.862304687499993,116.61816406249997,252.5
5585,25.862304687499993,116.6201171875,241.0
5586,25.862304687499993,116.6220703125,229.0
5587,25.862304687499993,116.62402343750003,215.0
5588,25.862304687499993,116.62597656250003,204.5
5589,25.862304687499993,116.62792968749997,195.0
5590,25.862304687499993,116.62988281250006,181.5
5591,25.862304687499993,116.63183593749997,170.5
5592,25.862304687499993,116.6337890625,160.5
5593,25.862304687499993,116.63574218749997,153.5
5594,25.862304687499993,116.63769531249997,150.0
5595,25.862304687499993,116.6396484375,147.0
5596,25.862304687499993,116.6416015625,141.5
5597,25.862304687499993,116.64355468750003,136.5
5598,25.862304687499993,116.64550781250003,131.5
5599,25.8603515625,116.5009765625,243.0
5600,25.860351562500004,116.50292968749997,230.0
5601,25.8603515625,116.5048828125,220.0
5602,25.8603515625,116.5068359375,211.0
5603,25.8603515625,116.50878906250003,193.5
5604,25.8603515625,116.51074218749997,183.5
5605,25.8603515625,116.5126953125,170.0
5606,25.8603515625,116.5146484375,155.0
5607,25.8603515625,116.51660156249997,146.0
5608,25.8603515625,116.51855468750003,132.0
5609,25.8603515625,116.52050781249997,117.0
5610,25.8603515625,116.5224609375,104.5
5611,25.8603515625,116.5244140625,93.0
5612,25.8603515625,116.5263671875,83.5
5613,25.8603515625,116.52832031250003,77.0
5614,25.8603515625,116.53027343749997,69.5
5615,25.8603515625,116.5322265625,63.0
5616,25.8603515625,116.5341796875,54.0
5617,25.8603515625,116.53613281250003,45.0
5618,25.8603515625,116.53808593750003,34.0
5619,25.8603515625,116.54003906249997,28.0
5620,25.8603515625,116.54199218750003,20.5
5621,25.8603515625,116.5439453125,17.5
5622,25.8603515625,116.5458984375,14.0
5623,25.8603515625,116.54785156250003,12.5
5624,25.8603515625,116.54980468749997,12.5
5625,25.8603515625,116.5517578125,10.5
5626,25.8603515625,116.5537109375,12.0
5627,25.8603515625,116.55566406250003,16.0
5628,25.8603515625,116.5576171875,24.5
5629,25.860351562500004,116.5595703125,33.0
5630,25.8603515625,116.56152343750003,39.5
5631,25.8603515625,116.56347656250003,47.0
5632,25.8603515625,116.56542968749997,58.5
5633,25.8603515625,116.5673828125,67.0
5634,25.8603515625,116.5693359375,89.5
5635,25.8603515625,116.5712890625,104.0
5636,25.8603515625,116.57324218749997,125.0
5637,25.8603515625,116.5751953125,142.5
5638,25.8603515625,116.5771484375,162.5
5639,25.8603515625,116.5791015625,183.5
5640,25.8603515625,116.58105468750003,207.0
5641,25.8603515625,116.58300781249997,218.5
5642,25.8603515625,116.58496093749997,232.5
5643,25.8603515625,116.58691406250003,243.0
5644,25.860351562500004,116.5888671875,262.5
5645,25.8603515625,116.5908203125,269.5
5646,25.8603515625,116.59277343749997,276.5
5647,25.8603515625,116.5947265625,289.5
5648,25.8603515625,116.5966796875,299.0
5649,25.8603515625,116.5986328125,306.5
5650,25.8603515625,116.60058593750003,313.0
5651,25.8603515625,116.6025390625,315.5
5652,25.8603515625,116.6044921875,314.0
5653,25.8603515625,116.60644531250003,310.5
5654,25.8603515625,116.60839843750003,308.0
5655,25.8603515625,116.61035156250006,300.5
5656,25.8603515625,116.61230468749997,291.0
5657,25.8603515625,116.6142578125,281.0
5658,25.8603515625,116.6162109375,272.5
5659,25.8603515625,116.61816406249997,256.0
5660,25.8603515625,116.6201171875,244.5
5661,25.8603515625,116.6220703125,231.5
5662,25.8603515625,116.62402343750003,219.0
5663,25.8603515625,116.62597656250003,207.5
5664,25.8603515625,116.62792968749997,198.0
5665,25.8603515625,116.62988281250006,184.0
5666,25.8603515625,116.63183593749997,172.0
5667,25.8603515625,116.6337890625,159.0
5668,25.8603515625,116.63574218749997,150.5
5669,25.8603515625,116.63769531249997,147.0
5670,25.8603515625,116.6396484375,144.0
5671,25.8603515625,116.6416015625,141.0
5672,25.8603515625,116.64355468750003,137.5
5673,25.8603515625,116.64550781250003,130.5
5674,25.858398437499996,116.5009765625,244.0
5675,25.858398437499996,116.50292968749997,231.5
5676,25.858398437499996,116.5048828125,217.0
5677,25.858398437499996,116.5068359375,205.0
5678,25.858398437499996,116.50878906250003,189.5
5679,25.858398437499996,116.51074218749997,177.5
5680,25.858398437499996,116.5126953125,160.5
5681,25.858398437499996,116.5146484375,145.5
5682,25.858398437499996,116.51660156249997,135.0
5683,25.858398437499996,116.51855468750003,123.5
5684,25.858398437499996,116.52050781249997,112.0
5685,25.858398437499996,116.5224609375,96.5
5686,25.858398437499996,116.5244140625,82.0
5687,25.858398437499996,116.5263671875,71.5
5688,25.858398437499996,116.52832031250003,65.5
5689,25.858398437499996,116.53027343749997,56.5
5690,25.858398437499996,116.5322265625,48.5
5691,25.858398437499996,116.5341796875,37.0
5692,25.858398437499996,116.53613281250003,26.5
5693,25.858398437499996,116.53808593750003,21.5
5694,25.858398437499996,116.54003906249997,15.0
5695,25.858398437499996,116.54199218750003,5.5
5696,25.858398437499996,116.5439453125,3.5
5697,25.858398437499996,116.5458984375,1.0
5698,25.858398437499996,116.54785156250003,-2.0
5699,25.858398437499996,116.54980468749997,-4.0
5700,25.858398437499996,116.5517578125,-4.0
5701,25.858398437499996,116.5537109375,-3.5
5702,25.858398437499996,116.55566406250003,-1.0
5703,25.858398437499996,116.5576171875,8.0
5704,25.858398437499996,116.5595703125,16.5
5705,25.858398437499996,116.56152343750003,23.5
5706,25.858398437499996,116.56347656250003,32.0
5707,25.858398437499996,116.56542968749997,45.0
5708,25.858398437499996,116.5673828125,51.0
5709,25.858398437499996,116.5693359375,72.5
5710,25.858398437499996,116.5712890625,91.0
5711,25.858398437499996,116.57324218749997,113.5
5712,25.858398437499996,116.5751953125,131.0
5713,25.858398437499996,116.5771484375,149.5
5714,25.858398437499996,116.5791015625,168.0
5715,25.858398437499996,116.58105468750003,193.5
5716,25.858398437499996,116.58300781249997,205.0
5717,25.858398437499996,116.58496093749997,219.5
5718,25.858398437499996,116.58691406250003,234.5
5719,25.858398437499996,116.5888671875,251.0
5720,25.858398437499996,116.5908203125,258.0
5721,25.858398437499996,116.59277343749997,272.0
5722,25.858398437499996,116.5947265625,282.5
5723,25.858398437499996,116.5966796875,292.5
5724,25.858398437499996,116.5986328125,301.5
5725,25.858398437499996,116.60058593750003,310.5
5726,25.858398437499996,116.6025390625,314.0
5727,25.858398437499996,116.6044921875,314.0
5728,25.858398437499996,116.60644531250003,312.0
5729,25.858398437499996,116.60839843750003,309.5
5730,25.858398437499996,116.61035156250006,304.5
5731,25.858398437499996,116.61230468749997,294.5
5732,25.858398437499996,116.6142578125,283.5
5733,25.858398437499996,116.6162109375,275.5
5734,25.858398437499996,116.61816406249997,260.5
5735,25.858398437499996,116.6201171875,249.5
5736,25.858398437499996,116.6220703125,236.0
5737,25.858398437499996,116.62402343750003,223.5
5738,25.858398437499996,116.62597656250003,213.0
5739,25.858398437499996,116.62792968749997,202.0
5740,25.858398437499996,116.62988281250006,188.5
5741,25.858398437499996,116.63183593749997,175.0
5742,25.858398437499996,116.6337890625,162.0
5743,25.858398437499996,116.63574218749997,153.0
5744,25.858398437499996,116.63769531249997,147.0
5745,25.858398437499996,116.6396484375,142.5
5746,25.858398437499996,116.6416015625,141.0
5747,25.858398437499996,116.64355468750003,138.5
5748,25.858398437499996,116.64550781250003,130.0
5749,25.856445312499993,116.5009765625,241.0
5750,25.856445312499993,116.50292968749997,230.0
5751,25.856445312499993,116.5048828125,215.0
5752,25.856445312499993,116.5068359375,201.0
5753,25.856445312499993,116.50878906250003,185.5
5754,25.856445312499993,116.51074218749997,174.0
5755,25.856445312499993,116.5126953125,156.0
5756,25.856445312499993,116.5146484375,142.0
5757,25.856445312499993,116.51660156249997,129.5
5758,25.856445312499993,116.51855468750003,115.5
5759,25.856445312499993,116.52050781249997,103.5
5760,25.856445312499993,116.5224609375,90.5
5761,25.856445312499993,116.5244140625,75.0
5762,25.856445312499993,116.5263671875,62.5
5763,25.856445312499993,116.52832031250003,53.0
5764,25.856445312499993,116.53027343749997,43.5
5765,25.856445312499993,116.5322265625,35.0
5766,25.856445312499993,116.5341796875,23.0
5767,25.856445312499993,116.53613281250003,15.0
5768,25.856445312499993,116.53808593750003,10.5
5769,25.856445312499993,116.54003906249997,3.0
5770,25.856445312499993,116.54199218750003,-6.0
5771,25.856445312499993,116.5439453125,-6.0
5772,25.856445312499993,116.5458984375,-11.0
5773,25.856445312499993,116.54785156250003,-16.5
5774,25.856445312499993,116.54980468749997,-18.0
5775,25.856445312499993,116.5517578125,-18.5
5776,25.856445312499993,116.5537109375,-18.5
5777,25.856445312499993,116.55566406250003,-13.5
5778,25.856445312499993,116.5576171875,-5.0
5779,25.856445312499993,116.5595703125,1.5
5780,25.856445312499993,116.56152343750003,7.5
5781,25.856445312499993,116.56347656250003,16.0
5782,25.856445312499993,116.56542968749997,31.5
5783,25.856445312499993,116.5673828125,41.0
5784,25.856445312499993,116.5693359375,59.0
5785,25.856445312499993,116.5712890625,77.5
5786,25.856445312499993,116.57324218749997,98.5
5787,25.856445312499993,116.5751953125,112.5
5788,25.856445312499993,116.5771484375,136.0
5789,25.856445312499993,116.5791015625,154.0
5790,25.856445312499993,116.58105468750003,180.0
5791,25.856445312499993,116.58300781249997,190.0
5792,25.856445312499993,116.58496093749997,209.0
5793,25.856445312499993,116.58691406250003,225.0
5794,25.856445312499993,116.5888671875,241.5
5795,25.856445312499993,116.5908203125,251.5
5796,25.856445312499993,116.59277343749997,264.0
5797,25.856445312499996,116.5947265625,274.0
5798,25.856445312499993,116.5966796875,284.5
5799,25.856445312499993,116.5986328125,292.0
5800,25.856445312499993,116.60058593750003,301.5
5801,25.856445312499993,116.6025390625,309.0
5802,25.856445312499993,116.6044921875,312.0
5803,25.856445312499993,116.60644531250003,311.0
5804,25.856445312499993,116.60839843750003,311.0
5805,25.856445312499993,116.61035156250006,307.5
5806,25.856445312499993,116.61230468749997,298.5
5807,25.856445312499993,116.6142578125,288.0
5808,25.856445312499993,116.6162109375,280.0
5809,25.856445312499993,116.61816406249997,267.0
5810,25.856445312499993,116.6201171875,255.5
5811,25.856445312499993,116.6220703125,240.5
5812,25.856445312499993,116.62402343750003,228.0
5813,25.856445312499993,116.62597656250003,218.0
5814,25.856445312499993,116.62792968749997,206.5
5815,25.856445312499993,116.62988281250006,190.5
5816,25.856445312499993,116.63183593749997,177.5
5817,25.856445312499993,116.6337890625,167.0
5818,25.856445312499993,116.63574218749997,158.5
5819,25.856445312499993,116.63769531249997,150.0
5820,25.856445312499993,116.6396484375,144.5
5821,25.856445312499993,116.6416015625,142.5
5822,25.856445312499993,116.64355468750003,138.5
5823,25.856445312499993,116.64550781250003,129.0
5824,25.8544921875,116.5009765625,237.5
5825,25.8544921875,116.50292968749997,226.5
5826,25.8544921875,116.5048828125,213.5
5827,25.8544921875,116.5068359375,199.5
5828,25.8544921875,116.50878906250003,185.5
5829,25.8544921875,116.51074218749997,172.0
5830,25.8544921875,116.5126953125,155.5
5831,25.8544921875,116.5146484375,140.5
5832,25.8544921875,116.51660156249997,124.0
5833,25.8544921875,116.51855468750003,107.0
5834,25.8544921875,116.52050781249997,94.0
5835,25.8544921875,116.5224609375,83.0
5836,25.8544921875,116.5244140625,68.0
5837,25.8544921875,116.5263671875,54.5
5838,25.8544921875,116.52832031250003,41.5
5839,25.8544921875,116.53027343749997,32.5
5840,25.8544921875,116.5322265625,23.0
5841,25.8544921875,116.5341796875,13.0
5842,25.8544921875,116.53613281250003,4.5
5843,25.8544921875,116.53808593750003,-0.5
5844,25.8544921875,116.54003906249997,-5.5
5845,25.8544921875,116.54199218750003,-15.5
5846,25.8544921875,116.5439453125,-17.5
5847,25.8544921875,116.5458984375,-26.5
5848,25.8544921875,116.54785156250003,-29.5
5849,25.8544921875,116.54980468749997,-30.5
5850,25.8544921875,116.5517578125,-33.5
5851,25.8544921875,116.5537109375,-32.5
5852,25.8544921875,116.55566406250003,-28.0
5853,25.8544921875,116.5576171875,-20.5
5854,25.8544921875,116.5595703125,-12.0
5855,25.8544921875,116.56152343750003,-6.0
5856,25.8544921875,116.56347656250003,2.5
5857,25.8544921875,116.56542968749997,20.0
5858,25.8544921875,116.5673828125,27.5
5859,25.8544921875,116.5693359375,48.0
5860,25.8544921875,116.5712890625,63.5
5861,25.8544921875,116.57324218749997,85.5
5862,25.8544921875,116.5751953125,97.5
5863,25.8544921875,116.5771484375,123.0
5864,25.8544921875,116.5791015625,142.0
5865,25.8544921875,116.58105468750003,166.5
5866,25.8544921875,116.58300781249997,176.5
5867,25.8544921875,116.58496093749997,199.5
5868,25.8544921875,116.58691406250003,213.5
5869,25.8544921875,116.5888671875,229.5
5870,25.8544921875,116.5908203125,240.5
5871,25.8544921875,116.59277343749997,256.5
5872,25.8544921875,116.5947265625,267.0
5873,25.8544921875,116.5966796875,277.5
5874,25.8544921875,116.5986328125,285.0
5875,25.8544921875,116.60058593750003,291.5
5876,25.8544921875,116.6025390625,300.5
5877,25.8544921875,116.6044921875,307.5
5878,25.8544921875,116.60644531250003,309.0
5879,25.8544921875,116.60839843750003,311.5
5880,25.8544921875,116.61035156250006,308.0
5881,25.8544921875,116.61230468749997,301.0
5882,25.8544921875,116.6142578125,293.0
5883,25.8544921875,116.6162109375,284.5
5884,25.8544921875,116.61816406249997,270.0
5885,25.8544921875,116.6201171875,259.0
5886,25.8544921875,116.6220703125,247.5
5887,25.8544921875,116.62402343750003,235.5
5888,25.8544921875,116.62597656250003,222.5
5889,25.8544921875,116.62792968749997,210.5
5890,25.8544921875,116.62988281250006,196.0
5891,25.8544921875,116.63183593749997,183.5
5892,25.8544921875,116.6337890625,174.0
5893,25.8544921875,116.63574218749997,165.5
5894,25.8544921875,116.63769531249997,157.0
5895,25.8544921875,116.6396484375,150.0
5896,25.8544921875,116.6416015625,145.5
5897,25.8544921875,116.64355468750003,140.0
5898,25.8544921875,116.64550781250003,130.0
5899,25.8525390625,116.5009765625,238.5
5900,25.8525390625,116.50292968749997,226.5
5901,25.8525390625,116.5048828125,212.5
5902,25.8525390625,116.5068359375,197.0
5903,25.8525390625,116.50878906250003,185.0
5904,25.852539062500004,116.51074218749997,170.0
5905,25.8525390625,116.5126953125,154.0
5906,25.8525390625,116.5146484375,140.0
5907,25.8525390625,116.51660156249997,122.5
5908,25.8525390625,116.51855468750003,105.5
5909,25.8525390625,116.52050781249997,90.0
5910,25.8525390625,116.5224609375,75.0
5911,25.8525390625,116.5244140625,58.5
5912,25.8525390625,116.5263671875,44.0
5913,25.8525390625,116.52832031250003,32.5
5914,25.8525390625,116.53027343749997,24.0
5915,25.8525390625,116.5322265625,14.5
5916,25.8525390625,116.5341796875,5.5
5917,25.852539062500004,116.53613281250003,-7.5
5918,25.8525390625,116.53808593750003,-10.0
5919,25.852539062500004,116.54003906249997,-16.0
5920,25.8525390625,116.54199218750003,-28.0
5921,25.8525390625,116.5439453125,-29.0
5922,25.8525390625,116.5458984375,-39.0
5923,25.8525390625,116.54785156250003,-41.0
5924,25.8525390625,116.54980468749997,-44.0
5925,25.8525390625,116.5517578125,-48.0
5926,25.8525390625,116.5537109375,-47.0
5927,25.8525390625,116.55566406250003,-42.5
5928,25.8525390625,116.5576171875,-35.5
5929,25.852539062500004,116.5595703125,-27.5
5930,25.8525390625,116.56152343750003,-19.0
5931,25.8525390625,116.56347656250003,-6.0
5932,25.8525390625,116.56542968749997,9.5
5933,25.8525390625,116.5673828125,13.0
5934,25.852539062500004,116.5693359375,39.0
5935,25.8525390625,116.5712890625,53.5
5936,25.8525390625,116.57324218749997,77.0
5937,25.8525390625,116.5751953125,87.0
5938,25.8525390625,116.5771484375,110.5
5939,25.8525390625,116.5791015625,131.5
5940,25.852539062500004,116.58105468750003,155.5
5941,25.8525390625,116.58300781249997,166.5
5942,25.8525390625,116.58496093749997,188.5
5943,25.8525390625,116.58691406250003,203.5
5944,25.8525390625,116.5888671875,211.5
5945,25.8525390625,116.5908203125,229.5
5946,25.8525390625,116.59277343749997,251.0
5947,25.8525390625,116.5947265625,262.0
5948,25.8525390625,116.5966796875,272.0
5949,25.8525390625,116.5986328125,279.0
5950,25.8525390625,116.60058593750003,284.0
5951,25.8525390625,116.6025390625,291.5
5952,25.8525390625,116.6044921875,299.5
5953,25.8525390625,116.60644531250003,304.5
5954,25.8525390625,116.60839843750003,308.5
5955,25.8525390625,116.61035156250006,309.0
5956,25.8525390625,116.61230468749997,304.0
5957,25.8525390625,116.6142578125,296.0
5958,25.8525390625,116.6162109375,288.5
5959,25.8525390625,116.61816406249997,275.0
5960,25.8525390625,116.6201171875,263.5
5961,25.8525390625,116.6220703125,252.5
5962,25.8525390625,116.62402343750003,239.0
5963,25.8525390625,116.62597656250003,228.0
5964,25.8525390625,116.62792968749997,216.5
5965,25.8525390625,116.62988281250006,201.5
5966,25.8525390625,116.63183593749997,190.0
5967,25.8525390625,116.6337890625,180.0
5968,25.8525390625,116.63574218749997,171.0
5969,25.8525390625,116.63769531249997,162.5
5970,25.852539062500004,116.6396484375,156.5
5971,25.8525390625,116.6416015625,150.5
5972,25.8525390625,116.64355468750003,144.0
5973,25.8525390625,116.64550781250003,133.5
5974,25.850585937499996,116.5009765625,239.5
5975,25.850585937499996,116.50292968749997,227.0
5976,25.850585937499993,116.5048828125,213.5
5977,25.850585937499996,116.5068359375,199.5
5978,25.850585937499993,116.50878906250003,184.0
5979,25.850585937499996,116.51074218749997,170.0
5980,25.850585937499996,116.5126953125,152.5
5981,25.850585937499993,116.5146484375,135.5
5982,25.850585937499993,116.51660156249997,121.5
5983,25.850585937499993,116.51855468750003,107.5
5984,25.850585937499996,116.52050781249997,90.5
5985,25.850585937499993,116.5224609375,71.5
5986,25.850585937499993,116.5244140625,55.0
5987,25.850585937499996,116.5263671875,39.5
5988,25.850585937499996,116.52832031250003,28.0
5989,25.850585937499996,116.53027343749997,19.5
5990,25.850585937499996,116.5322265625,10.5
5991,25.850585937499993,116.5341796875,0.0
5992,25.850585937499993,116.53613281250003,-14.5
5993,25.850585937499993,116.53808593750003,-19.5
5994,25.850585937499996,116.54003906249997,-26.5
5995,25.850585937499996,116.54199218750003,-38.0
5996,25.850585937499993,116.5439453125,-40.5
5997,25.850585937499993,116.5458984375,-49.0
5998,25.850585937499993,116.54785156250003,-51.5
5999,25.850585937499996,116.54980468749997,-57.5
6000,25.850585937499993,116.5517578125,-61.0
6001,25.850585937499996,116.5537109375,-61.0
6002,25.850585937499996,116.55566406250003,-57.0
6003,25.850585937499993,116.5576171875,-51.5
6004,25.850585937499993,116.5595703125,-44.5
6005,25.850585937499993,116.56152343750003,-33.0
6006,25.850585937499996,116.56347656250003,-17.0
6007,25.850585937499993,116.56542968749997,0.5
6008,25.850585937499993,116.5673828125,3.5
6009,25.850585937499993,116.5693359375,29.5
6010,25.850585937499993,116.5712890625,47.0
6011,25.850585937499996,116.57324218749997,69.5
6012,25.850585937499993,116.5751953125,79.5
6013,25.850585937499993,116.5771484375,100.0
6014,25.850585937499993,116.5791015625,122.0
6015,25.850585937499996,116.58105468750003,145.5
6016,25.850585937499993,116.58300781249997,156.5
6017,25.850585937499996,116.58496093749997,179.0
6018,25.850585937499993,116.58691406250003,196.0
6019,25.850585937499996,116.5888671875,207.5
6020,25.850585937499993,116.5908203125,220.0
6021,25.850585937499993,116.59277343749997,240.0
6022,25.850585937499996,116.5947265625,250.5
6023,25.850585937499993,116.5966796875,262.0
6024,25.850585937499993,116.5986328125,271.0
6025,25.850585937499993,116.60058593750003,276.0
6026,25.850585937499993,116.6025390625,284.5
6027,25.850585937499993,116.6044921875,290.5
6028,25.850585937499996,116.60644531250003,298.5
6029,25.850585937499993,116.60839843750003,304.5
6030,25.850585937499993,116.61035156250006,306.5
6031,25.850585937499996,116.61230468749997,304.0
6032,25.850585937499996,116.6142578125,297.5
6033,25.850585937499996,116.6162109375,291.5
6034,25.850585937499993,116.61816406249997,279.5
6035,25.850585937499996,116.6201171875,269.5
6036,25.850585937499993,116.6220703125,257.0
6037,25.850585937499996,116.62402343750003,244.5
6038,25.850585937499996,116.62597656250003,234.5
6039,25.850585937499993,116.62792968749997,224.5
6040,25.850585937499993,116.62988281250006,207.0
6041,25.850585937499993,116.63183593749997,196.5
6042,25.850585937499996,116.6337890625,186.0
6043,25.850585937499993,116.63574218749997,175.5
6044,25.850585937499996,116.63769531249997,167.5
6045,25.850585937499996,116.6396484375,161.0
6046,25.850585937499996,116.6416015625,154.5
6047,25.850585937499993,116.64355468750003,147.0
6048,25.850585937499993,116.64550781250003,136.0
6049,25.848632812499996,116.5009765625,242.5
6050,25.8486328125,116.50292968749997,228.0
6051,25.8486328125,116.5048828125,215.0
6052,25.848632812499996,116.5068359375,202.5
6053,25.848632812499996,116.50878906250003,184.5
6054,25.848632812499996,116.51074218749997,170.5
6055,25.848632812499996,116.5126953125,152.0
6056,25.848632812499996,116.5146484375,133.5
6057,25.848632812499996,116.51660156249997,120.5
6058,25.848632812499996,116.51855468750003,106.5
6059,25.848632812499996,116.52050781249997,90.0
6060,25.848632812499996,116.5224609375,68.5
6061,25.848632812499996,116.5244140625,54.0
6062,25.848632812499996,116.5263671875,42.5
6063,25.848632812499996,116.52832031250003,26.5
6064,25.848632812499996,116.53027343749997,13.5
6065,25.848632812499996,116.5322265625,6.0
6066,25.848632812499996,116.5341796875,-4.5
6067,25.848632812499996,116.53613281250003,-20.5
6068,25.848632812499996,116.53808593750003,-26.5
6069,25.848632812499996,116.54003906249997,-38.0
6070,25.848632812499996,116.54199218750003,-47.0
6071,25.848632812499996,116.5439453125,-50.0
6072,25.848632812499996,116.5458984375,-60.0
6073,25.848632812499996,116.54785156250003,-66.5
6074,25.8486328125,116.54980468749997,-72.5
6075,25.848632812499996,116.5517578125,-77.0
6076,25.848632812499996,116.5537109375,-75.5
6077,25.848632812499996,116.55566406250003,-71.5
6078,25.848632812499996,116.5576171875,-66.5
6079,25.848632812499996,116.5595703125,-55.0
6080,25.8486328125,116.56152343750003,-41.0
6081,25.848632812499996,116.56347656250003,-25.5
6082,25.848632812499996,116.56542968749997,-8.0
6083,25.848632812499996,116.5673828125,-3.5
6084,25.848632812499996,116.5693359375,19.5
6085,25.848632812499996,116.5712890625,40.5
6086,25.848632812499996,116.57324218749997,60.5
6087,25.8486328125,116.5751953125,72.0
6088,25.848632812499996,116.5771484375,94.0
6089,25.848632812499996,116.5791015625,113.0
6090,25.848632812499996,116.58105468750003,137.5
6091,25.848632812499996,116.58300781249997,148.5
6092,25.8486328125,116.58496093749997,171.0
6093,25.848632812499996,116.58691406250003,189.0
6094,25.848632812499996,116.5888671875,201.0
6095,25.848632812499996,116.5908203125,213.5
6096,25.848632812499996,116.59277343749997,231.5
6097,25.848632812499996,116.5947265625,240.0
6098,25.848632812499996,116.5966796875,250.0
6099,25.848632812499996,116.5986328125,260.0
6100,25.848632812499996,116.60058593750003,267.5
6101,25.848632812499996,116.6025390625,278.0
6102,25.848632812499996,116.6044921875,285.5
6103,25.848632812499996,116.60644531250003,296.0
6104,25.848632812499996,116.60839843750003,302.5
6105,25.848632812499996,116.61035156250006,304.0
6106,25.848632812499996,116.61230468749997,303.5
6107,25.8486328125,116.6142578125,299.5
6108,25.848632812499996,116.6162109375,293.5
6109,25.848632812499996,116.61816406249997,282.5
6110,25.848632812499996,116.6201171875,271.0
6111,25.848632812499996,116.6220703125,259.5
6112,25.848632812499996,116.62402343750003,249.5
6113,25.848632812499996,116.62597656250003,239.5
6114,25.848632812499996,116.62792968749997,229.0
6115,25.848632812499996,116.62988281250006,210.0
6116,25.848632812499996,116.63183593749997,198.5
6117,25.848632812499996,116.6337890625,189.5
6118,25.848632812499996,116.63574218749997,180.0
6119,25.848632812499996,116.63769531249997,173.5
6120,25.848632812499996,116.6396484375,165.5
6121,25.848632812499996,116.6416015625,156.0
6122,25.8486328125,116.64355468750003,148.0
6123,25.848632812499996,116.64550781250003,139.0
6124,25.8466796875,116.5009765625,248.0
6125,25.8466796875,116.50292968749997,229.5
6126,25.8466796875,116.5048828125,214.0
6127,25.8466796875,116.5068359375,204.0
6128,25.8466796875,116.50878906250003,186.5
6129,25.8466796875,116.51074218749997,171.0
6130,25.8466796875,116.5126953125,154.0
6131,25.8466796875,116.5146484375,139.5
6132,25.8466796875,116.51660156249997,125.0
6133,25.8466796875,116.51855468750003,107.5
6134,25.8466796875,116.52050781249997,89.5
6135,25.8466796875,116.5224609375,68.5
6136,25.8466796875,116.5244140625,53.0
6137,25.8466796875,116.5263671875,40.5
6138,25.8466796875,116.52832031250003,25.5
6139,25.8466796875,116.53027343749997,11.0
6140,25.8466796875,116.5322265625,1.5
6141,25.8466796875,116.5341796875,-10.5
6142,25.8466796875,116.53613281250003,-25.5
6143,25.8466796875,116.53808593750003,-31.5
6144,25.8466796875,116.54003906249997,-45.0
6145,25.8466796875,116.54199218750003,-56.5
6146,25.8466796875,116.5439453125,-58.5
6147,25.8466796875,116.5458984375,-68.5
6148,25.8466796875,116.54785156250003,-76.5
6149,25.8466796875,116.54980468749997,-79.5
6150,25.8466796875,116.5517578125,-84.5
6151,25.8466796875,116.5537109375,-88.0
6152,25.8466796875,116.55566406250003,-84.0
6153,25.8466796875,116.5576171875,-77.0
6154,25.8466796875,116.5595703125,-64.0
6155,25.8466796875,116.56152343750003,-49.5
6156,25.8466796875,116.56347656250003,-34.5
6157,25.8466796875,116.56542968749997,-18.0
6158,25.8466796875,116.5673828125,-10.5
6159,25.8466796875,116.5693359375,14.0
6160,25.8466796875,116.5712890625,32.5
6161,25.8466796875,116.57324218749997,54.0
6162,25.8466796875,116.5751953125,67.5
6163,25.8466796875,116.5771484375,89.5
6164,25.8466796875,116.5791015625,108.0
6165,25.8466796875,116.58105468750003,131.5
6166,25.8466796875,116.58300781249997,141.5
6167,25.8466796875,116.58496093749997,164.5
6168,25.8466796875,116.58691406250003,182.5
6169,25.8466796875,116.5888671875,197.5
6170,25.8466796875,116.5908203125,208.0
6171,25.8466796875,116.59277343749997,226.5
6172,25.8466796875,116.5947265625,236.5
6173,25.8466796875,116.5966796875,244.5
6174,25.8466796875,116.5986328125,253.0
6175,25.8466796875,116.60058593750003,261.0
6176,25.8466796875,116.6025390625,270.5
6177,25.8466796875,116.6044921875,280.5
6178,25.8466796875,116.60644531250003,294.0
6179,25.8466796875,116.60839843750003,301.0
6180,25.8466796875,116.61035156250006,304.5
6181,25.8466796875,116.61230468749997,305.5
6182,25.8466796875,116.6142578125,301.0
6183,25.8466796875,116.6162109375,293.5
6184,25.8466796875,116.61816406249997,285.5
6185,25.8466796875,116.6201171875,273.5
6186,25.8466796875,116.6220703125,262.5
6187,25.8466796875,116.62402343750003,252.5
6188,25.8466796875,116.62597656250003,243.0
6189,25.8466796875,116.62792968749997,234.0
6190,25.8466796875,116.62988281250006,216.0
6191,25.8466796875,116.63183593749997,201.5
6192,25.8466796875,116.6337890625,190.0
6193,25.8466796875,116.63574218749997,182.5
6194,25.8466796875,116.63769531249997,176.0
6195,25.8466796875,116.6396484375,167.0
6196,25.8466796875,116.6416015625,156.0
6197,25.8466796875,116.64355468750003,149.0
6198,25.8466796875,116.64550781250003,143.0
6199,25.844726562499993,116.5009765625,250.5
6200,25.844726562499993,116.50292968749997,232.0
6201,25.844726562499993,116.5048828125,217.0
6202,25.844726562499993,116.5068359375,207.5
6203,25.844726562499993,116.50878906250003,188.5
6204,25.844726562499993,116.51074218749997,173.0
6205,25.844726562500004,116.5126953125,156.5
6206,25.844726562499993,116.5146484375,144.5
6207,25.844726562499993,116.51660156249997,128.0
6208,25.844726562499993,116.51855468750003,110.0
6209,25.844726562499993,116.52050781249997,91.5
6210,25.844726562499993,116.5224609375,72.0
6211,25.844726562499993,116.5244140625,54.5
6212,25.844726562499993,116.5263671875,38.5
6213,25.844726562499993,116.52832031250003,25.5
6214,25.844726562499993,116.53027343749997,10.5
6215,25.844726562499993,116.5322265625,-3.0
6216,25.844726562499993,116.5341796875,-16.5
6217,25.844726562500004,116.53613281250003,-29.5
6218,25.844726562500004,116.53808593750003,-36.0
6219,25.844726562499993,116.54003906249997,-47.0
6220,25.844726562499993,116.54199218750003,-57.5
6221,25.844726562499993,116.5439453125,-64.5
6222,25.844726562499993,116.5458984375,-70.0
6223,25.844726562499993,116.54785156250003,-76.5
6224,25.844726562499993,116.54980468749997,-77.0
6225,25.844726562499993,116.5517578125,-84.0
6226,25.844726562499993,116.5537109375,-91.0
6227,25.844726562499993,116.55566406250003,-89.0
6228,25.844726562499993,116.5576171875,-81.5
6229,25.844726562499993,116.5595703125,-69.0
6230,25.844726562499993,116.56152343750003,-56.0
6231,25.844726562499993,116.56347656250003,-40.5
6232,25.844726562499993,116.56542968749997,-26.0
6233,25.844726562499993,116.5673828125,-16.5
6234,25.844726562499993,116.5693359375,11.0
6235,25.844726562499993,116.5712890625,29.5
6236,25.844726562499993,116.57324218749997,53.0
6237,25.844726562499993,116.5751953125,65.5
6238,25.844726562499993,116.5771484375,85.5
6239,25.844726562499993,116.5791015625,106.0
6240,25.844726562500004,116.58105468750003,130.5
6241,25.844726562499993,116.58300781249997,140.0
6242,25.844726562499993,116.58496093749997,162.5
6243,25.844726562499993,116.58691406250003,180.0
6244,25.844726562499993,116.5888671875,196.5
6245,25.844726562499993,116.5908203125,205.5
6246,25.844726562499993,116.59277343749997,224.5
6247,25.844726562499993,116.5947265625,235.0
6248,25.844726562499993,116.5966796875,246.0
6249,25.844726562499993,116.5986328125,256.0
6250,25.844726562499993,116.60058593750003,264.5
6251,25.844726562499993,116.6025390625,273.0
6252,25.844726562499993,116.6044921875,281.5
6253,25.844726562499993,116.60644531250003,293.5
6254,25.844726562499993,116.60839843750003,300.5
6255,25.844726562499993,116.61035156250006,303.5
6256,25.844726562499993,116.61230468749997,305.5
6257,25.844726562500004,116.6142578125,300.5
6258,25.844726562499993,116.6162109375,293.5
6259,25.844726562499993,116.61816406249997,285.0
6260,25.844726562499993,116.6201171875,274.0
6261,25.844726562499993,116.6220703125,264.0
6262,25.844726562500004,116.62402343750003,253.5
6263,25.844726562499993,116.62597656250003,244.5
6264,25.844726562499993,116.62792968749997,236.0
6265,25.844726562499993,116.62988281250006,216.0
6266,25.844726562499993,116.63183593749997,205.0
6267,25.844726562499993,116.6337890625,195.0
6268,25.844726562499993,116.63574218749997,186.5
6269,25.844726562499993,116.63769531249997,178.0
6270,25.844726562499993,116.6396484375,169.5
6271,25.844726562499993,116.6416015625,160.0
6272,25.844726562499993,116.64355468750003,153.0
6273,25.844726562499993,116.64550781250003,147.5
6274,25.8427734375,116.5009765625,251.0
6275,25.8427734375,116.50292968749997,232.5
6276,25.842773437500007,116.5048828125,221.0
6277,25.8427734375,116.5068359375,210.0
6278,25.8427734375,116.50878906250003,191.0
6279,25.8427734375,116.51074218749997,177.5
6280,25.8427734375,116.5126953125,161.0
6281,25.8427734375,116.5146484375,148.0
6282,25.8427734375,116.51660156249997,130.5
6283,25.8427734375,116.51855468750003,112.0
6284,25.8427734375,116.52050781249997,94.5
6285,25.8427734375,116.5224609375,76.5
6286,25.8427734375,116.5244140625,59.0
6287,25.842773437500007,116.5263671875,41.5
6288,25.8427734375,116.52832031250003,26.5
6289,25.8427734375,116.53027343749997,10.5
6290,25.8427734375,116.5322265625,-4.0
6291,25.8427734375,116.5341796875,-17.0
6292,25.8427734375,116.53613281250003,-30.0
6293,25.842773437500007,116.53808593750003,-34.0
6294,25.8427734375,116.54003906249997,-44.5
6295,25.8427734375,116.54199218750003,-52.0
6296,25.8427734375,116.5439453125,-61.0
6297,25.8427734375,116.5458984375,-63.0
6298,25.8427734375,116.54785156250003,-69.5
6299,25.8427734375,116.54980468749997,-73.5
6300,25.8427734375,116.5517578125,-82.0
6301,25.8427734375,116.5537109375,-86.5
6302,25.8427734375,116.55566406250003,-81.5
6303,25.8427734375,116.5576171875,-75.5
6304,25.8427734375,116.5595703125,-67.0
6305,25.8427734375,116.56152343750003,-56.0
6306,25.8427734375,116.56347656250003,-40.5
6307,25.8427734375,116.56542968749997,-24.0
6308,25.8427734375,116.5673828125,-18.5
6309,25.8427734375,116.5693359375,7.0
6310,25.8427734375,116.5712890625,29.0
6311,25.8427734375,116.57324218749997,51.0
6312,25.8427734375,116.5751953125,65.0
6313,25.8427734375,116.5771484375,86.0
6314,25.8427734375,116.5791015625,106.0
6315,25.842773437500007,116.58105468750003,128.5
6316,25.8427734375,116.58300781249997,139.5
6317,25.8427734375,116.58496093749997,162.0
6318,25.8427734375,116.58691406250003,181.0
6319,25.842773437500007,116.5888671875,196.5
6320,25.8427734375,116.5908203125,204.0
6321,25.8427734375,116.59277343749997,224.0
6322,25.8427734375,116.5947265625,234.0
6323,25.8427734375,116.5966796875,247.5
6324,25.8427734375,116.5986328125,260.5
6325,25.8427734375,116.60058593750003,270.5
6326,25.8427734375,116.6025390625,281.5
6327,25.8427734375,116.6044921875,288.0
6328,25.8427734375,116.60644531250003,296.0
6329,25.8427734375,116.60839843750003,300.5
6330,25.8427734375,116.61035156250006,302.5
6331,25.8427734375,116.61230468749997,304.5
6332,25.8427734375,116.6142578125,301.0
6333,25.8427734375,116.6162109375,294.0
6334,25.8427734375,116.61816406249997,284.5
6335,25.8427734375,116.6201171875,276.0
6336,25.8427734375,116.6220703125,267.0
6337,25.8427734375,116.62402343750003,255.0
6338,25.8427734375,116.62597656250003,245.0
6339,25.8427734375,116.62792968749997,237.0
6340,25.8427734375,116.62988281250006,216.5
6341,25.8427734375,116.63183593749997,208.0
6342,25.8427734375,116.6337890625,199.5
6343,25.8427734375,116.63574218749997,189.5
6344,25.8427734375,116.63769531249997,179.5
6345,25.842773437500007,116.6396484375,173.5
6346,25.8427734375,116.6416015625,166.5
6347,25.8427734375,116.64355468750003,160.0
6348,25.8427734375,116.64550781250003,152.5
6349,25.8408203125,116.5009765625,247.0
6350,25.840820312499996,116.50292968749997,235.5
6351,25.840820312499996,116.5048828125,225.0
6352,25.8408203125,116.5068359375,212.5
6353,25.840820312499996,116.50878906250003,195.5
6354,25.8408203125,116.51074218749997,182.0
6355,25.8408203125,116.5126953125,164.5
6356,25.840820312499996,116.5146484375,151.0
6357,25.840820312499996,116.51660156249997,134.5
6358,25.840820312499996,116.51855468750003,117.5
6359,25.840820312499996,116.52050781249997,99.0
6360,25.8408203125,116.5224609375,82.5
6361,25.840820312499996,116.5244140625,64.0
6362,25.8408203125,116.5263671875,44.5
6363,25.840820312499996,116.52832031250003,28.0
6364,25.840820312499996,116.53027343749997,16.0
6365,25.840820312499996,116.5322265625,1.0
6366,25.840820312499996,116.5341796875,-11.0
6367,25.8408203125,116.53613281250003,-25.0
6368,25.840820312499996,116.53808593750003,-31.0
6369,25.840820312499996,116.54003906249997,-38.0
6370,25.840820312499996,116.54199218750003,-45.0
6371,25.840820312499996,116.5439453125,-54.0
6372,25.840820312499996,116.5458984375,-57.0
6373,25.840820312499996,116.54785156250003,-63.5
6374,25.8408203125,116.54980468749997,-69.5
6375,25.840820312499996,116.5517578125,-76.5
6376,25.840820312499996,116.5537109375,-76.5
6377,25.840820312499996,116.55566406250003,-72.5
6378,25.840820312499996,116.5576171875,-67.5
6379,25.8408203125,116.5595703125,-60.0
6380,25.840820312499996,116.56152343750003,-50.0
6381,25.840820312499996,116.56347656250003,-38.5
6382,25.840820312499996,116.56542968749997,-18.5
6383,25.840820312499996,116.5673828125,-14.0
6384,25.8408203125,116.5693359375,9.0
6385,25.840820312499996,116.5712890625,29.5
6386,25.840820312499996,116.57324218749997,54.5
6387,25.8408203125,116.5751953125,65.5
6388,25.840820312499996,116.5771484375,86.0
6389,25.8408203125,116.5791015625,105.5
6390,25.8408203125,116.58105468750003,127.5
6391,25.840820312499996,116.58300781249997,139.0
6392,25.840820312499996,116.58496093749997,163.5
6393,25.840820312499996,116.58691406250003,182.5
6394,25.840820312499996,116.5888671875,197.5
6395,25.8408203125,116.5908203125,207.0
6396,25.840820312499996,116.59277343749997,225.0
6397,25.840820312499996,116.5947265625,235.5
6398,25.840820312499996,116.5966796875,249.0
6399,25.840820312499996,116.5986328125,262.0
6400,25.840820312499996,116.60058593750003,271.5
6401,25.840820312499996,116.6025390625,284.5
6402,25.840820312499996,116.6044921875,293.0
6403,25.840820312499996,116.60644531250003,298.0
6404,25.840820312499996,116.60839843750003,302.0
6405,25.840820312499996,116.61035156250006,305.0
6406,25.840820312499996,116.61230468749997,303.5
6407,25.840820312499996,116.6142578125,300.0
6408,25.8408203125,116.6162109375,293.5
6409,25.840820312499996,116.61816406249997,285.5
6410,25.840820312499996,116.6201171875,275.5
6411,25.840820312499996,116.6220703125,269.0
6412,25.840820312499996,116.62402343750003,257.0
6413,25.8408203125,116.62597656250003,246.0
6414,25.840820312499996,116.62792968749997,237.5
6415,25.840820312499996,116.62988281250006,220.0
6416,25.840820312499996,116.63183593749997,210.5
6417,25.8408203125,116.6337890625,201.0
6418,25.840820312499996,116.63574218749997,193.5
6419,25.840820312499996,116.63769531249997,184.0
6420,25.840820312499996,116.6396484375,177.0
6421,25.8408203125,116.6416015625,171.0
6422,25.840820312499996,116.64355468750003,164.5
6423,25.840820312499996,116.64550781250003,158.0
6424,25.8388671875,116.5009765625,243.5
6425,25.8388671875,116.50292968749997,238.0
6426,25.8388671875,116.5048828125,229.0
6427,25.8388671875,116.5068359375,217.5
6428,25.8388671875,116.50878906250003,203.0
6429,25.8388671875,116.51074218749997,189.0
6430,25.8388671875,116.5126953125,172.5
6431,25.8388671875,116.5146484375,156.0
6432,25.8388671875,116.51660156249997,139.0
6433,25.8388671875,116.51855468750003,123.5
6434,25.8388671875,116.52050781249997,106.5
6435,25.8388671875,116.5224609375,89.0
6436,25.8388671875,116.5244140625,71.5
6437,25.8388671875,116.5263671875,52.0
6438,25.8388671875,116.52832031250003,34.5
6439,25.8388671875,116.53027343749997,21.5
6440,25.8388671875,116.5322265625,8.5
6441,25.8388671875,116.5341796875,-3.0
6442,25.8388671875,116.53613281250003,-19.5
6443,25.8388671875,116.53808593750003,-22.5
6444,25.8388671875,116.54003906249997,-33.0
6445,25.8388671875,116.54199218750003,-41.5
6446,25.8388671875,116.5439453125,-47.5
6447,25.8388671875,116.5458984375,-54.0
6448,25.8388671875,116.54785156250003,-59.5
6449,25.8388671875,116.54980468749997,-63.0
6450,25.8388671875,116.5517578125,-67.5
6451,25.8388671875,116.5537109375,-66.5
6452,25.8388671875,116.55566406250003,-63.0
6453,25.8388671875,116.5576171875,-58.5
6454,25.8388671875,116.5595703125,-50.0
6455,25.8388671875,116.56152343750003,-40.5
6456,25.8388671875,116.56347656250003,-29.5
6457,25.8388671875,116.56542968749997,-12.0
6458,25.8388671875,116.5673828125,-8.5
6459,25.8388671875,116.5693359375,17.0
6460,25.8388671875,116.5712890625,35.5
6461,25.8388671875,116.57324218749997,57.5
6462,25.8388671875,116.5751953125,71.5
6463,25.8388671875,116.5771484375,87.0
6464,25.8388671875,116.5791015625,107.0
6465,25.8388671875,116.58105468750003,127.5
6466,25.8388671875,116.58300781249997,139.0
6467,25.8388671875,116.58496093749997,167.0
6468,25.8388671875,116.58691406250003,184.5
6469,25.8388671875,116.5888671875,200.5
6470,25.8388671875,116.5908203125,215.5
6471,25.8388671875,116.59277343749997,228.5
6472,25.8388671875,116.5947265625,238.5
6473,25.8388671875,116.5966796875,249.5
6474,25.8388671875,116.5986328125,262.0
6475,25.8388671875,116.60058593750003,275.5
6476,25.8388671875,116.6025390625,288.0
6477,25.8388671875,116.6044921875,294.5
6478,25.8388671875,116.60644531250003,299.0
6479,25.8388671875,116.60839843750003,305.0
6480,25.8388671875,116.61035156250006,307.5
6481,25.8388671875,116.61230468749997,302.5
6482,25.8388671875,116.6142578125,297.0
6483,25.8388671875,116.6162109375,291.5
6484,25.8388671875,116.61816406249997,284.5
6485,25.8388671875,116.6201171875,275.0
6486,25.8388671875,116.6220703125,269.5
6487,25.8388671875,116.62402343750003,259.0
6488,25.8388671875,116.62597656250003,247.5
6489,25.8388671875,116.62792968749997,238.5
6490,25.8388671875,116.62988281250006,221.5
6491,25.8388671875,116.63183593749997,212.0
6492,25.8388671875,116.6337890625,203.5
6493,25.8388671875,116.63574218749997,196.5
6494,25.8388671875,116.63769531249997,187.5
6495,25.8388671875,116.6396484375,179.5
6496,25.8388671875,116.6416015625,174.5
6497,25.8388671875,116.64355468750003,168.5
6498,25.8388671875,116.64550781250003,163.0
6499,25.83691406249999,116.5009765625,248.0
6500,25.83691406249999,116.50292968749997,241.5
6501,25.83691406249999,116.5048828125,231.5
6502,25.83691406249999,116.5068359375,220.0
6503,25.83691406249999,116.50878906250003,205.5
6504,25.836914062499993,116.51074218749997,196.0
6505,25.83691406249999,116.5126953125,182.5
6506,25.836914062499993,116.5146484375,164.5
6507,25.83691406249999,116.51660156249997,148.0
6508,25.83691406249999,116.51855468750003,131.5
6509,25.836914062499993,116.52050781249997,114.5
6510,25.836914062499993,116.5224609375,96.0
6511,25.836914062499993,116.5244140625,78.5
6512,25.836914062499993,116.5263671875,60.0
6513,25.83691406249999,116.52832031250003,41.5
6514,25.83691406249999,116.53027343749997,26.5
6515,25.83691406249999,116.5322265625,13.0
6516,25.83691406249999,116.5341796875,0.5
6517,25.836914062499993,116.53613281250003,-14.5
6518,25.83691406249999,116.53808593750003,-16.5
6519,25.836914062499993,116.54003906249997,-27.0
6520,25.836914062499993,116.54199218750003,-36.5
6521,25.836914062499993,116.5439453125,-40.5
6522,25.83691406249999,116.5458984375,-47.5
6523,25.83691406249999,116.54785156250003,-52.0
6524,25.836914062499993,116.54980468749997,-54.0
6525,25.83691406249999,116.5517578125,-55.5
6526,25.83691406249999,116.5537109375,-55.0
6527,25.836914062499993,116.55566406250003,-51.0
6528,25.836914062499993,116.5576171875,-46.5
6529,25.83691406249999,116.5595703125,-38.0
6530,25.83691406249999,116.56152343750003,-27.0
6531,25.83691406249999,116.56347656250003,-14.0
6532,25.83691406249999,116.56542968749997,-0.5
6533,25.83691406249999,116.5673828125,1.0
6534,25.836914062499993,116.5693359375,27.5
6535,25.83691406249999,116.5712890625,44.5
6536,25.83691406249999,116.57324218749997,64.5
6537,25.83691406249999,116.5751953125,75.0
6538,25.83691406249999,116.5771484375,94.5
6539,25.83691406249999,116.5791015625,110.5
6540,25.836914062499993,116.58105468750003,133.0
6541,25.83691406249999,116.58300781249997,144.0
6542,25.83691406249999,116.58496093749997,171.5
6543,25.836914062499993,116.58691406250003,188.0
6544,25.836914062499993,116.5888671875,204.0
6545,25.836914062499993,116.5908203125,219.5
6546,25.83691406249999,116.59277343749997,233.5
6547,25.836914062499993,116.5947265625,245.0
6548,25.83691406249999,116.5966796875,253.0
6549,25.83691406249999,116.5986328125,265.5
6550,25.83691406249999,116.60058593750003,280.0
6551,25.83691406249999,116.6025390625,291.0
6552,25.83691406249999,116.6044921875,297.0
6553,25.836914062499993,116.60644531250003,301.0
6554,25.83691406249999,116.60839843750003,306.0
6555,25.83691406249999,116.61035156250006,306.0
6556,25.836914062499993,116.61230468749997,300.0
6557,25.83691406249999,116.6142578125,295.0
6558,25.836914062499993,116.6162109375,288.5
6559,25.83691406249999,116.61816406249997,282.0
6560,25.83691406249999,116.6201171875,274.0
6561,25.83691406249999,116.6220703125,267.5
6562,25.83691406249999,116.62402343750003,258.0
6563,25.836914062499993,116.62597656250003,248.0
6564,25.83691406249999,116.62792968749997,238.5
6565,25.83691406249999,116.62988281250006,225.0
6566,25.83691406249999,116.63183593749997,216.0
6567,25.836914062499993,116.6337890625,209.5
6568,25.83691406249999,116.63574218749997,202.5
6569,25.836914062499993,116.63769531249997,193.5
6570,25.836914062499993,116.6396484375,186.5
6571,25.836914062499993,116.6416015625,180.5
6572,25.83691406249999,116.64355468750003,174.5
6573,25.83691406249999,116.64550781250003,169.5
6574,25.8349609375,116.5009765625,255.0
6575,25.8349609375,116.50292968749997,245.0
6576,25.8349609375,116.5048828125,235.0
6577,25.8349609375,116.5068359375,224.0
6578,25.8349609375,116.50878906250003,210.0
6579,25.8349609375,116.51074218749997,202.0
6580,25.8349609375,116.5126953125,189.5
6581,25.8349609375,116.5146484375,171.5
6582,25.8349609375,116.51660156249997,155.5
6583,25.8349609375,116.51855468750003,139.0
6584,25.8349609375,116.52050781249997,121.5
6585,25.8349609375,116.5224609375,104.0
6586,25.8349609375,116.5244140625,88.0
6587,25.8349609375,116.5263671875,68.0
6588,25.8349609375,116.52832031250003,49.5
6589,25.8349609375,116.53027343749997,35.0
6590,25.8349609375,116.5322265625,20.5
6591,25.8349609375,116.5341796875,5.5
6592,25.8349609375,116.53613281250003,-8.0
6593,25.8349609375,116.53808593750003,-14.0
6594,25.8349609375,116.54003906249997,-18.0
6595,25.8349609375,116.54199218750003,-30.5
6596,25.8349609375,116.5439453125,-33.0
6597,25.8349609375,116.5458984375,-37.0
6598,25.8349609375,116.54785156250003,-39.0
6599,25.8349609375,116.54980468749997,-41.0
6600,25.8349609375,116.5517578125,-40.0
6601,25.8349609375,116.5537109375,-38.5
6602,25.8349609375,116.55566406250003,-35.0
6603,25.8349609375,116.5576171875,-29.0
6604,25.8349609375,116.5595703125,-20.5
6605,25.8349609375,116.56152343750003,-10.5
6606,25.8349609375,116.56347656250003,0.5
6607,25.8349609375,116.56542968749997,14.5
6608,25.8349609375,116.5673828125,14.5
6609,25.8349609375,116.5693359375,39.5
6610,25.8349609375,116.5712890625,55.0
6611,25.8349609375,116.57324218749997,74.0
6612,25.8349609375,116.5751953125,85.5
6613,25.8349609375,116.5771484375,104.0
6614,25.8349609375,116.5791015625,119.5
6615,25.8349609375,116.58105468750003,142.5
6616,25.8349609375,116.58300781249997,150.5
6617,25.8349609375,116.58496093749997,177.0
6618,25.8349609375,116.58691406250003,194.0
6619,25.8349609375,116.5888671875,206.5
6620,25.8349609375,116.5908203125,222.5
6621,25.8349609375,116.59277343749997,237.0
6622,25.8349609375,116.5947265625,249.0
6623,25.8349609375,116.5966796875,254.0
6624,25.8349609375,116.5986328125,267.5
6625,25.8349609375,116.60058593750003,280.0
6626,25.8349609375,116.6025390625,289.0
6627,25.8349609375,116.6044921875,297.0
6628,25.8349609375,116.60644531250003,301.5
6629,25.8349609375,116.60839843750003,305.5
6630,25.8349609375,116.61035156250006,303.0
6631,25.8349609375,116.61230468749997,297.5
6632,25.8349609375,116.6142578125,293.0
6633,25.8349609375,116.6162109375,282.5
6634,25.8349609375,116.61816406249997,277.5
6635,25.8349609375,116.6201171875,272.0
6636,25.8349609375,116.6220703125,265.0
6637,25.8349609375,116.62402343750003,257.5
6638,25.8349609375,116.62597656250003,249.0
6639,25.8349609375,116.62792968749997,238.0
6640,25.8349609375,116.62988281250006,229.5
6641,25.8349609375,116.63183593749997,222.0
6642,25.8349609375,116.6337890625,216.0
6643,25.8349609375,116.63574218749997,209.0
6644,25.8349609375,116.63769531249997,202.5
6645,25.8349609375,116.6396484375,196.0
6646,25.8349609375,116.6416015625,188.0
6647,25.8349609375,116.64355468750003,182.0
6648,25.8349609375,116.64550781250003,176.0
6649,25.833007812499993,116.5009765625,265.0
6650,25.833007812499993,116.50292968749997,254.5
6651,25.833007812499993,116.5048828125,242.0
6652,25.8330078125,116.5068359375,231.0
6653,25.8330078125,116.50878906250003,215.5
6654,25.833007812499993,116.51074218749997,206.0
6655,25.833007812499993,116.5126953125,193.5
6656,25.833007812499993,116.5146484375,177.5
6657,25.833007812499993,116.51660156249997,162.0
6658,25.833007812499993,116.51855468750003,147.0
6659,25.833007812499993,116.52050781249997,129.5
6660,25.833007812499993,116.5224609375,111.0
6661,25.833007812499993,116.5244140625,97.5
6662,25.833007812499993,116.5263671875,78.5
6663,25.833007812499993,116.52832031250003,59.5
6664,25.8330078125,116.53027343749997,44.0
6665,25.833007812499993,116.5322265625,29.5
6666,25.833007812499993,116.5341796875,15.0
6667,25.8330078125,116.53613281250003,6.0
6668,25.833007812499993,116.53808593750003,-7.0
6669,25.8330078125,116.54003906249997,-9.0
6670,25.833007812499993,116.54199218750003,-22.5
6671,25.833007812499993,116.5439453125,-21.5
6672,25.833007812499993,116.5458984375,-24.5
6673,25.833007812499993,116.54785156250003,-25.0
6674,25.8330078125,116.54980468749997,-24.5
6675,25.833007812499993,116.5517578125,-25.5
6676,25.833007812499993,116.5537109375,-21.5
6677,25.8330078125,116.55566406250003,-15.0
6678,25.833007812499993,116.5576171875,-8.5
6679,25.8330078125,116.5595703125,-1.5
6680,25.8330078125,116.56152343750003,6.5
6681,25.833007812499993,116.56347656250003,16.5
6682,25.833007812499993,116.56542968749997,30.0
6683,25.833007812499993,116.5673828125,31.5
6684,25.833007812499993,116.5693359375,56.0
6685,25.833007812499993,116.5712890625,69.5
6686,25.833007812499993,116.57324218749997,85.5
6687,25.833007812499993,116.5751953125,97.0
6688,25.833007812499993,116.5771484375,116.0
6689,25.833007812499993,116.5791015625,131.5
6690,25.833007812499993,116.58105468750003,152.0
6691,25.833007812499993,116.58300781249997,161.0
6692,25.833007812499993,116.58496093749997,183.0
6693,25.8330078125,116.58691406250003,200.5
6694,25.833007812499993,116.5888671875,214.0
6695,25.8330078125,116.5908203125,231.5
6696,25.833007812499993,116.59277343749997,244.5
6697,25.833007812499993,116.5947265625,256.0
6698,25.833007812499993,116.5966796875,263.5
6699,25.8330078125,116.5986328125,275.0
6700,25.833007812499993,116.60058593750003,286.0
6701,25.833007812499993,116.6025390625,292.5
6702,25.833007812499993,116.6044921875,299.5
6703,25.833007812499993,116.60644531250003,303.0
6704,25.833007812499993,116.60839843750003,304.5
6705,25.833007812499993,116.61035156250006,299.0
6706,25.833007812499993,116.61230468749997,293.0
6707,25.833007812499993,116.6142578125,288.5
6708,25.833007812499993,116.6162109375,279.5
6709,25.833007812499993,116.61816406249997,275.0
6710,25.833007812499993,116.6201171875,270.0
6711,25.833007812499993,116.6220703125,263.0
6712,25.833007812499993,116.62402343750003,258.0
6713,25.8330078125,116.62597656250003,251.5
6714,25.833007812499993,116.62792968749997,241.5
6715,25.833007812499993,116.62988281250006,233.5
6716,25.833007812499993,116.63183593749997,228.5
6717,25.833007812499993,116.6337890625,223.5
6718,25.833007812499993,116.63574218749997,215.5
6719,25.833007812499993,116.63769531249997,210.0
6720,25.833007812499993,116.6396484375,204.0
6721,25.833007812499993,116.6416015625,197.5
6722,25.833007812499993,116.64355468750003,191.0
6723,25.833007812499993,116.64550781250003,184.0
6724,25.831054687499996,116.5009765625,274.5
6725,25.831054687499996,116.50292968749997,263.5
6726,25.831054687499996,116.5048828125,249.5
6727,25.831054687499996,116.5068359375,237.5
6728,25.831054687499996,116.50878906250003,223.5
6729,25.831054687499996,116.51074218749997,211.5
6730,25.831054687499996,116.5126953125,199.5
6731,25.831054687499996,116.5146484375,185.5
6732,25.831054687499996,116.51660156249997,170.5
6733,25.831054687499996,116.51855468750003,156.5
6734,25.831054687499996,116.52050781249997,140.5
6735,25.831054687499996,116.5224609375,123.5
6736,25.831054687499996,116.5244140625,108.0
6737,25.831054687499996,116.5263671875,89.5
6738,25.831054687499996,116.52832031250003,70.0
6739,25.831054687499996,116.53027343749997,55.5
6740,25.831054687499996,116.5322265625,40.5
6741,25.831054687499996,116.5341796875,26.0
6742,25.831054687499996,116.53613281250003,17.5
6743,25.831054687499996,116.53808593750003,5.0
6744,25.831054687499996,116.54003906249997,0.5
6745,25.831054687499996,116.54199218750003,-10.0
6746,25.831054687499996,116.5439453125,-8.5
6747,25.831054687499996,116.5458984375,-12.5
6748,25.831054687499996,116.54785156250003,-11.5
6749,25.831054687499996,116.54980468749997,-9.5
6750,25.831054687499996,116.5517578125,-10.0
6751,25.831054687499996,116.5537109375,-5.5
6752,25.831054687499996,116.55566406250003,1.0
6753,25.831054687499996,116.5576171875,7.5
6754,25.831054687499996,116.5595703125,13.5
6755,25.831054687499996,116.56152343750003,22.5
6756,25.831054687499996,116.56347656250003,31.5
6757,25.831054687499996,116.56542968749997,47.0
6758,25.831054687499996,116.5673828125,50.0
6759,25.831054687499996,116.5693359375,71.5
6760,25.831054687499996,116.5712890625,84.0
6761,25.831054687499996,116.57324218749997,99.0
6762,25.831054687499996,116.5751953125,110.0
6763,25.831054687499996,116.5771484375,128.5
6764,25.831054687499996,116.5791015625,143.0
6765,25.831054687499996,116.58105468750003,163.0
6766,25.831054687499996,116.58300781249997,170.5
6767,25.831054687499996,116.58496093749997,192.0
6768,25.831054687499996,116.58691406250003,208.5
6769,25.831054687499996,116.5888671875,223.5
6770,25.831054687499996,116.5908203125,239.0
6771,25.831054687499996,116.59277343749997,250.5
6772,25.831054687499996,116.5947265625,264.0
6773,25.831054687499996,116.5966796875,276.5
6774,25.831054687499996,116.5986328125,285.0
6775,25.831054687499996,116.60058593750003,293.0
6776,25.831054687499996,116.6025390625,299.0
6777,25.831054687499996,116.6044921875,305.0
6778,25.831054687499996,116.60644531250003,306.0
6779,25.831054687499996,116.60839843750003,304.0
6780,25.831054687499996,116.61035156250006,299.0
6781,25.831054687499996,116.61230468749997,292.5
6782,25.831054687499996,116.6142578125,286.0
6783,25.831054687499996,116.6162109375,280.0
6784,25.831054687499996,116.61816406249997,273.0
6785,25.831054687499996,116.6201171875,268.0
6786,25.831054687499996,116.6220703125,263.0
6787,25.831054687499996,116.62402343750003,259.0
6788,25.831054687499996,116.62597656250003,247.5
6789,25.831054687499996,116.62792968749997,248.5
6790,25.831054687499996,116.62988281250006,239.0
6791,25.831054687499996,116.63183593749997,235.5
6792,25.831054687499996,116.6337890625,231.0
6793,25.831054687499996,116.63574218749997,223.0
6794,25.831054687499996,116.63769531249997,216.5
6795,25.831054687499996,116.6396484375,210.5
6796,25.831054687499996,116.6416015625,204.5
6797,25.831054687499996,116.64355468750003,198.5
6798,25.831054687499996,116.64550781250003,191.0
6799,25.829101562499996,116.5009765625,280.0
6800,25.829101562499996,116.50292968749997,270.0
6801,25.829101562499996,116.5048828125,257.5
6802,25.8291015625,116.5068359375,243.0
6803,25.829101562499996,116.50878906250003,228.0
6804,25.829101562499996,116.51074218749997,215.5
6805,25.829101562499996,116.5126953125,202.0
6806,25.829101562499996,116.5146484375,191.0
6807,25.829101562499996,116.51660156249997,179.0
6808,25.829101562499996,116.51855468750003,163.0
6809,25.829101562499996,116.52050781249997,148.0
6810,25.829101562499996,116.5224609375,133.5
6811,25.829101562499996,116.5244140625,119.0
6812,25.8291015625,116.5263671875,101.5
6813,25.829101562499996,116.52832031250003,86.0
6814,25.829101562499996,116.53027343749997,72.5
6815,25.829101562499996,116.5322265625,55.5
6816,25.829101562499996,116.5341796875,40.0
6817,25.829101562499996,116.53613281250003,29.5
6818,25.829101562499996,116.53808593750003,17.5
6819,25.829101562499996,116.54003906249997,13.0
6820,25.829101562499996,116.54199218750003,3.5
6821,25.829101562499996,116.5439453125,5.0
6822,25.829101562499996,116.5458984375,-0.5
6823,25.829101562499996,116.54785156250003,1.5
6824,25.829101562499996,116.54980468749997,4.0
6825,25.829101562499996,116.5517578125,7.0
6826,25.829101562499996,116.5537109375,12.0
6827,25.829101562499996,116.55566406250003,18.0
6828,25.829101562499996,116.5576171875,24.5
6829,25.829101562499996,116.5595703125,31.0
6830,25.829101562499996,116.56152343750003,39.0
6831,25.829101562499996,116.56347656250003,47.5
6832,25.829101562499996,116.56542968749997,59.0
6833,25.829101562499996,116.5673828125,69.5
6834,25.8291015625,116.5693359375,86.5
6835,25.829101562499996,116.5712890625,98.5
6836,25.829101562499996,116.57324218749997,113.0
6837,25.829101562499996,116.5751953125,126.0
6838,25.829101562499996,116.5771484375,142.0
6839,25.829101562499996,116.5791015625,154.5
6840,25.829101562499996,116.58105468750003,173.5
6841,25.829101562499996,116.58300781249997,179.5
6842,25.829101562499996,116.58496093749997,203.0
6843,25.829101562499996,116.58691406250003,218.0
6844,25.8291015625,116.5888671875,236.0
6845,25.829101562499996,116.5908203125,244.5
6846,25.829101562499996,116.59277343749997,255.5
6847,25.829101562499996,116.5947265625,269.0
6848,25.829101562499996,116.5966796875,281.5
6849,25.829101562499996,116.5986328125,289.0
6850,25.829101562499996,116.60058593750003,298.0
6851,25.829101562499996,116.6025390625,306.5
6852,25.829101562499996,116.6044921875,310.0
6853,25.829101562499996,116.60644531250003,309.0
6854,25.829101562499996,116.60839843750003,306.0
6855,25.829101562499996,116.61035156250006,301.5
6856,25.829101562499996,116.61230468749997,294.0
6857,25.829101562499996,116.6142578125,288.0
6858,25.829101562499996,116.6162109375,284.5
6859,25.829101562499996,116.61816406249997,278.0
6860,25.829101562499996,116.6201171875,272.5
6861,25.829101562499996,116.6220703125,269.0
6862,25.8291015625,116.62402343750003,264.0
6863,25.829101562499996,116.62597656250003,254.5
6864,25.829101562499996,116.62792968749997,256.0
6865,25.829101562499996,116.62988281250006,249.0
6866,25.829101562499996,116.63183593749997,244.0
6867,25.829101562499996,116.6337890625,239.5
6868,25.829101562499996,116.63574218749997,234.0
6869,25.8291015625,116.63769531249997,228.0
6870,25.829101562499996,116.6396484375,220.5
6871,25.829101562499996,116.6416015625,214.0
6872,25.829101562499996,116.64355468750003,209.0
6873,25.829101562499996,116.64550781250003,201.5
6874,25.8271484375,116.5009765625,282.0
6875,25.827148437500004,116.50292968749997,273.5
6876,25.827148437500004,116.5048828125,261.0
6877,25.8271484375,116.5068359375,248.0
6878,25.8271484375,116.50878906250003,232.5
6879,25.8271484375,116.51074218749997,220.5
6880,25.8271484375,116.5126953125,209.0
6881,25.8271484375,116.5146484375,197.5
6882,25.8271484375,116.51660156249997,187.5
6883,25.8271484375,116.51855468750003,174.0
6884,25.8271484375,116.52050781249997,160.5
6885,25.8271484375,116.5224609375,145.5
6886,25.827148437500004,116.5244140625,130.0
6887,25.8271484375,116.5263671875,114.5
6888,25.8271484375,116.52832031250003,103.0
6889,25.827148437500004,116.53027343749997,89.5
6890,25.8271484375,116.5322265625,72.5
6891,25.8271484375,116.5341796875,57.0
6892,25.8271484375,116.53613281250003,47.5
6893,25.8271484375,116.53808593750003,32.0
6894,25.8271484375,116.54003906249997,27.5
6895,25.8271484375,116.54199218750003,17.5
6896,25.8271484375,116.5439453125,19.5
6897,25.8271484375,116.5458984375,16.0
6898,25.8271484375,116.54785156250003,17.0
6899,25.8271484375,116.54980468749997,21.0
6900,25.8271484375,116.5517578125,25.5
6901,25.8271484375,116.5537109375,32.0
6902,25.827148437500004,116.55566406250003,38.0
6903,25.8271484375,116.5576171875,43.0
6904,25.8271484375,116.5595703125,49.0
6905,25.8271484375,116.56152343750003,56.5
6906,25.8271484375,116.56347656250003,65.0
6907,25.8271484375,116.56542968749997,75.5
6908,25.8271484375,116.5673828125,85.0
6909,25.827148437500004,116.5693359375,102.0
6910,25.8271484375,116.5712890625,115.0
6911,25.8271484375,116.57324218749997,124.5
6912,25.8271484375,116.5751953125,140.5
6913,25.8271484375,116.5771484375,153.5
6914,25.8271484375,116.5791015625,166.0
6915,25.8271484375,116.58105468750003,184.5
6916,25.827148437500004,116.58300781249997,191.0
6917,25.8271484375,116.58496093749997,214.0
6918,25.8271484375,116.58691406250003,228.5
6919,25.827148437500004,116.5888671875,245.5
6920,25.827148437500004,116.5908203125,256.0
6921,25.8271484375,116.59277343749997,265.5
6922,25.827148437500004,116.5947265625,276.5
6923,25.8271484375,116.5966796875,286.5
6924,25.8271484375,116.5986328125,294.5
6925,25.8271484375,116.60058593750003,305.0
6926,25.8271484375,116.6025390625,312.0
6927,25.827148437500004,116.6044921875,314.0
6928,25.8271484375,116.60644531250003,314.0
6929,25.8271484375,116.60839843750003,312.0
6930,25.8271484375,116.61035156250006,305.5
6931,25.827148437500004,116.61230468749997,299.0
6932,25.8271484375,116.6142578125,293.5
6933,25.8271484375,116.6162109375,289.0
6934,25.8271484375,116.61816406249997,285.0
6935,25.8271484375,116.6201171875,281.0
6936,25.8271484375,116.6220703125,277.5
6937,25.827148437500004,116.62402343750003,272.5
6938,25.827148437500004,116.62597656250003,262.5
6939,25.8271484375,116.62792968749997,264.5
6940,25.8271484375,116.62988281250006,259.5
6941,25.8271484375,116.63183593749997,254.5
6942,25.827148437500004,116.6337890625,249.5
6943,25.8271484375,116.63574218749997,245.0
6944,25.8271484375,116.63769531249997,240.0
6945,25.827148437500004,116.6396484375,232.5
6946,25.8271484375,116.6416015625,224.5
6947,25.8271484375,116.64355468750003,221.0
6948,25.8271484375,116.64550781250003,215.0
6949,25.825195312499993,116.5009765625,284.5
6950,25.825195312499993,116.50292968749997,276.0
6951,25.825195312499996,116.5048828125,265.0
6952,25.825195312499996,116.5068359375,255.0
6953,25.825195312499993,116.50878906250003,244.0
6954,25.825195312499993,116.51074218749997,230.0
6955,25.825195312499993,116.5126953125,221.0
6956,25.825195312499993,116.5146484375,209.0
6957,25.825195312499993,116.51660156249997,197.0
6958,25.825195312499993,116.51855468750003,183.0
6959,25.825195312499993,116.52050781249997,171.0
6960,25.825195312499996,116.5224609375,158.5
6961,25.825195312499996,116.5244140625,143.5
6962,25.825195312499993,116.5263671875,129.5
6963,25.825195312499993,116.52832031250003,118.5
6964,25.825195312499996,116.53027343749997,103.5
6965,25.825195312499993,116.5322265625,88.0
6966,25.825195312499993,116.5341796875,74.5
6967,25.825195312499993,116.53613281250003,67.0
6968,25.825195312499993,116.53808593750003,52.5
6969,25.825195312499993,116.54003906249997,48.0
6970,25.825195312499993,116.54199218750003,39.5
6971,25.825195312499993,116.5439453125,42.5
6972,25.825195312499993,116.5458984375,35.0
6973,25.825195312499993,116.54785156250003,35.5
6974,25.825195312499993,116.54980468749997,39.0
6975,25.825195312499993,116.5517578125,43.5
6976,25.825195312499993,116.5537109375,49.0
6977,25.825195312499996,116.55566406250003,55.5
6978,25.825195312499993,116.5576171875,60.5
6979,25.825195312499996,116.5595703125,67.5
6980,25.825195312499993,116.56152343750003,73.5
6981,25.825195312499993,116.56347656250003,80.0
6982,25.825195312499993,116.56542968749997,90.5
6983,25.825195312499993,116.5673828125,101.0
6984,25.825195312499996,116.5693359375,118.5
6985,25.825195312499993,116.5712890625,132.5
6986,25.825195312499993,116.57324218749997,140.0
6987,25.825195312499993,116.5751953125,154.5
6988,25.825195312499993,116.5771484375,166.5
6989,25.825195312499993,116.5791015625,179.0
6990,25.825195312499993,116.58105468750003,197.5
6991,25.825195312499993,116.58300781249997,204.0
6992,25.825195312499993,116.58496093749997,223.5
6993,25.825195312499993,116.58691406250003,237.5
6994,25.825195312499993,116.5888671875,254.0
6995,25.825195312499996,116.5908203125,267.5
6996,25.825195312499993,116.59277343749997,277.5
6997,25.825195312499996,116.5947265625,287.0
6998,25.825195312499993,116.5966796875,296.0
6999,25.825195312499993,116.5986328125,305.0
7000,25.825195312499993,116.60058593750003,313.0
7001,25.825195312499993,116.6025390625,317.5
7002,25.825195312499993,116.6044921875,320.0
7003,25.825195312499993,116.60644531250003,319.5
7004,25.825195312499993,116.60839843750003,316.0
7005,25.825195312499993,116.61035156250006,311.0
7006,25.825195312499993,116.61230468749997,306.5
7007,25.825195312499993,116.6142578125,300.5
7008,25.825195312499993,116.6162109375,295.0
7009,25.825195312499993,116.61816406249997,292.5
7010,25.825195312499993,116.6201171875,289.5
7011,25.825195312499993,116.6220703125,286.0
7012,25.825195312499993,116.62402343750003,282.0
7013,25.825195312499996,116.62597656250003,271.0
7014,25.825195312499993,116.62792968749997,274.5
7015,25.825195312499993,116.62988281250006,271.0
7016,25.825195312499993,116.63183593749997,266.0
7017,25.825195312499996,116.6337890625,260.5
7018,25.825195312499993,116.63574218749997,256.0
7019,25.825195312499993,116.63769531249997,250.5
7020,25.825195312499993,116.6396484375,244.0
7021,25.825195312499993,116.6416015625,236.0
7022,25.825195312499993,116.64355468750003,232.0
7023,25.825195312499993,116.64550781250003,227.0
7024,25.8232421875,116.5009765625,287.5
7025,25.8232421875,116.50292968749997,282.0
7026,25.8232421875,116.5048828125,273.5
7027,25.8232421875,116.5068359375,264.0
7028,25.823242187499996,116.50878906250003,252.5
7029,25.8232421875,116.51074218749997,240.5
7030,25.8232421875,116.5126953125,232.5
7031,25.8232421875,116.5146484375,221.0
7032,25.823242187499996,116.51660156249997,207.0
7033,25.8232421875,116.51855468750003,193.0
7034,25.823242187499996,116.52050781249997,179.5
7035,25.8232421875,116.5224609375,169.5
7036,25.8232421875,116.5244140625,158.5
7037,25.8232421875,116.5263671875,144.5
7038,25.8232421875,116.52832031250003,131.5
7039,25.8232421875,116.53027343749997,117.0
7040,25.8232421875,116.5322265625,102.5
7041,25.8232421875,116.5341796875,93.0
7042,25.8232421875,116.53613281250003,84.5
7043,25.8232421875,116.53808593750003,70.0
7044,25.8232421875,116.54003906249997,70.0
7045,25.823242187499996,116.54199218750003,59.5
7046,25.823242187499996,116.5439453125,62.5
7047,25.823242187499996,116.5458984375,57.0
7048,25.8232421875,116.54785156250003,55.5
7049,25.823242187499996,116.54980468749997,58.0
7050,25.823242187499996,116.5517578125,63.5
7051,25.8232421875,116.5537109375,68.5
7052,25.8232421875,116.55566406250003,73.5
7053,25.8232421875,116.5576171875,78.5
7054,25.8232421875,116.5595703125,86.0
7055,25.823242187499996,116.56152343750003,91.0
7056,25.8232421875,116.56347656250003,97.0
7057,25.823242187499996,116.56542968749997,105.5
7058,25.8232421875,116.5673828125,115.0
7059,25.8232421875,116.5693359375,133.0
7060,25.823242187499996,116.5712890625,146.5
7061,25.8232421875,116.57324218749997,154.5
7062,25.823242187499996,116.5751953125,170.0
7063,25.823242187499996,116.5771484375,180.5
7064,25.823242187499996,116.5791015625,194.5
7065,25.8232421875,116.58105468750003,210.5
7066,25.8232421875,116.58300781249997,217.5
7067,25.8232421875,116.58496093749997,237.0
7068,25.823242187499996,116.58691406250003,251.5
7069,25.8232421875,116.5888671875,267.0
7070,25.8232421875,116.5908203125,276.5
7071,25.8232421875,116.59277343749997,287.0
7072,25.8232421875,116.5947265625,298.5
7073,25.823242187499996,116.5966796875,306.5
7074,25.8232421875,116.5986328125,315.0
7075,25.823242187499996,116.60058593750003,321.5
7076,25.823242187499996,116.6025390625,325.0
7077,25.8232421875,116.6044921875,327.5
7078,25.8232421875,116.60644531250003,326.5
7079,25.8232421875,116.60839843750003,322.0
7080,25.823242187499996,116.61035156250006,316.5
7081,25.8232421875,116.61230468749997,313.5
7082,25.8232421875,116.6142578125,308.5
7083,25.8232421875,116.6162109375,302.5
7084,25.823242187499996,116.61816406249997,301.5
7085,25.8232421875,116.6201171875,298.0
7086,25.823242187499996,116.6220703125,296.0
7087,25.8232421875,116.62402343750003,293.0
7088,25.8232421875,116.62597656250003,281.0
7089,25.823242187499996,116.62792968749997,285.0
7090,25.8232421875,116.62988281250006,282.0
7091,25.8232421875,116.63183593749997,276.5
7092,25.8232421875,116.6337890625,271.0
7093,25.823242187499996,116.63574218749997,266.0
7094,25.823242187499996,116.63769531249997,261.0
7095,25.8232421875,116.6396484375,255.0
7096,25.8232421875,116.6416015625,247.5
7097,25.823242187499996,116.64355468750003,243.5
7098,25.8232421875,116.64550781250003,238.5
7099,25.821289062499996,116.5009765625,288.0
7100,25.821289062499996,116.50292968749997,283.5
7101,25.821289062499996,116.5048828125,278.0
7102,25.821289062499996,116.5068359375,270.0
7103,25.821289062499996,116.50878906250003,259.5
7104,25.8212890625,116.51074218749997,247.0
7105,25.8212890625,116.5126953125,239.0
7106,25.821289062499996,116.5146484375,231.0
7107,25.821289062499996,116.51660156249997,218.0
7108,25.821289062499996,116.51855468750003,205.0
7109,25.821289062499996,116.52050781249997,191.0
7110,25.8212890625,116.5224609375,181.0
7111,25.821289062499996,116.5244140625,171.5
7112,25.8212890625,116.5263671875,158.5
7113,25.821289062499996,116.52832031250003,145.0
7114,25.8212890625,116.53027343749997,133.0
7115,25.821289062499996,116.5322265625,118.5
7116,25.821289062499996,116.5341796875,109.5
7117,25.821289062499996,116.53613281250003,101.0
7118,25.821289062499996,116.53808593750003,98.0
7119,25.821289062499996,116.54003906249997,89.5
7120,25.821289062499996,116.54199218750003,78.5
7121,25.821289062499996,116.5439453125,82.5
7122,25.821289062499996,116.5458984375,79.5
7123,25.821289062499996,116.54785156250003,77.5
7124,25.821289062499996,116.54980468749997,79.0
7125,25.821289062499996,116.5517578125,84.0
7126,25.821289062499996,116.5537109375,89.0
7127,25.8212890625,116.55566406250003,93.5
7128,25.821289062499996,116.5576171875,97.5
7129,25.8212890625,116.5595703125,104.5
7130,25.821289062499996,116.56152343750003,109.5
7131,25.821289062499996,116.56347656250003,114.5
7132,25.821289062499996,116.56542968749997,121.0
7133,25.821289062499996,116.5673828125,131.0
7134,25.821289062499996,116.5693359375,146.5
7135,25.821289062499996,116.5712890625,160.0
7136,25.821289062499996,116.57324218749997,169.0
7137,25.821289062499996,116.5751953125,184.0
7138,25.821289062499996,116.5771484375,196.5
7139,25.821289062499996,116.5791015625,209.5
7140,25.8212890625,116.58105468750003,224.0
7141,25.8212890625,116.58300781249997,231.0
7142,25.821289062499996,116.58496093749997,250.5
7143,25.821289062499996,116.58691406250003,266.0
7144,25.821289062499996,116.5888671875,279.0
7145,25.821289062499996,116.5908203125,286.5
7146,25.821289062499996,116.59277343749997,295.5
7147,25.821289062499996,116.5947265625,308.5
7148,25.821289062499996,116.5966796875,316.5
7149,25.821289062499996,116.5986328125,324.5
7150,25.821289062499996,116.60058593750003,330.5
7151,25.821289062499996,116.6025390625,333.5
7152,25.821289062499996,116.6044921875,334.5
7153,25.821289062499996,116.60644531250003,333.5
7154,25.821289062499996,116.60839843750003,330.5
7155,25.8212890625,116.61035156250006,325.5
7156,25.821289062499996,116.61230468749997,321.5
7157,25.8212890625,116.6142578125,316.0
7158,25.821289062499996,116.6162109375,317.0
7159,25.821289062499996,116.61816406249997,314.0
7160,25.821289062499996,116.6201171875,308.5
7161,25.821289062499996,116.6220703125,305.5
7162,25.8212890625,116.62402343750003,303.5
7163,25.8212890625,116.62597656250003,294.0
7164,25.821289062499996,116.62792968749997,297.5
7165,25.821289062499996,116.62988281250006,291.5
7166,25.821289062499996,116.63183593749997,286.5
7167,25.8212890625,116.6337890625,281.0
7168,25.821289062499996,116.63574218749997,275.0
7169,25.8212890625,116.63769531249997,269.0
7170,25.821289062499996,116.6396484375,263.5
7171,25.821289062499996,116.6416015625,258.5
7172,25.8212890625,116.64355468750003,255.0
7173,25.821289062499996,116.64550781250003,250.0
7174,25.8193359375,116.5009765625,288.0
7175,25.8193359375,116.50292968749997,283.0
7176,25.8193359375,116.5048828125,278.5
7177,25.8193359375,116.5068359375,273.5
7178,25.8193359375,116.50878906250003,268.0
7179,25.8193359375,116.51074218749997,253.0
7180,25.8193359375,116.5126953125,246.5
7181,25.8193359375,116.5146484375,239.5
7182,25.8193359375,116.51660156249997,228.5
7183,25.8193359375,116.51855468750003,216.0
7184,25.8193359375,116.52050781249997,205.5
7185,25.8193359375,116.5224609375,196.5
7186,25.8193359375,116.5244140625,185.0
7187,25.8193359375,116.5263671875,174.0
7188,25.8193359375,116.52832031250003,163.0
7189,25.8193359375,116.53027343749997,150.5
7190,25.8193359375,116.5322265625,137.0
7191,25.819335937499993,116.5341796875,128.5
7192,25.8193359375,116.53613281250003,120.5
7193,25.8193359375,116.53808593750003,124.5
7194,25.8193359375,116.54003906249997,110.5
7195,25.8193359375,116.54199218750003,99.5
7196,25.8193359375,116.5439453125,103.0
7197,25.8193359375,116.5458984375,100.5
7198,25.8193359375,116.54785156250003,98.5
7199,25.8193359375,116.54980468749997,99.0
7200,25.8193359375,116.5517578125,103.0
7201,25.819335937499993,116.5537109375,108.0
7202,25.8193359375,116.55566406250003,112.5
7203,25.8193359375,116.5576171875,119.5
7204,25.8193359375,116.5595703125,125.5
7205,25.8193359375,116.56152343750003,129.5
7206,25.8193359375,116.56347656250003,133.5
7207,25.8193359375,116.56542968749997,140.0
7208,25.8193359375,116.5673828125,149.0
7209,25.8193359375,116.5693359375,162.5
7210,25.8193359375,116.5712890625,174.5
7211,25.819335937499993,116.57324218749997,183.0
7212,25.8193359375,116.5751953125,200.5
7213,25.8193359375,116.5771484375,213.5
7214,25.8193359375,116.5791015625,225.5
7215,25.8193359375,116.58105468750003,237.0
7216,25.8193359375,116.58300781249997,246.5
7217,25.8193359375,116.58496093749997,264.5
7218,25.8193359375,116.58691406250003,282.5
7219,25.8193359375,116.5888671875,288.0
7220,25.8193359375,116.5908203125,295.5
7221,25.8193359375,116.59277343749997,305.5
7222,25.8193359375,116.5947265625,317.5
7223,25.8193359375,116.5966796875,326.0
7224,25.8193359375,116.5986328125,333.0
7225,25.819335937499993,116.60058593750003,337.5
7226,25.8193359375,116.6025390625,340.0
7227,25.8193359375,116.6044921875,340.5
7228,25.8193359375,116.60644531250003,339.0
7229,25.819335937499993,116.60839843750003,337.5
7230,25.8193359375,116.61035156250006,334.0
7231,25.8193359375,116.61230468749997,329.5
7232,25.8193359375,116.6142578125,325.0
7233,25.8193359375,116.6162109375,326.5
7234,25.8193359375,116.61816406249997,324.0
7235,25.8193359375,116.6201171875,320.0
7236,25.8193359375,116.6220703125,315.5
7237,25.819335937500004,116.62402343750003,313.5
7238,25.8193359375,116.62597656250003,307.0
7239,25.8193359375,116.62792968749997,309.5
7240,25.8193359375,116.62988281250006,304.5
7241,25.8193359375,116.63183593749997,300.0
7242,25.8193359375,116.6337890625,293.0
7243,25.8193359375,116.63574218749997,287.5
7244,25.8193359375,116.63769531249997,280.5
7245,25.8193359375,116.6396484375,274.5
7246,25.8193359375,116.6416015625,270.5
7247,25.8193359375,116.64355468750003,265.5
7248,25.8193359375,116.64550781250003,260.0
7249,25.8173828125,116.5009765625,289.5
7250,25.8173828125,116.50292968749997,287.0
7251,25.8173828125,116.5048828125,283.0
7252,25.8173828125,116.5068359375,278.0
7253,25.8173828125,116.50878906250003,273.0
7254,25.8173828125,116.51074218749997,260.5
7255,25.8173828125,116.5126953125,253.0
7256,25.8173828125,116.5146484375,246.5
7257,25.8173828125,116.51660156249997,235.5
7258,25.8173828125,116.51855468750003,228.0
7259,25.8173828125,116.52050781249997,219.5
7260,25.8173828125,116.5224609375,210.5
7261,25.8173828125,116.5244140625,199.5
7262,25.8173828125,116.5263671875,189.0
7263,25.8173828125,116.52832031250003,176.5
7264,25.8173828125,116.53027343749997,165.5
7265,25.8173828125,116.5322265625,155.0
7266,25.8173828125,116.5341796875,148.5
7267,25.8173828125,116.53613281250003,142.0
7268,25.8173828125,116.53808593750003,148.5
7269,25.8173828125,116.54003906249997,131.5
7270,25.8173828125,116.54199218750003,121.0
7271,25.8173828125,116.5439453125,123.5
7272,25.8173828125,116.5458984375,122.5
7273,25.8173828125,116.54785156250003,121.5
7274,25.8173828125,116.54980468749997,121.5
7275,25.8173828125,116.5517578125,123.5
7276,25.8173828125,116.5537109375,127.0
7277,25.8173828125,116.55566406250003,133.5
7278,25.8173828125,116.5576171875,140.5
7279,25.8173828125,116.5595703125,146.5
7280,25.8173828125,116.56152343750003,151.0
7281,25.8173828125,116.56347656250003,154.5
7282,25.8173828125,116.56542968749997,157.0
7283,25.8173828125,116.5673828125,170.0
7284,25.8173828125,116.5693359375,181.5
7285,25.8173828125,116.5712890625,192.0
7286,25.8173828125,116.57324218749997,207.0
7287,25.8173828125,116.5751953125,215.5
7288,25.8173828125,116.5771484375,231.0
7289,25.8173828125,116.5791015625,242.0
7290,25.8173828125,116.58105468750003,253.0
7291,25.8173828125,116.58300781249997,260.5
7292,25.8173828125,116.58496093749997,278.0
7293,25.8173828125,116.58691406250003,297.5
7294,25.8173828125,116.5888671875,300.0
7295,25.8173828125,116.5908203125,305.5
7296,25.8173828125,116.59277343749997,315.0
7297,25.8173828125,116.5947265625,326.5
7298,25.8173828125,116.5966796875,335.0
7299,25.8173828125,116.5986328125,340.0
7300,25.8173828125,116.60058593750003,344.5
7301,25.8173828125,116.6025390625,347.5
7302,25.8173828125,116.6044921875,348.0
7303,25.8173828125,116.60644531250003,346.0
7304,25.8173828125,116.60839843750003,344.0
7305,25.8173828125,116.61035156250006,342.0
7306,25.8173828125,116.61230468749997,339.5
7307,25.8173828125,116.6142578125,337.5
7308,25.8173828125,116.6162109375,340.5
7309,25.8173828125,116.61816406249997,334.5
7310,25.8173828125,116.6201171875,332.0
7311,25.8173828125,116.6220703125,328.5
7312,25.8173828125,116.62402343750003,326.5
7313,25.8173828125,116.62597656250003,323.5
7314,25.8173828125,116.62792968749997,320.5
7315,25.8173828125,116.62988281250006,318.5
7316,25.8173828125,116.63183593749997,315.0
7317,25.8173828125,116.6337890625,306.0
7318,25.8173828125,116.63574218749997,299.5
7319,25.8173828125,116.63769531249997,294.0
7320,25.8173828125,116.6396484375,288.5
7321,25.8173828125,116.6416015625,283.5
7322,25.8173828125,116.64355468750003,277.5
7323,25.8173828125,116.64550781250003,270.5
7324,25.815429687499993,116.5009765625,294.5
7325,25.815429687499993,116.50292968749997,290.5
7326,25.815429687499993,116.5048828125,288.0
7327,25.815429687499993,116.5068359375,283.0
7328,25.815429687499993,116.50878906250003,281.5
7329,25.815429687499993,116.51074218749997,268.0
7330,25.815429687499993,116.5126953125,262.0
7331,25.815429687499993,116.5146484375,257.0
7332,25.815429687499993,116.51660156249997,247.0
7333,25.815429687499993,116.51855468750003,240.5
7334,25.815429687499993,116.52050781249997,231.0
7335,25.815429687499993,116.5224609375,221.5
7336,25.815429687499993,116.5244140625,210.0
7337,25.815429687499993,116.5263671875,200.0
7338,25.815429687499993,116.52832031250003,188.0
7339,25.815429687499993,116.53027343749997,180.0
7340,25.815429687499993,116.5322265625,174.0
7341,25.815429687499993,116.5341796875,168.0
7342,25.815429687499993,116.53613281250003,161.5
7343,25.815429687499993,116.53808593750003,166.5
7344,25.815429687499993,116.54003906249997,153.0
7345,25.815429687499993,116.54199218750003,153.5
7346,25.815429687499993,116.5439453125,146.5
7347,25.815429687499993,116.5458984375,145.5
7348,25.815429687499993,116.54785156250003,145.0
7349,25.815429687499993,116.54980468749997,145.5
7350,25.815429687499993,116.5517578125,145.5
7351,25.815429687499993,116.5537109375,148.0
7352,25.815429687499993,116.55566406250003,155.0
7353,25.815429687499993,116.5576171875,161.5
7354,25.815429687499993,116.5595703125,166.5
7355,25.815429687499993,116.56152343750003,172.0
7356,25.815429687499993,116.56347656250003,175.5
7357,25.815429687499993,116.56542968749997,181.5
7358,25.815429687499993,116.5673828125,190.5
7359,25.815429687499993,116.5693359375,199.5
7360,25.815429687499993,116.5712890625,210.0
7361,25.815429687499993,116.57324218749997,233.5
7362,25.815429687499993,116.5751953125,232.0
7363,25.815429687499993,116.5771484375,246.0
7364,25.815429687499993,116.5791015625,258.5
7365,25.815429687499993,116.58105468750003,267.5
7366,25.815429687499993,116.58300781249997,278.0
7367,25.815429687499993,116.58496093749997,290.5
7368,25.815429687499993,116.58691406250003,312.0
7369,25.815429687499993,116.5888671875,312.0
7370,25.815429687499993,116.5908203125,319.5
7371,25.815429687499993,116.59277343749997,327.5
7372,25.815429687499993,116.5947265625,337.5
7373,25.815429687499993,116.5966796875,344.5
7374,25.815429687499993,116.5986328125,348.0
7375,25.815429687499993,116.60058593750003,350.0
7376,25.815429687499993,116.6025390625,352.5
7377,25.815429687499993,116.6044921875,353.0
7378,25.815429687499993,116.60644531250003,351.5
7379,25.815429687499993,116.60839843750003,349.5
7380,25.815429687499993,116.61035156250006,351.0
7381,25.815429687499993,116.61230468749997,351.5
7382,25.815429687499993,116.6142578125,351.5
7383,25.815429687499993,116.6162109375,352.0
7384,25.815429687499993,116.61816406249997,347.0
7385,25.815429687499993,116.6201171875,344.0
7386,25.815429687499993,116.6220703125,341.0
7387,25.815429687499993,116.62402343750003,338.5
7388,25.815429687499993,116.62597656250003,339.0
7389,25.815429687499993,116.62792968749997,324.0
7390,25.815429687499993,116.62988281250006,329.5
7391,25.815429687499993,116.63183593749997,326.0
7392,25.815429687499993,116.6337890625,319.0
7393,25.815429687499993,116.63574218749997,313.0
7394,25.815429687499993,116.63769531249997,306.5
7395,25.815429687499993,116.6396484375,302.5
7396,25.815429687499993,116.6416015625,296.0
7397,25.815429687499993,116.64355468750003,290.5
7398,25.815429687499993,116.64550781250003,283.5
7399,25.8134765625,116.5009765625,298.5
7400,25.813476562499993,116.50292968749997,293.0
7401,25.8134765625,116.5048828125,291.0
7402,25.8134765625,116.5068359375,289.5
7403,25.8134765625,116.50878906250003,287.0
7404,25.8134765625,116.51074218749997,286.0
7405,25.8134765625,116.5126953125,272.5
7406,25.8134765625,116.5146484375,268.0
7407,25.8134765625,116.51660156249997,260.0
7408,25.8134765625,116.51855468750003,251.5
7409,25.813476562499993,116.52050781249997,243.0
7410,25.8134765625,116.5224609375,235.0
7411,25.8134765625,116.5244140625,224.0
7412,25.8134765625,116.5263671875,213.5
7413,25.8134765625,116.52832031250003,205.0
7414,25.8134765625,116.53027343749997,199.0
7415,25.8134765625,116.5322265625,193.5
7416,25.8134765625,116.5341796875,188.5
7417,25.8134765625,116.53613281250003,181.0
7418,25.8134765625,116.53808593750003,178.0
7419,25.8134765625,116.54003906249997,176.0
7420,25.8134765625,116.54199218750003,178.5
7421,25.813476562499993,116.5439453125,170.0
7422,25.8134765625,116.5458984375,168.0
7423,25.813476562499993,116.54785156250003,166.5
7424,25.8134765625,116.54980468749997,166.5
7425,25.813476562499993,116.5517578125,167.5
7426,25.813476562499993,116.5537109375,171.5
7427,25.8134765625,116.55566406250003,177.5
7428,25.8134765625,116.5576171875,181.5
7429,25.8134765625,116.5595703125,186.5
7430,25.813476562499993,116.56152343750003,192.5
7431,25.8134765625,116.56347656250003,197.0
7432,25.813476562499993,116.56542968749997,202.0
7433,25.813476562499993,116.5673828125,208.0
7434,25.8134765625,116.5693359375,218.0
7435,25.813476562499993,116.5712890625,230.0
7436,25.8134765625,116.57324218749997,250.0
7437,25.8134765625,116.5751953125,246.5
7438,25.813476562499993,116.5771484375,260.0
7439,25.8134765625,116.5791015625,273.5
7440,25.8134765625,116.58105468750003,289.0
7441,25.813476562499993,116.58300781249997,293.0
7442,25.8134765625,116.58496093749997,308.0
7443,25.813476562499993,116.58691406250003,331.0
7444,25.8134765625,116.5888671875,328.0
7445,25.8134765625,116.5908203125,337.5
7446,25.8134765625,116.59277343749997,343.0
7447,25.8134765625,116.5947265625,349.0
7448,25.813476562499993,116.5966796875,354.0
7449,25.8134765625,116.5986328125,357.0
7450,25.8134765625,116.60058593750003,357.0
7451,25.8134765625,116.6025390625,357.0
7452,25.8134765625,116.6044921875,358.0
7453,25.8134765625,116.60644531250003,357.5
7454,25.8134765625,116.60839843750003,357.5
7455,25.813476562499993,116.61035156250006,360.0
7456,25.8134765625,116.61230468749997,361.5
7457,25.8134765625,116.6142578125,361.5
7458,25.8134765625,116.6162109375,364.0
7459,25.8134765625,116.61816406249997,358.5
7460,25.8134765625,116.6201171875,356.0
7461,25.813476562499993,116.6220703125,353.0
7462,25.8134765625,116.62402343750003,349.5
7463,25.8134765625,116.62597656250003,348.5
7464,25.8134765625,116.62792968749997,341.0
7465,25.8134765625,116.62988281250006,340.5
7466,25.813476562499993,116.63183593749997,337.0
7467,25.8134765625,116.6337890625,331.5
7468,25.8134765625,116.63574218749997,327.0
7469,25.8134765625,116.63769531249997,320.5
7470,25.8134765625,116.6396484375,316.0
7471,25.8134765625,116.6416015625,310.5
7472,25.8134765625,116.64355468750003,304.0
7473,25.813476562499993,116.64550781250003,299.0
7474,25.811523437499996,116.5009765625,303.5
7475,25.811523437499996,116.50292968749997,299.5
7476,25.811523437499996,116.5048828125,298.0
7477,25.811523437499996,116.5068359375,296.5
7478,25.811523437499996,116.50878906250003,292.0
7479,25.811523437500007,116.51074218749997,290.5
7480,25.811523437500007,116.5126953125,280.0
7481,25.811523437499996,116.5146484375,274.5
7482,25.811523437499996,116.51660156249997,269.5
7483,25.811523437499996,116.51855468750003,262.0
7484,25.811523437499996,116.52050781249997,256.0
7485,25.811523437500007,116.5224609375,250.0
7486,25.811523437500007,116.5244140625,239.0
7487,25.811523437500007,116.5263671875,229.0
7488,25.811523437500007,116.52832031250003,222.5
7489,25.811523437499996,116.53027343749997,217.5
7490,25.811523437500007,116.5322265625,210.5
7491,25.811523437499996,116.5341796875,207.0
7492,25.811523437500007,116.53613281250003,203.5
7493,25.811523437499996,116.53808593750003,198.5
7494,25.811523437499996,116.54003906249997,196.0
7495,25.811523437499996,116.54199218750003,200.0
7496,25.811523437499996,116.5439453125,191.5
7497,25.811523437499996,116.5458984375,187.0
7498,25.811523437499996,116.54785156250003,185.5
7499,25.811523437499996,116.54980468749997,187.5
7500,25.811523437499996,116.5517578125,190.0
7501,25.811523437499996,116.5537109375,195.0
7502,25.811523437500007,116.55566406250003,201.0
7503,25.811523437499996,116.5576171875,204.0
7504,25.811523437500007,116.5595703125,206.5
7505,25.811523437499996,116.56152343750003,212.0
7506,25.811523437499996,116.56347656250003,218.0
7507,25.811523437499996,116.56542968749997,224.0
7508,25.811523437499996,116.5673828125,229.0
7509,25.811523437499996,116.5693359375,238.0
7510,25.811523437499996,116.5712890625,248.5
7511,25.811523437499996,116.57324218749997,266.5
7512,25.811523437499996,116.5751953125,265.5
7513,25.811523437499996,116.5771484375,279.0
7514,25.811523437499996,116.5791015625,291.5
7515,25.811523437499996,116.58105468750003,311.5
7516,25.811523437499996,116.58300781249997,308.5
7517,25.811523437499996,116.58496093749997,327.0
7518,25.811523437499996,116.58691406250003,347.0
7519,25.811523437499996,116.5888671875,343.0
7520,25.811523437499996,116.5908203125,351.5
7521,25.811523437500007,116.59277343749997,356.0
7522,25.811523437500007,116.5947265625,358.5
7523,25.811523437499996,116.5966796875,361.0
7524,25.811523437499996,116.5986328125,362.5
7525,25.811523437499996,116.60058593750003,362.5
7526,25.811523437499996,116.6025390625,363.5
7527,25.811523437499996,116.6044921875,364.0
7528,25.811523437499996,116.60644531250003,361.0
7529,25.811523437499996,116.60839843750003,364.5
7530,25.811523437499996,116.61035156250006,366.5
7531,25.811523437499996,116.61230468749997,369.0
7532,25.811523437499996,116.6142578125,371.5
7533,25.811523437499996,116.6162109375,373.5
7534,25.811523437499996,116.61816406249997,371.0
7535,25.811523437500007,116.6201171875,369.0
7536,25.811523437499996,116.6220703125,365.0
7537,25.811523437500007,116.62402343750003,361.0
7538,25.811523437499996,116.62597656250003,357.0
7539,25.811523437499996,116.62792968749997,357.0
7540,25.811523437499996,116.62988281250006,352.5
7541,25.811523437499996,116.63183593749997,349.5
7542,25.811523437499996,116.6337890625,344.0
7543,25.811523437499996,116.63574218749997,339.0
7544,25.811523437500007,116.63769531249997,335.0
7545,25.811523437499996,116.6396484375,329.5
7546,25.811523437499996,116.6416015625,324.5
7547,25.811523437499996,116.64355468750003,318.0
7548,25.811523437499996,116.64550781250003,314.5
7549,25.809570312499996,116.5009765625,308.5
7550,25.8095703125,116.50292968749997,304.5
7551,25.809570312499996,116.5048828125,303.0
7552,25.809570312499996,116.5068359375,299.5
7553,25.809570312499996,116.50878906250003,289.5
7554,25.8095703125,116.51074218749997,289.0
7555,25.809570312499996,116.5126953125,283.5
7556,25.809570312499996,116.5146484375,281.0
7557,25.809570312499996,116.51660156249997,275.0
7558,25.809570312499996,116.51855468750003,268.0
7559,25.809570312499996,116.52050781249997,265.0
7560,25.809570312499996,116.5224609375,261.5
7561,25.809570312499996,116.5244140625,252.0
7562,25.809570312499996,116.5263671875,242.0
7563,25.809570312499996,116.52832031250003,234.5
7564,25.809570312499996,116.53027343749997,231.5
7565,25.809570312499996,116.5322265625,225.0
7566,25.809570312499996,116.5341796875,221.5
7567,25.809570312499996,116.53613281250003,224.0
7568,25.809570312499996,116.53808593750003,214.5
7569,25.809570312499996,116.54003906249997,213.5
7570,25.809570312499996,116.54199218750003,214.5
7571,25.809570312499996,116.5439453125,208.0
7572,25.809570312499996,116.5458984375,205.5
7573,25.809570312499996,116.54785156250003,203.0
7574,25.8095703125,116.54980468749997,207.0
7575,25.809570312499996,116.5517578125,211.5
7576,25.809570312499996,116.5537109375,215.5
7577,25.809570312499996,116.55566406250003,221.5
7578,25.809570312499996,116.5576171875,225.5
7579,25.809570312499996,116.5595703125,227.5
7580,25.809570312499996,116.56152343750003,232.5
7581,25.809570312499996,116.56347656250003,238.5
7582,25.809570312499986,116.56542968749997,246.0
7583,25.809570312499996,116.5673828125,248.5
7584,25.809570312499996,116.5693359375,257.0
7585,25.809570312499996,116.5712890625,265.5
7586,25.809570312499996,116.57324218749997,286.0
7587,25.809570312499996,116.5751953125,282.5
7588,25.809570312499996,116.5771484375,299.5
7589,25.809570312499996,116.5791015625,312.0
7590,25.809570312499996,116.58105468750003,328.0
7591,25.809570312499996,116.58300781249997,328.5
7592,25.809570312499996,116.58496093749997,345.5
7593,25.809570312499996,116.58691406250003,358.5
7594,25.809570312499996,116.5888671875,356.5
7595,25.809570312499996,116.5908203125,361.0
7596,25.809570312499996,116.59277343749997,363.0
7597,25.809570312499996,116.5947265625,366.5
7598,25.809570312499996,116.5966796875,367.0
7599,25.809570312499996,116.5986328125,366.5
7600,25.809570312499996,116.60058593750003,365.5
7601,25.809570312499996,116.6025390625,365.5
7602,25.809570312499996,116.6044921875,366.0
7603,25.809570312499996,116.60644531250003,364.5
7604,25.809570312499996,116.60839843750003,368.0
7605,25.809570312499996,116.61035156250006,371.0
7606,25.809570312499996,116.61230468749997,376.5
7607,25.809570312499996,116.6142578125,380.5
7608,25.809570312499996,116.6162109375,383.0
7609,25.809570312499996,116.61816406249997,382.5
7610,25.809570312499996,116.6201171875,380.5
7611,25.809570312499996,116.6220703125,376.5
7612,25.809570312499996,116.62402343750003,372.5
7613,25.809570312499996,116.62597656250003,371.0
7614,25.809570312499996,116.62792968749997,370.5
7615,25.809570312499996,116.62988281250006,367.0
7616,25.809570312499996,116.63183593749997,362.0
7617,25.809570312499996,116.6337890625,358.0
7618,25.809570312499996,116.63574218749997,352.0
7619,25.809570312499996,116.63769531249997,348.0
7620,25.809570312499996,116.6396484375,343.5
7621,25.809570312499996,116.6416015625,338.0
7622,25.809570312499996,116.64355468750003,332.0
7623,25.809570312499996,116.64550781250003,327.5
7624,25.807617187499996,116.5009765625,312.5
7625,25.807617187499996,116.50292968749997,305.5
7626,25.807617187499996,116.5048828125,303.5
7627,25.807617187499996,116.5068359375,301.0
7628,25.807617187499996,116.50878906250003,291.5
7629,25.807617187499996,116.51074218749997,292.5
7630,25.807617187499996,116.5126953125,288.0
7631,25.807617187499996,116.5146484375,286.5
7632,25.807617187499996,116.51660156249997,277.0
7633,25.807617187499996,116.51855468750003,271.0
7634,25.807617187499996,116.52050781249997,272.0
7635,25.807617187499996,116.5224609375,270.0
7636,25.807617187499996,116.5244140625,262.0
7637,25.807617187499996,116.5263671875,253.5
7638,25.807617187499996,116.52832031250003,244.0
7639,25.807617187499996,116.53027343749997,242.5
7640,25.807617187499996,116.5322265625,238.0
7641,25.807617187499996,116.5341796875,235.0
7642,25.807617187499996,116.53613281250003,238.5
7643,25.807617187499996,116.53808593750003,229.5
7644,25.807617187499996,116.54003906249997,227.5
7645,25.807617187499996,116.54199218750003,226.5
7646,25.807617187499996,116.5439453125,221.5
7647,25.807617187499996,116.5458984375,221.5
7648,25.807617187499996,116.54785156250003,222.5
7649,25.807617187499996,116.54980468749997,225.5
7650,25.807617187499996,116.5517578125,228.5
7651,25.807617187499996,116.5537109375,234.0
7652,25.807617187499996,116.55566406250003,240.0
7653,25.807617187499996,116.5576171875,245.5
7654,25.807617187499996,116.5595703125,249.5
7655,25.807617187499996,116.56152343750003,254.0
7656,25.807617187499996,116.56347656250003,260.0
7657,25.807617187499996,116.56542968749997,265.0
7658,25.807617187499996,116.5673828125,270.5
7659,25.807617187499996,116.5693359375,276.5
7660,25.807617187499996,116.5712890625,285.0
7661,25.807617187499996,116.57324218749997,308.0
7662,25.807617187499996,116.5751953125,304.0
7663,25.807617187499996,116.5771484375,319.5
7664,25.807617187499996,116.5791015625,332.5
7665,25.807617187499996,116.58105468750003,347.5
7666,25.807617187499996,116.58300781249997,343.0
7667,25.807617187499996,116.58496093749997,359.5
7668,25.807617187499996,116.58691406250003,367.5
7669,25.807617187499996,116.5888671875,363.5
7670,25.807617187499996,116.5908203125,368.5
7671,25.807617187499996,116.59277343749997,371.0
7672,25.807617187499996,116.5947265625,373.5
7673,25.807617187499996,116.5966796875,372.5
7674,25.807617187499996,116.5986328125,373.0
7675,25.807617187499996,116.60058593750003,372.0
7676,25.807617187499996,116.6025390625,367.5
7677,25.807617187499996,116.6044921875,363.5
7678,25.807617187499996,116.60644531250003,368.5
7679,25.807617187499996,116.60839843750003,372.5
7680,25.807617187499996,116.61035156250006,375.0
7681,25.807617187499996,116.61230468749997,381.5
7682,25.807617187499996,116.6142578125,387.5
7683,25.807617187499996,116.6162109375,391.0
7684,25.807617187499996,116.61816406249997,394.5
7685,25.807617187499996,116.6201171875,389.0
7686,25.807617187499996,116.6220703125,387.5
7687,25.807617187499996,116.62402343750003,385.5
7688,25.807617187499996,116.62597656250003,384.5
7689,25.807617187499996,116.62792968749997,384.5
7690,25.807617187499996,116.62988281250006,382.0
7691,25.807617187499996,116.63183593749997,375.0
7692,25.807617187499996,116.6337890625,371.0
7693,25.807617187499996,116.63574218749997,367.0
7694,25.807617187499996,116.63769531249997,362.0
7695,25.807617187499996,116.6396484375,357.5
7696,25.807617187499996,116.6416015625,353.0
7697,25.807617187499996,116.64355468750003,346.5
7698,25.807617187499996,116.64550781250003,339.5
7699,25.805664062499993,116.5009765625,315.5
7700,25.805664062499993,116.50292968749997,306.5
7701,25.805664062499993,116.5048828125,305.0
7702,25.805664062499993,116.5068359375,305.5
7703,25.805664062499993,116.50878906250003,299.0
7704,25.805664062499996,116.51074218749997,299.5
7705,25.805664062499993,116.5126953125,296.5
7706,25.805664062499993,116.5146484375,294.5
7707,25.805664062499993,116.51660156249997,287.5
7708,25.805664062499993,116.51855468750003,282.0
7709,25.805664062499993,116.52050781249997,280.0
7710,25.805664062499993,116.5224609375,278.0
7711,25.805664062499993,116.5244140625,272.5
7712,25.805664062499996,116.5263671875,266.5
7713,25.805664062499993,116.52832031250003,259.5
7714,25.805664062499993,116.53027343749997,258.0
7715,25.805664062499993,116.5322265625,255.0
7716,25.805664062499993,116.5341796875,249.0
7717,25.805664062499993,116.53613281250003,253.0
7718,25.805664062499993,116.53808593750003,245.0
7719,25.805664062499993,116.54003906249997,239.5
7720,25.805664062499993,116.54199218750003,240.5
7721,25.805664062499993,116.5439453125,234.0
7722,25.805664062499993,116.5458984375,235.0
7723,25.805664062499993,116.54785156250003,238.5
7724,25.805664062499993,116.54980468749997,242.0
7725,25.805664062499993,116.5517578125,244.0
7726,25.805664062499993,116.5537109375,251.0
7727,25.805664062499993,116.55566406250003,258.5
7728,25.805664062499993,116.5576171875,264.0
7729,25.805664062499993,116.5595703125,269.5
7730,25.805664062499993,116.56152343750003,275.5
7731,25.805664062499993,116.56347656250003,279.0
7732,25.805664062499993,116.56542968749997,281.5
7733,25.805664062499993,116.5673828125,286.5
7734,25.805664062499993,116.5693359375,296.5
7735,25.805664062499993,116.5712890625,307.0
7736,25.805664062499993,116.57324218749997,328.0
7737,25.805664062499993,116.5751953125,329.5
7738,25.805664062499993,116.5771484375,339.0
7739,25.805664062499993,116.5791015625,351.5
7740,25.805664062499996,116.58105468750003,364.5
7741,25.805664062499993,116.58300781249997,361.0
7742,25.805664062499993,116.58496093749997,369.0
7743,25.805664062499993,116.58691406250003,376.0
7744,25.805664062499993,116.5888671875,373.0
7745,25.805664062499993,116.5908203125,377.0
7746,25.805664062499993,116.59277343749997,380.5
7747,25.805664062499996,116.5947265625,379.0
7748,25.805664062499993,116.5966796875,378.0
7749,25.805664062499993,116.5986328125,379.0
7750,25.805664062499993,116.60058593750003,377.0
7751,25.805664062499993,116.6025390625,368.5
7752,25.805664062499993,116.6044921875,361.5
7753,25.805664062499993,116.60644531250003,370.0
7754,25.805664062499993,116.60839843750003,377.5
7755,25.805664062499993,116.61035156250006,381.5
7756,25.805664062499993,116.61230468749997,389.5
7757,25.805664062499993,116.6142578125,396.5
7758,25.805664062499993,116.6162109375,399.0
7759,25.805664062499993,116.61816406249997,401.5
7760,25.805664062499993,116.6201171875,399.5
7761,25.805664062499993,116.6220703125,400.0
7762,25.805664062499993,116.62402343750003,400.0
7763,25.805664062499996,116.62597656250003,398.0
7764,25.805664062499993,116.62792968749997,394.5
7765,25.805664062499993,116.62988281250006,395.0
7766,25.805664062499993,116.63183593749997,389.0
7767,25.805664062499996,116.6337890625,384.5
7768,25.805664062499993,116.63574218749997,382.5
7769,25.805664062499993,116.63769531249997,377.5
7770,25.805664062499996,116.6396484375,372.5
7771,25.805664062499993,116.6416015625,368.5
7772,25.805664062499993,116.64355468750003,361.5
7773,25.805664062499993,116.64550781250003,352.0
7774,25.803710937499996,116.5009765625,317.0
7775,25.803710937499996,116.50292968749997,309.5
7776,25.803710937499996,116.5048828125,307.0
7777,25.803710937499996,116.5068359375,311.0
7778,25.803710937499996,116.50878906250003,305.0
7779,25.803710937499996,116.51074218749997,305.0
7780,25.803710937499996,116.5126953125,303.5
7781,25.803710937499996,116.5146484375,301.5
7782,25.803710937499996,116.51660156249997,299.0
7783,25.803710937499996,116.51855468750003,295.0
7784,25.803710937499996,116.52050781249997,290.0
7785,25.803710937499996,116.5224609375,286.0
7786,25.803710937499996,116.5244140625,282.5
7787,25.803710937499996,116.5263671875,280.5
7788,25.803710937499996,116.52832031250003,275.5
7789,25.8037109375,116.53027343749997,272.0
7790,25.803710937499996,116.5322265625,270.0
7791,25.803710937499996,116.5341796875,262.5
7792,25.803710937499996,116.53613281250003,266.0
7793,25.803710937499996,116.53808593750003,254.5
7794,25.803710937499996,116.54003906249997,247.5
7795,25.803710937499996,116.54199218750003,250.5
7796,25.803710937499996,116.5439453125,246.5
7797,25.803710937499996,116.5458984375,248.5
7798,25.803710937499996,116.54785156250003,254.0
7799,25.803710937499996,116.54980468749997,258.5
7800,25.803710937499996,116.5517578125,260.5
7801,25.803710937499996,116.5537109375,267.5
7802,25.803710937499996,116.55566406250003,275.0
7803,25.803710937499996,116.5576171875,280.5
7804,25.803710937499996,116.5595703125,286.0
7805,25.803710937499996,116.56152343750003,291.5
7806,25.803710937499996,116.56347656250003,294.0
7807,25.803710937499996,116.56542968749997,299.5
7808,25.803710937499996,116.5673828125,309.5
7809,25.803710937499996,116.5693359375,318.0
7810,25.803710937499996,116.5712890625,330.0
7811,25.803710937499996,116.57324218749997,348.5
7812,25.803710937499996,116.5751953125,348.5
7813,25.803710937499996,116.5771484375,356.5
7814,25.803710937499996,116.5791015625,367.5
7815,25.803710937499996,116.58105468750003,375.0
7816,25.803710937499996,116.58300781249997,371.5
7817,25.8037109375,116.58496093749997,379.5
7818,25.803710937499996,116.58691406250003,384.5
7819,25.8037109375,116.5888671875,383.5
7820,25.803710937499996,116.5908203125,387.0
7821,25.803710937499996,116.59277343749997,387.5
7822,25.803710937499996,116.5947265625,385.5
7823,25.803710937499996,116.5966796875,383.0
7824,25.803710937499996,116.5986328125,382.5
7825,25.803710937499996,116.60058593750003,380.0
7826,25.803710937499996,116.6025390625,377.0
7827,25.803710937499996,116.6044921875,373.5
7828,25.803710937499996,116.60644531250003,378.0
7829,25.803710937499996,116.60839843750003,384.5
7830,25.803710937499996,116.61035156250006,387.0
7831,25.803710937499996,116.61230468749997,394.0
7832,25.803710937499996,116.6142578125,401.0
7833,25.803710937499996,116.6162109375,404.0
7834,25.803710937499996,116.61816406249997,407.0
7835,25.803710937499996,116.6201171875,409.5
7836,25.803710937499996,116.6220703125,411.5
7837,25.803710937499996,116.62402343750003,411.5
7838,25.8037109375,116.62597656250003,408.0
7839,25.803710937499996,116.62792968749997,405.0
7840,25.803710937499996,116.62988281250006,404.0
7841,25.803710937499996,116.63183593749997,401.0
7842,25.803710937499996,116.6337890625,397.5
7843,25.803710937499996,116.63574218749997,396.0
7844,25.803710937499996,116.63769531249997,393.0
7845,25.803710937499996,116.6396484375,388.0
7846,25.803710937499996,116.6416015625,382.0
7847,25.803710937499996,116.64355468750003,374.0
7848,25.803710937499996,116.64550781250003,364.0
7849,25.8017578125,116.5009765625,322.0
7850,25.8017578125,116.50292968749997,317.0
7851,25.801757812499996,116.5048828125,314.5
7852,25.801757812499996,116.5068359375,317.0
7853,25.801757812499996,116.50878906250003,317.0
7854,25.801757812499996,116.51074218749997,313.5
7855,25.801757812499996,116.5126953125,308.5
7856,25.801757812499996,116.5146484375,306.5
7857,25.801757812499996,116.51660156249997,305.0
7858,25.801757812499996,116.51855468750003,304.0
7859,25.801757812499996,116.52050781249997,302.0
7860,25.8017578125,116.5224609375,298.0
7861,25.801757812499996,116.5244140625,294.5
7862,25.801757812499996,116.5263671875,292.5
7863,25.801757812499996,116.52832031250003,287.5
7864,25.8017578125,116.53027343749997,283.0
7865,25.801757812499996,116.5322265625,280.5
7866,25.801757812499996,116.5341796875,273.0
7867,25.801757812499996,116.53613281250003,277.0
7868,25.8017578125,116.53808593750003,266.5
7869,25.801757812499996,116.54003906249997,262.0
7870,25.801757812499996,116.54199218750003,260.0
7871,25.801757812499996,116.5439453125,258.5
7872,25.801757812499996,116.5458984375,259.5
7873,25.801757812499996,116.54785156250003,266.5
7874,25.8017578125,116.54980468749997,272.0
7875,25.801757812499996,116.5517578125,274.5
7876,25.801757812499996,116.5537109375,282.5
7877,25.8017578125,116.55566406250003,290.5
7878,25.801757812499996,116.5576171875,296.5
7879,25.801757812499996,116.5595703125,301.5
7880,25.801757812499996,116.56152343750003,305.5
7881,25.8017578125,116.56347656250003,307.5
7882,25.801757812499996,116.56542968749997,314.0
7883,25.801757812499996,116.5673828125,327.5
7884,25.8017578125,116.5693359375,337.5
7885,25.801757812499996,116.5712890625,350.5
7886,25.801757812499996,116.57324218749997,369.0
7887,25.801757812499996,116.5751953125,369.0
7888,25.801757812499996,116.5771484375,372.5
7889,25.801757812499996,116.5791015625,379.0
7890,25.801757812499996,116.58105468750003,385.5
7891,25.801757812499996,116.58300781249997,386.0
7892,25.801757812499996,116.58496093749997,391.5
7893,25.801757812499996,116.58691406250003,394.5
7894,25.801757812499996,116.5888671875,391.0
7895,25.801757812499996,116.5908203125,393.5
7896,25.801757812499996,116.59277343749997,391.0
7897,25.801757812499996,116.5947265625,390.5
7898,25.801757812499996,116.5966796875,388.0
7899,25.801757812499996,116.5986328125,387.0
7900,25.801757812499996,116.60058593750003,385.5
7901,25.801757812499996,116.6025390625,385.5
7902,25.801757812499996,116.6044921875,385.5
7903,25.801757812499996,116.60644531250003,387.0
7904,25.801757812499996,116.60839843750003,389.5
7905,25.801757812499996,116.61035156250006,391.0
7906,25.8017578125,116.61230468749997,396.5
7907,25.801757812499996,116.6142578125,403.0
7908,25.801757812499996,116.6162109375,408.5
7909,25.801757812499996,116.61816406249997,410.5
7910,25.8017578125,116.6201171875,416.0
7911,25.801757812499996,116.6220703125,418.0
7912,25.801757812499996,116.62402343750003,418.5
7913,25.8017578125,116.62597656250003,417.5
7914,25.801757812499996,116.62792968749997,416.5
7915,25.8017578125,116.62988281250006,415.0
7916,25.801757812499996,116.63183593749997,413.5
7917,25.801757812499996,116.6337890625,412.0
7918,25.801757812499996,116.63574218749997,411.0
7919,25.8017578125,116.63769531249997,408.5
7920,25.8017578125,116.6396484375,404.0
7921,25.8017578125,116.6416015625,395.0
7922,25.801757812499996,116.64355468750003,385.5
7923,25.8017578125,116.64550781250003,376.0
7924,25.799804687499993,116.5009765625,328.5
7925,25.799804687499993,116.50292968749997,320.5
7926,25.799804687499993,116.5048828125,316.0
7927,25.799804687499993,116.5068359375,315.5
7928,25.799804687499993,116.50878906250003,314.5
7929,25.799804687499993,116.51074218749997,314.5
7930,25.799804687499993,116.5126953125,315.5
7931,25.799804687499993,116.5146484375,315.0
7932,25.799804687499993,116.51660156249997,310.5
7933,25.799804687499993,116.51855468750003,310.5
7934,25.799804687499993,116.52050781249997,312.5
7935,25.799804687499993,116.5224609375,309.0
7936,25.799804687499993,116.5244140625,306.0
7937,25.7998046875,116.5263671875,304.5
7938,25.799804687499993,116.52832031250003,298.5
7939,25.7998046875,116.53027343749997,293.5
7940,25.7998046875,116.5322265625,289.5
7941,25.799804687499993,116.5341796875,289.0
7942,25.799804687499993,116.53613281250003,286.5
7943,25.799804687499993,116.53808593750003,280.0
7944,25.799804687499993,116.54003906249997,277.0
7945,25.799804687499993,116.54199218750003,270.0
7946,25.799804687499993,116.5439453125,270.5
7947,25.799804687499993,116.5458984375,270.5
7948,25.799804687499993,116.54785156250003,277.0
7949,25.799804687499993,116.54980468749997,283.5
7950,25.799804687499993,116.5517578125,288.5
7951,25.799804687499993,116.5537109375,297.0
7952,25.799804687499993,116.55566406250003,304.0
7953,25.799804687499993,116.5576171875,310.0
7954,25.799804687499993,116.5595703125,316.0
7955,25.799804687499993,116.56152343750003,321.0
7956,25.799804687499993,116.56347656250003,322.0
7957,25.799804687499993,116.56542968749997,326.0
7958,25.799804687499993,116.5673828125,340.0
7959,25.799804687499993,116.5693359375,350.5
7960,25.799804687499993,116.5712890625,364.0
7961,25.799804687499993,116.57324218749997,380.0
7962,25.799804687499993,116.5751953125,386.0
7963,25.799804687499993,116.5771484375,388.0
7964,25.799804687499993,116.5791015625,390.0
7965,25.799804687499993,116.58105468750003,396.0
7966,25.799804687499993,116.58300781249997,398.5
7967,25.7998046875,116.58496093749997,401.0
7968,25.799804687499993,116.58691406250003,403.0
7969,25.7998046875,116.5888671875,401.0
7970,25.799804687499993,116.5908203125,401.0
7971,25.799804687499993,116.59277343749997,397.0
7972,25.7998046875,116.5947265625,395.0
7973,25.799804687499993,116.5966796875,393.5
7974,25.799804687499993,116.5986328125,392.0
7975,25.799804687499993,116.60058593750003,391.0
7976,25.799804687499993,116.6025390625,390.0
7977,25.7998046875,116.6044921875,389.5
7978,25.799804687499993,116.60644531250003,391.5
7979,25.799804687499993,116.60839843750003,392.0
7980,25.799804687499993,116.61035156250006,394.5
7981,25.7998046875,116.61230468749997,402.0
7982,25.799804687499993,116.6142578125,405.5
7983,25.799804687499993,116.6162109375,413.0
7984,25.799804687499993,116.61816406249997,415.5
7985,25.7998046875,116.6201171875,421.0
7986,25.799804687499993,116.6220703125,424.0
7987,25.7998046875,116.62402343750003,425.5
7988,25.799804687499993,116.62597656250003,427.5
7989,25.799804687499993,116.62792968749997,425.5
7990,25.799804687499993,116.62988281250006,426.0
7991,25.799804687499993,116.63183593749997,424.0
7992,25.7998046875,116.6337890625,422.5
7993,25.799804687499993,116.63574218749997,422.5
7994,25.7998046875,116.63769531249997,421.0
7995,25.7998046875,116.6396484375,416.0
7996,25.799804687499993,116.6416015625,407.0
7997,25.799804687499993,116.64355468750003,396.0
7998,25.799804687499993,116.64550781250003,387.0
7999,25.797851562499993,116.5009765625,329.5
8000,25.797851562499993,116.50292968749997,322.5
8001,25.797851562500004,116.5048828125,316.0
8002,25.797851562500004,116.5068359375,314.5
8003,25.797851562499993,116.50878906250003,313.5
8004,25.797851562500004,116.51074218749997,314.5
8005,25.797851562499993,116.5126953125,318.5
8006,25.797851562499993,116.5146484375,318.0
8007,25.797851562499993,116.51660156249997,317.0
8008,25.797851562499993,116.51855468750003,318.0
8009,25.797851562499993,116.52050781249997,317.0
8010,25.797851562499993,116.5224609375,314.5
8011,25.797851562499993,116.5244140625,314.5
8012,25.797851562499993,116.5263671875,313.5
8013,25.797851562499993,116.52832031250003,307.0
8014,25.797851562499993,116.53027343749997,301.5
8015,25.797851562499993,116.5322265625,298.5
8016,25.797851562499993,116.5341796875,300.5
8017,25.797851562500004,116.53613281250003,296.0
8018,25.797851562499993,116.53808593750003,289.0
8019,25.797851562499993,116.54003906249997,284.5
8020,25.797851562499993,116.54199218750003,285.5
8021,25.797851562499993,116.5439453125,279.5
8022,25.797851562499993,116.5458984375,280.0
8023,25.797851562499993,116.54785156250003,287.5
8024,25.797851562500004,116.54980468749997,294.0
8025,25.797851562499993,116.5517578125,301.5
8026,25.797851562499993,116.5537109375,309.5
8027,25.797851562499993,116.55566406250003,315.5
8028,25.797851562499993,116.5576171875,320.0
8029,25.797851562500004,116.5595703125,327.5
8030,25.797851562499993,116.56152343750003,333.0
8031,25.797851562500004,116.56347656250003,334.0
8032,25.797851562499993,116.56542968749997,335.5
8033,25.797851562499993,116.5673828125,348.5
8034,25.797851562499993,116.5693359375,359.5
8035,25.797851562499993,116.5712890625,373.0
8036,25.797851562499993,116.57324218749997,391.5
8037,25.797851562499993,116.5751953125,395.5
8038,25.797851562499993,116.5771484375,400.5
8039,25.797851562499993,116.5791015625,403.5
8040,25.797851562499993,116.58105468750003,406.0
8041,25.797851562499993,116.58300781249997,407.5
8042,25.797851562499993,116.58496093749997,410.0
8043,25.797851562499993,116.58691406250003,412.0
8044,25.797851562499993,116.5888671875,412.0
8045,25.797851562500004,116.5908203125,409.0
8046,25.797851562499993,116.59277343749997,405.0
8047,25.797851562499993,116.5947265625,401.0
8048,25.797851562499993,116.5966796875,400.0
8049,25.797851562499993,116.5986328125,396.5
8050,25.797851562499993,116.60058593750003,395.5
8051,25.797851562499993,116.6025390625,394.0
8052,25.797851562499993,116.6044921875,392.5
8053,25.797851562499993,116.60644531250003,393.5
8054,25.797851562499993,116.60839843750003,390.0
8055,25.797851562499993,116.61035156250006,392.5
8056,25.797851562500004,116.61230468749997,402.0
8057,25.797851562500004,116.6142578125,408.0
8058,25.797851562499993,116.6162109375,414.5
8059,25.797851562499993,116.61816406249997,418.0
8060,25.797851562499993,116.6201171875,423.5
8061,25.797851562499993,116.6220703125,429.0
8062,25.797851562499993,116.62402343750003,432.5
8063,25.797851562500004,116.62597656250003,435.5
8064,25.797851562499993,116.62792968749997,434.0
8065,25.797851562499993,116.62988281250006,435.5
8066,25.797851562499993,116.63183593749997,432.5
8067,25.797851562499993,116.6337890625,429.5
8068,25.797851562499993,116.63574218749997,429.5
8069,25.797851562499993,116.63769531249997,430.0
8070,25.797851562500004,116.6396484375,426.0
8071,25.797851562499993,116.6416015625,418.0
8072,25.797851562499993,116.64355468750003,408.0
8073,25.797851562499993,116.64550781250003,398.5
8074,25.7958984375,116.5009765625,328.5
8075,25.795898437499996,116.50292968749997,326.0
8076,25.795898437499996,116.5048828125,323.0
8077,25.7958984375,116.5068359375,321.5
8078,25.795898437499996,116.50878906250003,316.5
8079,25.795898437499996,116.51074218749997,319.0
8080,25.7958984375,116.5126953125,321.0
8081,25.7958984375,116.5146484375,321.0
8082,25.795898437499996,116.51660156249997,324.5
8083,25.795898437499996,116.51855468750003,325.5
8084,25.7958984375,116.52050781249997,322.5
8085,25.795898437499996,116.5224609375,321.0
8086,25.7958984375,116.5244140625,321.5
8087,25.7958984375,116.5263671875,319.5
8088,25.795898437499996,116.52832031250003,317.0
8089,25.7958984375,116.53027343749997,312.0
8090,25.795898437499996,116.5322265625,308.5
8091,25.795898437499996,116.5341796875,305.0
8092,25.7958984375,116.53613281250003,302.0
8093,25.795898437499996,116.53808593750003,296.5
8094,25.7958984375,116.54003906249997,290.5
8095,25.795898437499996,116.54199218750003,290.5
8096,25.795898437499996,116.5439453125,285.0
8097,25.795898437499996,116.5458984375,289.0
8098,25.795898437499996,116.54785156250003,295.0
8099,25.795898437499996,116.54980468749997,302.5
8100,25.795898437499996,116.5517578125,310.0
8101,25.7958984375,116.5537109375,319.0
8102,25.795898437499996,116.55566406250003,326.0
8103,25.795898437499996,116.5576171875,331.5
8104,25.795898437499996,116.5595703125,340.0
8105,25.7958984375,116.56152343750003,345.0
8106,25.795898437499996,116.56347656250003,347.0
8107,25.795898437499996,116.56542968749997,348.5
8108,25.795898437499996,116.5673828125,356.5
8109,25.7958984375,116.5693359375,367.0
8110,25.7958984375,116.5712890625,381.0
8111,25.795898437499996,116.57324218749997,398.0
8112,25.7958984375,116.5751953125,402.5
8113,25.795898437499996,116.5771484375,409.5
8114,25.795898437499996,116.5791015625,413.0
8115,25.795898437499996,116.58105468750003,417.5
8116,25.7958984375,116.58300781249997,418.5
8117,25.7958984375,116.58496093749997,419.5
8118,25.795898437499996,116.58691406250003,421.0
8119,25.795898437499996,116.5888671875,420.0
8120,25.795898437499996,116.5908203125,416.0
8121,25.7958984375,116.59277343749997,412.5
8122,25.7958984375,116.5947265625,406.0
8123,25.795898437499996,116.5966796875,403.0
8124,25.7958984375,116.5986328125,399.5
8125,25.795898437499996,116.60058593750003,396.5
8126,25.795898437499996,116.6025390625,396.5
8127,25.7958984375,116.6044921875,394.5
8128,25.795898437499996,116.60644531250003,391.0
8129,25.795898437499996,116.60839843750003,388.0
8130,25.795898437499996,116.61035156250006,388.5
8131,25.7958984375,116.61230468749997,398.0
8132,25.7958984375,116.6142578125,405.5
8133,25.7958984375,116.6162109375,417.0
8134,25.795898437499996,116.61816406249997,419.0
8135,25.7958984375,116.6201171875,426.5
8136,25.795898437499996,116.6220703125,432.5
8137,25.795898437499996,116.62402343750003,438.0
8138,25.7958984375,116.62597656250003,441.5
8139,25.795898437499996,116.62792968749997,440.5
8140,25.795898437499996,116.62988281250006,442.5
8141,25.795898437499996,116.63183593749997,438.5
8142,25.7958984375,116.6337890625,434.5
8143,25.795898437499996,116.63574218749997,436.0
8144,25.7958984375,116.63769531249997,437.0
8145,25.795898437499996,116.6396484375,434.5
8146,25.795898437499996,116.6416015625,427.5
8147,25.795898437499996,116.64355468750003,418.5
8148,25.795898437499996,116.64550781250003,409.0
8149,25.793945312499996,116.5009765625,333.0
8150,25.793945312499996,116.50292968749997,330.5
8151,25.793945312499996,116.5048828125,327.5
8152,25.793945312499996,116.5068359375,326.5
8153,25.793945312499996,116.50878906250003,326.0
8154,25.793945312499996,116.51074218749997,329.0
8155,25.793945312499996,116.5126953125,326.5
8156,25.793945312499996,116.5146484375,326.5
8157,25.793945312499996,116.51660156249997,331.0
8158,25.793945312499996,116.51855468750003,331.5
8159,25.793945312499996,116.52050781249997,329.0
8160,25.7939453125,116.5224609375,329.0
8161,25.7939453125,116.5244140625,330.5
8162,25.793945312499996,116.5263671875,327.0
8163,25.793945312499996,116.52832031250003,324.5
8164,25.793945312499996,116.53027343749997,322.5
8165,25.793945312499996,116.5322265625,315.5
8166,25.793945312499996,116.5341796875,307.5
8167,25.793945312499996,116.53613281250003,303.5
8168,25.793945312499996,116.53808593750003,300.0
8169,25.793945312499996,116.54003906249997,297.5
8170,25.793945312499996,116.54199218750003,294.5
8171,25.793945312499996,116.5439453125,289.5
8172,25.793945312499996,116.5458984375,293.5
8173,25.793945312499996,116.54785156250003,300.0
8174,25.793945312499996,116.54980468749997,307.5
8175,25.793945312499996,116.5517578125,315.0
8176,25.793945312499996,116.5537109375,324.0
8177,25.793945312499996,116.55566406250003,335.0
8178,25.793945312499996,116.5576171875,341.5
8179,25.793945312499996,116.5595703125,349.5
8180,25.793945312499996,116.56152343750003,355.5
8181,25.793945312499996,116.56347656250003,358.0
8182,25.793945312499996,116.56542968749997,361.5
8183,25.793945312499996,116.5673828125,369.0
8184,25.793945312499996,116.5693359375,373.0
8185,25.793945312499996,116.5712890625,389.0
8186,25.793945312499996,116.57324218749997,409.5
8187,25.793945312499996,116.5751953125,414.0
8188,25.793945312499996,116.5771484375,421.5
8189,25.793945312499996,116.5791015625,423.5
8190,25.793945312499996,116.58105468750003,426.5
8191,25.793945312499996,116.58300781249997,427.5
8192,25.793945312499996,116.58496093749997,427.0
8193,25.793945312499996,116.58691406250003,427.0
8194,25.793945312499996,116.5888671875,426.0
8195,25.7939453125,116.5908203125,420.5
8196,25.793945312499996,116.59277343749997,418.0
8197,25.793945312499996,116.5947265625,412.5
8198,25.793945312499996,116.5966796875,407.5
8199,25.793945312499996,116.5986328125,403.0
8200,25.793945312499996,116.60058593750003,399.0
8201,25.793945312499996,116.6025390625,398.0
8202,25.793945312499996,116.6044921875,396.0
8203,25.793945312499996,116.60644531250003,391.0
8204,25.793945312499996,116.60839843750003,388.5
8205,25.793945312499996,116.61035156250006,390.0
8206,25.793945312499996,116.61230468749997,399.0
8207,25.793945312499996,116.6142578125,404.5
8208,25.793945312499996,116.6162109375,419.0
8209,25.793945312499996,116.61816406249997,421.5
8210,25.7939453125,116.6201171875,429.0
8211,25.793945312499996,116.6220703125,436.5
8212,25.793945312499996,116.62402343750003,443.0
8213,25.793945312499996,116.62597656250003,445.5
8214,25.793945312499996,116.62792968749997,446.5
8215,25.793945312499996,116.62988281250006,448.0
8216,25.793945312499996,116.63183593749997,446.0
8217,25.793945312499996,116.6337890625,443.0
8218,25.793945312499996,116.63574218749997,443.0
8219,25.793945312499996,116.63769531249997,441.5
8220,25.793945312499996,116.6396484375,438.5
8221,25.793945312499996,116.6416015625,434.0
8222,25.793945312499996,116.64355468750003,427.0
8223,25.793945312499996,116.64550781250003,418.0
8224,25.791992187499996,116.5009765625,337.0
8225,25.791992187499996,116.50292968749997,335.5
8226,25.791992187499996,116.5048828125,332.5
8227,25.791992187499996,116.5068359375,329.5
8228,25.791992187499996,116.50878906250003,333.0
8229,25.791992187500004,116.51074218749997,335.5
8230,25.791992187499996,116.5126953125,335.0
8231,25.791992187499996,116.5146484375,333.5
8232,25.791992187499996,116.51660156249997,337.5
8233,25.791992187499996,116.51855468750003,337.5
8234,25.791992187499996,116.52050781249997,335.5
8235,25.791992187500004,116.5224609375,334.5
8236,25.791992187499996,116.5244140625,336.5
8237,25.791992187500004,116.5263671875,333.5
8238,25.791992187499996,116.52832031250003,329.0
8239,25.791992187499996,116.53027343749997,325.5
8240,25.791992187499996,116.5322265625,317.0
8241,25.791992187499996,116.5341796875,309.5
8242,25.791992187499996,116.53613281250003,305.0
8243,25.791992187500004,116.53808593750003,301.5
8244,25.791992187499996,116.54003906249997,301.0
8245,25.791992187499996,116.54199218750003,299.5
8246,25.791992187500004,116.5439453125,294.0
8247,25.791992187499996,116.5458984375,296.5
8248,25.791992187499996,116.54785156250003,303.5
8249,25.791992187499996,116.54980468749997,312.0
8250,25.791992187499996,116.5517578125,320.5
8251,25.791992187499996,116.5537109375,330.5
8252,25.791992187499996,116.55566406250003,341.5
8253,25.791992187499996,116.5576171875,349.0
8254,25.791992187499996,116.5595703125,356.0
8255,25.791992187499996,116.56152343750003,364.0
8256,25.791992187499996,116.56347656250003,370.5
8257,25.791992187499996,116.56542968749997,377.5
8258,25.791992187499996,116.5673828125,385.0
8259,25.791992187499996,116.5693359375,387.0
8260,25.791992187499996,116.5712890625,398.0
8261,25.791992187499996,116.57324218749997,416.0
8262,25.791992187499996,116.5751953125,421.5
8263,25.791992187499996,116.5771484375,429.5
8264,25.791992187500004,116.5791015625,431.5
8265,25.791992187499996,116.58105468750003,432.0
8266,25.791992187499996,116.58300781249997,432.5
8267,25.791992187499996,116.58496093749997,431.0
8268,25.791992187499996,116.58691406250003,430.5
8269,25.791992187500004,116.5888671875,429.5
8270,25.791992187500004,116.5908203125,425.5
8271,25.791992187499996,116.59277343749997,420.0
8272,25.791992187499996,116.5947265625,413.5
8273,25.791992187499996,116.5966796875,411.0
8274,25.791992187499996,116.5986328125,404.5
8275,25.791992187499996,116.60058593750003,401.5
8276,25.791992187499996,116.6025390625,400.0
8277,25.791992187499996,116.6044921875,397.0
8278,25.791992187499996,116.60644531250003,393.5
8279,25.791992187499996,116.60839843750003,391.5
8280,25.791992187499996,116.61035156250006,394.0
8281,25.791992187499996,116.61230468749997,401.0
8282,25.791992187499996,116.6142578125,406.5
8283,25.791992187499996,116.6162109375,420.0
8284,25.791992187499996,116.61816406249997,421.5
8285,25.791992187499996,116.6201171875,431.0
8286,25.791992187499996,116.6220703125,436.0
8287,25.791992187499996,116.62402343750003,442.5
8288,25.791992187500004,116.62597656250003,447.5
8289,25.791992187499996,116.62792968749997,449.5
8290,25.791992187499996,116.62988281250006,449.0
8291,25.791992187499996,116.63183593749997,449.5
8292,25.791992187499996,116.6337890625,449.5
8293,25.791992187499996,116.63574218749997,450.0
8294,25.791992187499996,116.63769531249997,446.0
8295,25.791992187500004,116.6396484375,441.5
8296,25.791992187499996,116.6416015625,438.5
8297,25.791992187499996,116.64355468750003,433.5
8298,25.791992187499996,116.64550781250003,424.5
8299,25.790039062499993,116.5009765625,339.0
8300,25.790039062499993,116.50292968749997,338.5
8301,25.7900390625,116.5048828125,336.5
8302,25.790039062499993,116.5068359375,335.5
8303,25.7900390625,116.50878906250003,342.5
8304,25.7900390625,116.51074218749997,342.5
8305,25.790039062499993,116.5126953125,344.0
8306,25.7900390625,116.5146484375,343.0
8307,25.790039062499993,116.51660156249997,343.5
8308,25.790039062499993,116.51855468750003,342.0
8309,25.7900390625,116.52050781249997,338.5
8310,25.7900390625,116.5224609375,333.5
8311,25.7900390625,116.5244140625,334.5
8312,25.7900390625,116.5263671875,335.0
8313,25.790039062499993,116.52832031250003,332.5
8314,25.7900390625,116.53027343749997,328.0
8315,25.790039062499993,116.5322265625,321.5
8316,25.790039062499993,116.5341796875,314.0
8317,25.790039062499993,116.53613281250003,309.0
8318,25.790039062499993,116.53808593750003,302.0
8319,25.790039062499993,116.54003906249997,302.0
8320,25.790039062499993,116.54199218750003,304.0
8321,25.790039062499993,116.5439453125,301.5
8322,25.790039062499993,116.5458984375,302.0
8323,25.790039062499993,116.54785156250003,309.5
8324,25.7900390625,116.54980468749997,318.5
8325,25.790039062499993,116.5517578125,328.0
8326,25.790039062499993,116.5537109375,336.0
8327,25.790039062499993,116.55566406250003,344.5
8328,25.7900390625,116.5576171875,353.0
8329,25.790039062499993,116.5595703125,362.0
8330,25.7900390625,116.56152343750003,371.5
8331,25.790039062499993,116.56347656250003,382.5
8332,25.790039062499993,116.56542968749997,394.0
8333,25.7900390625,116.5673828125,401.5
8334,25.7900390625,116.5693359375,402.5
8335,25.790039062499993,116.5712890625,410.5
8336,25.790039062499993,116.57324218749997,421.0
8337,25.790039062499993,116.5751953125,426.5
8338,25.790039062499993,116.5771484375,430.0
8339,25.790039062499993,116.5791015625,434.5
8340,25.7900390625,116.58105468750003,436.0
8341,25.7900390625,116.58300781249997,436.0
8342,25.7900390625,116.58496093749997,433.0
8343,25.790039062499993,116.58691406250003,431.5
8344,25.7900390625,116.5888671875,430.5
8345,25.7900390625,116.5908203125,428.0
8346,25.790039062499993,116.59277343749997,419.0
8347,25.7900390625,116.5947265625,409.5
8348,25.7900390625,116.5966796875,410.0
8349,25.790039062499993,116.5986328125,407.0
8350,25.790039062499993,116.60058593750003,405.0
8351,25.790039062499993,116.6025390625,404.5
8352,25.7900390625,116.6044921875,400.5
8353,25.790039062499993,116.60644531250003,397.5
8354,25.790039062499993,116.60839843750003,396.5
8355,25.790039062499993,116.61035156250006,397.5
8356,25.7900390625,116.61230468749997,401.5
8357,25.7900390625,116.6142578125,409.5
8358,25.790039062499993,116.6162109375,420.0
8359,25.790039062499993,116.61816406249997,423.0
8360,25.790039062499993,116.6201171875,433.0
8361,25.790039062499993,116.6220703125,437.0
8362,25.7900390625,116.62402343750003,441.5
8363,25.7900390625,116.62597656250003,449.5
8364,25.790039062499993,116.62792968749997,450.5
8365,25.790039062499993,116.62988281250006,449.5
8366,25.790039062499993,116.63183593749997,450.0
8367,25.7900390625,116.6337890625,451.0
8368,25.790039062499993,116.63574218749997,451.5
8369,25.7900390625,116.63769531249997,449.5
8370,25.790039062499993,116.6396484375,445.0
8371,25.7900390625,116.6416015625,440.5
8372,25.790039062499993,116.64355468750003,436.5
8373,25.790039062499993,116.64550781250003,429.0
8374,25.7880859375,116.5009765625,338.5
8375,25.7880859375,116.50292968749997,339.5
8376,25.7880859375,116.5048828125,339.0
8377,25.788085937500004,116.5068359375,342.0
8378,25.7880859375,116.50878906250003,352.0
8379,25.7880859375,116.51074218749997,349.5
8380,25.7880859375,116.5126953125,350.5
8381,25.7880859375,116.5146484375,350.0
8382,25.7880859375,116.51660156249997,348.5
8383,25.7880859375,116.51855468750003,346.0
8384,25.7880859375,116.52050781249997,340.0
8385,25.7880859375,116.5224609375,334.0
8386,25.7880859375,116.5244140625,333.5
8387,25.7880859375,116.5263671875,336.5
8388,25.7880859375,116.52832031250003,338.0
8389,25.7880859375,116.53027343749997,333.5
8390,25.7880859375,116.5322265625,328.0
8391,25.7880859375,116.5341796875,321.5
8392,25.7880859375,116.53613281250003,315.5
8393,25.7880859375,116.53808593750003,305.0
8394,25.7880859375,116.54003906249997,302.5
8395,25.7880859375,116.54199218750003,305.5
8396,25.7880859375,116.5439453125,304.5
8397,25.7880859375,116.5458984375,305.5
8398,25.7880859375,116.54785156250003,314.0
8399,25.7880859375,116.54980468749997,321.0
8400,25.7880859375,116.5517578125,328.0
8401,25.7880859375,116.5537109375,335.5
8402,25.7880859375,116.55566406250003,345.0
8403,25.7880859375,116.5576171875,355.5
8404,25.7880859375,116.5595703125,367.5
8405,25.7880859375,116.56152343750003,379.0
8406,25.7880859375,116.56347656250003,390.5
8407,25.78808593749999,116.56542968749997,403.0
8408,25.7880859375,116.5673828125,413.5
8409,25.7880859375,116.5693359375,414.5
8410,25.7880859375,116.5712890625,422.0
8411,25.7880859375,116.57324218749997,428.5
8412,25.7880859375,116.5751953125,432.5
8413,25.7880859375,116.5771484375,433.0
8414,25.7880859375,116.5791015625,437.0
8415,25.7880859375,116.58105468750003,438.5
8416,25.7880859375,116.58300781249997,438.0
8417,25.7880859375,116.58496093749997,434.5
8418,25.7880859375,116.58691406250003,432.0
8419,25.7880859375,116.5888671875,431.0
8420,25.7880859375,116.5908203125,429.5
8421,25.7880859375,116.59277343749997,421.5
8422,25.788085937500004,116.5947265625,415.0
8423,25.7880859375,116.5966796875,411.5
8424,25.7880859375,116.5986328125,409.5
8425,25.7880859375,116.60058593750003,407.5
8426,25.7880859375,116.6025390625,405.5
8427,25.7880859375,116.6044921875,402.0
8428,25.7880859375,116.60644531250003,399.5
8429,25.7880859375,116.60839843750003,399.0
8430,25.7880859375,116.61035156250006,399.0
8431,25.7880859375,116.61230468749997,403.0
8432,25.7880859375,116.6142578125,410.0
8433,25.7880859375,116.6162109375,421.5
8434,25.7880859375,116.61816406249997,425.0
8435,25.7880859375,116.6201171875,434.0
8436,25.7880859375,116.6220703125,437.0
8437,25.7880859375,116.62402343750003,436.5
8438,25.7880859375,116.62597656250003,446.5
8439,25.7880859375,116.62792968749997,451.5
8440,25.7880859375,116.62988281250006,452.5
8441,25.78808593749999,116.63183593749997,452.0
8442,25.7880859375,116.6337890625,451.5
8443,25.7880859375,116.63574218749997,451.0
8444,25.7880859375,116.63769531249997,451.0
8445,25.7880859375,116.6396484375,447.0
8446,25.7880859375,116.6416015625,440.5
8447,25.78808593749999,116.64355468750003,438.0
8448,25.7880859375,116.64550781250003,434.0
8449,25.786132812499993,116.5009765625,333.0
8450,25.786132812499993,116.50292968749997,335.0
8451,25.786132812499993,116.5048828125,338.0
8452,25.786132812499993,116.5068359375,344.0
8453,25.786132812499993,116.50878906250003,354.5
8454,25.786132812499993,116.51074218749997,355.0
8455,25.786132812499993,116.5126953125,355.0
8456,25.786132812499993,116.5146484375,354.5
8457,25.786132812499993,116.51660156249997,353.5
8458,25.786132812499993,116.51855468750003,350.0
8459,25.786132812499993,116.52050781249997,344.0
8460,25.786132812499993,116.5224609375,340.0
8461,25.7861328125,116.5244140625,338.5
8462,25.786132812499993,116.5263671875,339.0
8463,25.786132812499993,116.52832031250003,341.0
8464,25.786132812499993,116.53027343749997,337.0
8465,25.7861328125,116.5322265625,333.0
8466,25.786132812499993,116.5341796875,326.5
8467,25.786132812499993,116.53613281250003,322.0
8468,25.786132812499993,116.53808593750003,312.0
8469,25.786132812499993,116.54003906249997,306.5
8470,25.786132812499993,116.54199218750003,305.5
8471,25.786132812499993,116.5439453125,307.5
8472,25.786132812499993,116.5458984375,315.5
8473,25.786132812499993,116.54785156250003,320.0
8474,25.786132812499993,116.54980468749997,324.0
8475,25.786132812499993,116.5517578125,328.5
8476,25.786132812499993,116.5537109375,335.5
8477,25.786132812499993,116.55566406250003,345.0
8478,25.786132812499993,116.5576171875,356.5
8479,25.7861328125,116.5595703125,369.5
8480,25.786132812499993,116.56152343750003,383.5
8481,25.786132812499993,116.56347656250003,395.0
8482,25.786132812499993,116.56542968749997,407.0
8483,25.786132812499993,116.5673828125,419.5
8484,25.786132812499993,116.5693359375,421.0
8485,25.786132812499993,116.5712890625,427.0
8486,25.786132812499993,116.57324218749997,433.5
8487,25.786132812499993,116.5751953125,436.0
8488,25.786132812499993,116.5771484375,437.0
8489,25.786132812499993,116.5791015625,439.5
8490,25.7861328125,116.58105468750003,441.0
8491,25.786132812499993,116.58300781249997,440.0
8492,25.786132812499993,116.58496093749997,436.5
8493,25.786132812499993,116.58691406250003,433.0
8494,25.786132812499993,116.5888671875,430.5
8495,25.786132812499993,116.5908203125,430.0
8496,25.786132812499993,116.59277343749997,422.5
8497,25.786132812499993,116.5947265625,418.0
8498,25.786132812499993,116.5966796875,412.0
8499,25.786132812499993,116.5986328125,407.5
8500,25.786132812499993,116.60058593750003,404.5
8501,25.786132812499993,116.6025390625,402.0
8502,25.786132812499993,116.6044921875,400.0
8503,25.786132812499993,116.60644531250003,398.0
8504,25.786132812499993,116.60839843750003,398.5
8505,25.786132812499993,116.61035156250006,401.0
8506,25.786132812499993,116.61230468749997,405.5
8507,25.786132812499993,116.6142578125,410.5
8508,25.786132812499993,116.6162109375,421.5
8509,25.786132812499993,116.61816406249997,424.5
8510,25.786132812499993,116.6201171875,431.5
8511,25.786132812499993,116.6220703125,436.5
8512,25.7861328125,116.62402343750003,436.5
8513,25.786132812499993,116.62597656250003,444.5
8514,25.786132812499993,116.62792968749997,449.5
8515,25.786132812499993,116.62988281250006,451.5
8516,25.786132812499993,116.63183593749997,452.0
8517,25.786132812499993,116.6337890625,452.0
8518,25.786132812499993,116.63574218749997,451.5
8519,25.786132812499993,116.63769531249997,449.5
8520,25.786132812499993,116.6396484375,446.0
8521,25.786132812499993,116.6416015625,441.5
8522,25.786132812499993,116.64355468750003,439.5
8523,25.786132812499993,116.64550781250003,437.5
8524,25.784179687499996,116.5009765625,330.0
8525,25.784179687499996,116.50292968749997,332.5
8526,25.7841796875,116.5048828125,338.0
8527,25.784179687499996,116.5068359375,343.5
8528,25.784179687499996,116.50878906250003,356.0
8529,25.784179687499996,116.51074218749997,356.5
8530,25.784179687499996,116.5126953125,359.5
8531,25.784179687499996,116.5146484375,357.5
8532,25.784179687499996,116.51660156249997,358.0
8533,25.784179687499996,116.51855468750003,355.5
8534,25.784179687499996,116.52050781249997,351.5
8535,25.784179687499996,116.5224609375,348.0
8536,25.784179687499996,116.5244140625,345.5
8537,25.784179687499996,116.5263671875,343.0
8538,25.784179687499996,116.52832031250003,341.5
8539,25.784179687499996,116.53027343749997,337.5
8540,25.7841796875,116.5322265625,334.0
8541,25.784179687499996,116.5341796875,327.5
8542,25.784179687499996,116.53613281250003,323.5
8543,25.784179687499996,116.53808593750003,317.5
8544,25.784179687499996,116.54003906249997,312.5
8545,25.784179687499996,116.54199218750003,311.0
8546,25.784179687499996,116.5439453125,316.5
8547,25.784179687499996,116.5458984375,323.5
8548,25.784179687499996,116.54785156250003,325.5
8549,25.784179687499996,116.54980468749997,330.5
8550,25.784179687499996,116.5517578125,336.0
8551,25.784179687499996,116.5537109375,342.0
8552,25.784179687499996,116.55566406250003,351.0
8553,25.784179687499996,116.5576171875,362.5
8554,25.784179687499996,116.5595703125,373.0
8555,25.784179687499996,116.56152343750003,385.5
8556,25.784179687499996,116.56347656250003,398.5
8557,25.784179687499993,116.56542968749997,410.5
8558,25.784179687499996,116.5673828125,420.0
8559,25.784179687499996,116.5693359375,424.5
8560,25.784179687499996,116.5712890625,430.0
8561,25.784179687499996,116.57324218749997,434.5
8562,25.784179687499996,116.5751953125,438.5
8563,25.784179687499996,116.5771484375,440.5
8564,25.784179687499996,116.5791015625,441.5
8565,25.784179687499996,116.58105468750003,442.5
8566,25.784179687499996,116.58300781249997,441.5
8567,25.784179687499996,116.58496093749997,439.0
8568,25.784179687499996,116.58691406250003,432.0
8569,25.784179687499996,116.5888671875,428.5
8570,25.784179687499996,116.5908203125,426.0
8571,25.784179687499996,116.59277343749997,420.0
8572,25.784179687499996,116.5947265625,415.5
8573,25.784179687499996,116.5966796875,409.0
8574,25.784179687499996,116.5986328125,405.0
8575,25.784179687499993,116.60058593750003,402.0
8576,25.784179687499996,116.6025390625,400.0
8577,25.784179687499996,116.6044921875,396.5
8578,25.784179687499996,116.60644531250003,396.5
8579,25.784179687499996,116.60839843750003,398.0
8580,25.784179687499993,116.61035156250006,401.0
8581,25.784179687499996,116.61230468749997,406.5
8582,25.784179687499996,116.6142578125,411.5
8583,25.784179687499996,116.6162109375,422.5
8584,25.784179687499996,116.61816406249997,424.5
8585,25.784179687499996,116.6201171875,431.5
8586,25.784179687499996,116.6220703125,437.5
8587,25.784179687499996,116.62402343750003,440.0
8588,25.784179687499996,116.62597656250003,446.5
8589,25.784179687499996,116.62792968749997,445.5
8590,25.784179687499996,116.62988281250006,448.0
8591,25.784179687499996,116.63183593749997,451.0
8592,25.784179687499996,116.6337890625,452.0
8593,25.784179687499996,116.63574218749997,451.0
8594,25.784179687499996,116.63769531249997,445.5
8595,25.784179687499996,116.6396484375,442.0
8596,25.784179687499996,116.6416015625,441.0
8597,25.784179687499996,116.64355468750003,440.0
8598,25.784179687499996,116.64550781250003,437.0
8599,25.782226562499993,116.5009765625,330.0
8600,25.782226562499993,116.50292968749997,334.0
8601,25.782226562499993,116.5048828125,339.5
8602,25.782226562499996,116.5068359375,347.0
8603,25.782226562499993,116.50878906250003,358.5
8604,25.782226562499996,116.51074218749997,357.5
8605,25.782226562499993,116.5126953125,363.5
8606,25.782226562499996,116.5146484375,361.5
8607,25.782226562499993,116.51660156249997,361.0
8608,25.782226562499993,116.51855468750003,360.0
8609,25.782226562499993,116.52050781249997,357.5
8610,25.782226562499996,116.5224609375,351.0
8611,25.782226562499993,116.5244140625,346.5
8612,25.782226562499993,116.5263671875,344.0
8613,25.782226562499993,116.52832031250003,339.0
8614,25.782226562499996,116.53027343749997,335.0
8615,25.782226562499996,116.5322265625,333.5
8616,25.782226562499993,116.5341796875,326.5
8617,25.782226562499993,116.53613281250003,323.5
8618,25.782226562499996,116.53808593750003,321.0
8619,25.782226562499993,116.54003906249997,319.0
8620,25.782226562499993,116.54199218750003,318.0
8621,25.782226562499993,116.5439453125,321.5
8622,25.782226562499993,116.5458984375,326.5
8623,25.782226562499993,116.54785156250003,331.5
8624,25.782226562499996,116.54980468749997,338.0
8625,25.782226562499993,116.5517578125,347.0
8626,25.782226562499993,116.5537109375,353.5
8627,25.782226562499993,116.55566406250003,362.5
8628,25.782226562499993,116.5576171875,375.0
8629,25.782226562499993,116.5595703125,384.0
8630,25.782226562499996,116.56152343750003,392.0
8631,25.782226562499993,116.56347656250003,403.0
8632,25.782226562499993,116.56542968749997,414.0
8633,25.782226562499993,116.5673828125,425.0
8634,25.782226562499993,116.5693359375,429.5
8635,25.782226562499993,116.5712890625,432.5
8636,25.782226562499993,116.57324218749997,435.0
8637,25.782226562499993,116.5751953125,439.5
8638,25.782226562499993,116.5771484375,441.5
8639,25.782226562499993,116.5791015625,442.5
8640,25.782226562499996,116.58105468750003,441.5
8641,25.782226562499993,116.58300781249997,441.0
8642,25.782226562499996,116.58496093749997,440.0
8643,25.782226562499993,116.58691406250003,429.0
8644,25.782226562499996,116.5888671875,427.5
8645,25.782226562499996,116.5908203125,421.5
8646,25.782226562499993,116.59277343749997,417.5
8647,25.782226562499993,116.5947265625,410.0
8648,25.782226562499993,116.5966796875,402.5
8649,25.782226562499993,116.5986328125,399.5
8650,25.782226562499993,116.60058593750003,398.0
8651,25.782226562499993,116.6025390625,395.5
8652,25.782226562499993,116.6044921875,391.5
8653,25.782226562499996,116.60644531250003,394.5
8654,25.782226562499993,116.60839843750003,397.0
8655,25.782226562499993,116.61035156250006,399.5
8656,25.782226562499993,116.61230468749997,404.5
8657,25.782226562499993,116.6142578125,410.5
8658,25.782226562499993,116.6162109375,418.0
8659,25.782226562499993,116.61816406249997,422.0
8660,25.782226562499996,116.6201171875,429.5
8661,25.782226562499993,116.6220703125,436.0
8662,25.782226562499993,116.62402343750003,439.0
8663,25.782226562499996,116.62597656250003,444.0
8664,25.782226562499993,116.62792968749997,444.5
8665,25.782226562499993,116.62988281250006,447.5
8666,25.782226562499993,116.63183593749997,448.0
8667,25.782226562499993,116.6337890625,447.5
8668,25.782226562499993,116.63574218749997,445.5
8669,25.782226562499993,116.63769531249997,440.5
8670,25.782226562499993,116.6396484375,439.5
8671,25.782226562499993,116.6416015625,439.0
8672,25.782226562499993,116.64355468750003,436.5
8673,25.782226562499993,116.64550781250003,433.5
8674,25.780273437499993,116.5009765625,327.5
8675,25.780273437499993,116.50292968749997,331.5
8676,25.780273437499993,116.5048828125,339.5
8677,25.780273437499993,116.5068359375,350.5
8678,25.780273437499993,116.50878906250003,361.5
8679,25.780273437499993,116.51074218749997,360.5
8680,25.780273437499993,116.5126953125,364.0
8681,25.780273437499993,116.5146484375,365.0
8682,25.780273437499993,116.51660156249997,362.5
8683,25.780273437499993,116.51855468750003,359.5
8684,25.780273437499993,116.52050781249997,356.0
8685,25.780273437499993,116.5224609375,349.0
8686,25.780273437499993,116.5244140625,345.5
8687,25.780273437499993,116.5263671875,343.0
8688,25.780273437499993,116.52832031250003,337.5
8689,25.780273437499993,116.53027343749997,333.0
8690,25.780273437499993,116.5322265625,330.5
8691,25.780273437499993,116.5341796875,325.5
8692,25.780273437499993,116.53613281250003,325.5
8693,25.780273437499993,116.53808593750003,323.0
8694,25.780273437499993,116.54003906249997,322.5
8695,25.780273437499993,116.54199218750003,321.0
8696,25.780273437499993,116.5439453125,321.0
8697,25.780273437499993,116.5458984375,328.0
8698,25.780273437499993,116.54785156250003,336.0
8699,25.780273437499993,116.54980468749997,345.5
8700,25.780273437499993,116.5517578125,358.0
8701,25.780273437499993,116.5537109375,364.0
8702,25.780273437499993,116.55566406250003,371.0
8703,25.780273437499993,116.5576171875,383.0
8704,25.780273437499993,116.5595703125,392.0
8705,25.780273437499993,116.56152343750003,401.0
8706,25.780273437499993,116.56347656250003,411.5
8707,25.780273437499993,116.56542968749997,420.0
8708,25.780273437499993,116.5673828125,432.0
8709,25.780273437499993,116.5693359375,434.0
8710,25.780273437499993,116.5712890625,435.5
8711,25.780273437499993,116.57324218749997,437.0
8712,25.780273437499993,116.5751953125,437.5
8713,25.780273437499993,116.5771484375,440.0
8714,25.780273437499993,116.5791015625,441.0
8715,25.780273437499993,116.58105468750003,440.0
8716,25.780273437499993,116.58300781249997,439.0
8717,25.780273437499993,116.58496093749997,436.5
8718,25.780273437499993,116.58691406250003,428.0
8719,25.780273437499993,116.5888671875,425.0
8720,25.780273437499993,116.5908203125,418.0
8721,25.780273437499993,116.59277343749997,413.0
8722,25.780273437499993,116.5947265625,404.0
8723,25.780273437499993,116.5966796875,397.5
8724,25.780273437499993,116.5986328125,393.0
8725,25.780273437499993,116.60058593750003,391.5
8726,25.780273437499993,116.6025390625,390.0
8727,25.780273437499993,116.6044921875,388.5
8728,25.780273437499993,116.60644531250003,392.5
8729,25.780273437499993,116.60839843750003,395.0
8730,25.780273437499993,116.61035156250006,397.5
8731,25.780273437499993,116.61230468749997,401.5
8732,25.780273437499993,116.6142578125,409.0
8733,25.780273437499993,116.6162109375,418.0
8734,25.780273437499993,116.61816406249997,418.0
8735,25.780273437499993,116.6201171875,425.5
8736,25.780273437499993,116.6220703125,432.5
8737,25.780273437499993,116.62402343750003,437.5
8738,25.780273437499993,116.62597656250003,441.5
8739,25.780273437499993,116.62792968749997,443.5
8740,25.780273437499993,116.62988281250006,445.0
8741,25.780273437499993,116.63183593749997,445.5
8742,25.780273437499993,116.6337890625,445.0
8743,25.780273437499993,116.63574218749997,441.5
8744,25.780273437499993,116.63769531249997,437.0
8745,25.780273437499993,116.6396484375,436.0
8746,25.780273437499993,116.6416015625,435.0
8747,25.780273437499993,116.64355468750003,431.5
8748,25.780273437499993,116.64550781250003,430.0
8749,25.778320312499996,116.5009765625,329.5
8750,25.778320312499996,116.50292968749997,335.0
8751,25.778320312499996,116.5048828125,343.0
8752,25.778320312499996,116.5068359375,351.5
8753,25.778320312499996,116.50878906250003,364.5
8754,25.778320312499996,116.51074218749997,363.5
8755,25.778320312499996,116.5126953125,364.0
8756,25.778320312499996,116.5146484375,365.0
8757,25.778320312499996,116.51660156249997,361.5
8758,25.778320312499996,116.51855468750003,356.0
8759,25.778320312499996,116.52050781249997,352.0
8760,25.778320312499996,116.5224609375,348.0
8761,25.778320312499996,116.5244140625,346.5
8762,25.778320312499996,116.5263671875,341.5
8763,25.778320312499996,116.52832031250003,335.0
8764,25.778320312500004,116.53027343749997,330.5
8765,25.778320312499996,116.5322265625,329.5
8766,25.778320312499996,116.5341796875,326.5
8767,25.778320312499996,116.53613281250003,325.5
8768,25.778320312499996,116.53808593750003,324.5
8769,25.778320312499996,116.54003906249997,321.5
8770,25.778320312499996,116.54199218750003,323.5
8771,25.778320312499996,116.5439453125,323.0
8772,25.778320312499996,116.5458984375,330.5
8773,25.778320312499996,116.54785156250003,337.5
8774,25.778320312499996,116.54980468749997,348.5
8775,25.778320312499996,116.5517578125,363.0
8776,25.778320312499996,116.5537109375,370.5
8777,25.778320312499996,116.55566406250003,377.5
8778,25.778320312499996,116.5576171875,389.0
8779,25.778320312500004,116.5595703125,397.5
8780,25.778320312499996,116.56152343750003,408.5
8781,25.778320312499996,116.56347656250003,419.0
8782,25.778320312499993,116.56542968749997,426.5
8783,25.778320312499996,116.5673828125,435.5
8784,25.778320312499996,116.5693359375,438.0
8785,25.778320312499996,116.5712890625,439.5
8786,25.778320312499996,116.57324218749997,438.0
8787,25.778320312499996,116.5751953125,437.5
8788,25.778320312499996,116.5771484375,435.0
8789,25.778320312499996,116.5791015625,435.5
8790,25.778320312499996,116.58105468750003,435.5
8791,25.778320312499996,116.58300781249997,436.5
8792,25.778320312500004,116.58496093749997,430.5
8793,25.778320312499996,116.58691406250003,425.5
8794,25.778320312500004,116.5888671875,421.5
8795,25.778320312500004,116.5908203125,413.0
8796,25.778320312499996,116.59277343749997,405.5
8797,25.778320312500004,116.5947265625,398.5
8798,25.778320312499996,116.5966796875,393.5
8799,25.778320312499996,116.5986328125,390.0
8800,25.778320312499996,116.60058593750003,387.0
8801,25.778320312499996,116.6025390625,385.0
8802,25.778320312499996,116.6044921875,385.5
8803,25.778320312499996,116.60644531250003,388.5
8804,25.778320312499996,116.60839843750003,394.0
8805,25.778320312499996,116.61035156250006,398.5
8806,25.778320312499996,116.61230468749997,401.5
8807,25.778320312499996,116.6142578125,407.0
8808,25.778320312499996,116.6162109375,415.0
8809,25.778320312499996,116.61816406249997,419.0
8810,25.778320312499996,116.6201171875,424.5
8811,25.778320312499996,116.6220703125,430.5
8812,25.778320312499996,116.62402343750003,435.0
8813,25.778320312499996,116.62597656250003,434.0
8814,25.778320312499996,116.62792968749997,437.5
8815,25.778320312499996,116.62988281250006,439.0
8816,25.778320312499996,116.63183593749997,440.5
8817,25.778320312499996,116.6337890625,440.5
8818,25.778320312499996,116.63574218749997,438.0
8819,25.778320312499996,116.63769531249997,435.0
8820,25.778320312499996,116.6396484375,432.0
8821,25.778320312499996,116.6416015625,429.0
8822,25.778320312499996,116.64355468750003,427.5
8823,25.778320312499996,116.64550781250003,426.0
8824,25.776367187499996,116.5009765625,338.0
8825,25.776367187499996,116.50292968749997,342.0
8826,25.7763671875,116.5048828125,349.5
8827,25.776367187499996,116.5068359375,356.5
8828,25.776367187499996,116.50878906250003,366.5
8829,25.776367187499996,116.51074218749997,367.0
8830,25.776367187499996,116.5126953125,367.5
8831,25.776367187499996,116.5146484375,365.5
8832,25.776367187499996,116.51660156249997,361.5
8833,25.776367187499996,116.51855468750003,355.0
8834,25.776367187499996,116.52050781249997,349.0
8835,25.776367187499996,116.5224609375,345.0
8836,25.776367187499996,116.5244140625,342.0
8837,25.776367187499996,116.5263671875,334.0
8838,25.776367187499996,116.52832031250003,327.0
8839,25.7763671875,116.53027343749997,324.5
8840,25.776367187499996,116.5322265625,328.5
8841,25.776367187499996,116.5341796875,325.0
8842,25.776367187499996,116.53613281250003,327.5
8843,25.776367187499996,116.53808593750003,326.5
8844,25.776367187499996,116.54003906249997,324.5
8845,25.776367187499996,116.54199218750003,329.5
8846,25.776367187499996,116.5439453125,329.0
8847,25.776367187499996,116.5458984375,340.0
8848,25.776367187499996,116.54785156250003,346.5
8849,25.7763671875,116.54980468749997,354.0
8850,25.776367187499996,116.5517578125,364.0
8851,25.776367187499996,116.5537109375,374.5
8852,25.776367187499996,116.55566406250003,384.5
8853,25.776367187499996,116.5576171875,394.5
8854,25.776367187499996,116.5595703125,402.5
8855,25.776367187499996,116.56152343750003,413.5
8856,25.776367187499996,116.56347656250003,423.5
8857,25.776367187499996,116.56542968749997,431.5
8858,25.776367187499996,116.5673828125,441.0
8859,25.776367187499996,116.5693359375,442.0
8860,25.776367187499996,116.5712890625,445.0
8861,25.776367187499996,116.57324218749997,441.5
8862,25.776367187499996,116.5751953125,440.0
8863,25.776367187499996,116.5771484375,434.5
8864,25.776367187499996,116.5791015625,432.0
8865,25.776367187499996,116.58105468750003,433.5
8866,25.776367187499996,116.58300781249997,434.0
8867,25.776367187499996,116.58496093749997,429.5
8868,25.776367187499996,116.58691406250003,423.5
8869,25.776367187499996,116.5888671875,420.0
8870,25.776367187499996,116.5908203125,411.0
8871,25.776367187499996,116.59277343749997,403.5
8872,25.776367187499996,116.5947265625,398.5
8873,25.776367187499996,116.5966796875,394.0
8874,25.776367187499996,116.5986328125,391.5
8875,25.776367187499996,116.60058593750003,388.5
8876,25.776367187499996,116.6025390625,386.5
8877,25.776367187499996,116.6044921875,386.5
8878,25.776367187499996,116.60644531250003,388.0
8879,25.776367187499996,116.60839843750003,395.0
8880,25.776367187499996,116.61035156250006,400.5
8881,25.776367187499996,116.61230468749997,402.0
8882,25.776367187499996,116.6142578125,406.5
8883,25.776367187499996,116.6162109375,412.5
8884,25.776367187499996,116.61816406249997,416.5
8885,25.776367187499996,116.6201171875,423.5
8886,25.776367187499996,116.6220703125,428.0
8887,25.776367187499996,116.62402343750003,432.0
8888,25.776367187499996,116.62597656250003,433.0
8889,25.776367187499996,116.62792968749997,433.0
8890,25.776367187499996,116.62988281250006,434.0
8891,25.776367187499996,116.63183593749997,434.0
8892,25.776367187499996,116.6337890625,433.0
8893,25.776367187499996,116.63574218749997,431.0
8894,25.776367187499996,116.63769531249997,430.0
8895,25.776367187499996,116.6396484375,426.5
8896,25.776367187499996,116.6416015625,424.0
8897,25.776367187499996,116.64355468750003,423.0
8898,25.776367187499996,116.64550781250003,422.0
8899,25.774414062499996,116.5009765625,348.5
8900,25.774414062499996,116.50292968749997,350.5
8901,25.774414062499996,116.5048828125,357.5
8902,25.774414062499996,116.5068359375,363.0
8903,25.774414062499996,116.50878906250003,369.5
8904,25.774414062499996,116.51074218749997,369.5
8905,25.774414062499996,116.5126953125,370.5
8906,25.774414062499996,116.5146484375,365.0
8907,25.774414062499996,116.51660156249997,362.5
8908,25.774414062499996,116.51855468750003,356.5
8909,25.774414062499996,116.52050781249997,349.5
8910,25.774414062499996,116.5224609375,345.0
8911,25.774414062499996,116.5244140625,339.5
8912,25.774414062499996,116.5263671875,333.0
8913,25.774414062499996,116.52832031250003,327.0
8914,25.774414062499996,116.53027343749997,324.5
8915,25.774414062499996,116.5322265625,327.5
8916,25.774414062499996,116.5341796875,330.5
8917,25.774414062499996,116.53613281250003,330.0
8918,25.774414062499996,116.53808593750003,328.0
8919,25.774414062499996,116.54003906249997,328.0
8920,25.774414062499996,116.54199218750003,333.5
8921,25.774414062499996,116.5439453125,335.5
8922,25.774414062499996,116.5458984375,349.0
8923,25.774414062499996,116.54785156250003,355.5
8924,25.774414062499996,116.54980468749997,359.0
8925,25.774414062499996,116.5517578125,368.0
8926,25.774414062499996,116.5537109375,378.5
8927,25.774414062499996,116.55566406250003,388.0
8928,25.774414062499996,116.5576171875,399.0
8929,25.774414062499996,116.5595703125,406.5
8930,25.774414062499996,116.56152343750003,416.5
8931,25.774414062499996,116.56347656250003,427.0
8932,25.774414062499996,116.56542968749997,437.0
8933,25.774414062499996,116.5673828125,446.0
8934,25.774414062499996,116.5693359375,447.5
8935,25.774414062499996,116.5712890625,449.5
8936,25.774414062499996,116.57324218749997,446.0
8937,25.774414062499996,116.5751953125,444.5
8938,25.774414062499996,116.5771484375,438.0
8939,25.774414062499996,116.5791015625,434.5
8940,25.774414062499996,116.58105468750003,432.5
8941,25.774414062499996,116.58300781249997,432.5
8942,25.774414062499996,116.58496093749997,428.5
8943,25.774414062499996,116.58691406250003,422.0
8944,25.774414062499996,116.5888671875,416.0
8945,25.774414062499996,116.5908203125,411.5
8946,25.774414062499996,116.59277343749997,405.0
8947,25.774414062499996,116.5947265625,400.5
8948,25.774414062499996,116.5966796875,398.0
8949,25.774414062499996,116.5986328125,394.0
8950,25.774414062499996,116.60058593750003,391.0
8951,25.774414062499996,116.6025390625,392.0
8952,25.774414062499996,116.6044921875,392.5
8953,25.774414062499996,116.60644531250003,395.0
8954,25.774414062499996,116.60839843750003,397.5
8955,25.774414062499996,116.61035156250006,401.5
8956,25.774414062499996,116.61230468749997,402.5
8957,25.774414062499996,116.6142578125,406.0
8958,25.774414062499996,116.6162109375,410.5
8959,25.774414062499996,116.61816406249997,414.0
8960,25.774414062499996,116.6201171875,420.5
8961,25.774414062499996,116.6220703125,423.0
8962,25.774414062499996,116.62402343750003,426.5
8963,25.774414062499996,116.62597656250003,428.0
8964,25.774414062499996,116.62792968749997,429.5
8965,25.774414062499996,116.62988281250006,430.5
8966,25.774414062499996,116.63183593749997,428.5
8967,25.774414062499996,116.6337890625,426.5
8968,25.774414062499996,116.63574218749997,424.5
8969,25.774414062499996,116.63769531249997,423.0
8970,25.774414062499996,116.6396484375,422.0
8971,25.774414062499996,116.6416015625,421.0
8972,25.774414062499996,116.64355468750003,419.5
8973,25.774414062499996,116.64550781250003,418.5
8974,25.772460937499996,116.5009765625,357.5
8975,25.772460937499996,116.50292968749997,359.5
8976,25.772460937499996,116.5048828125,364.0
8977,25.772460937499996,116.5068359375,368.0
8978,25.772460937499996,116.50878906250003,373.5
8979,25.772460937500004,116.51074218749997,374.0
8980,25.772460937499996,116.5126953125,373.0
8981,25.772460937499996,116.5146484375,367.0
8982,25.772460937499996,116.51660156249997,363.0
8983,25.772460937499996,116.51855468750003,356.5
8984,25.772460937499996,116.52050781249997,350.0
8985,25.772460937499996,116.5224609375,347.5
8986,25.772460937499996,116.5244140625,342.0
8987,25.772460937499996,116.5263671875,336.5
8988,25.772460937499996,116.52832031250003,333.0
8989,25.772460937499996,116.53027343749997,329.5
8990,25.772460937499996,116.5322265625,329.5
8991,25.772460937499996,116.5341796875,332.0
8992,25.772460937499996,116.53613281250003,331.5
8993,25.772460937499996,116.53808593750003,331.0
8994,25.772460937499996,116.54003906249997,333.0
8995,25.772460937499996,116.54199218750003,336.5
8996,25.772460937499996,116.5439453125,340.0
8997,25.772460937499996,116.5458984375,354.0
8998,25.772460937499996,116.54785156250003,359.5
8999,25.772460937499996,116.54980468749997,364.5
9000,25.772460937499996,116.5517578125,374.5
9001,25.772460937499996,116.5537109375,383.5
9002,25.772460937499996,116.55566406250003,391.5
9003,25.772460937499996,116.5576171875,401.5
9004,25.772460937499996,116.5595703125,409.5
9005,25.772460937499996,116.56152343750003,419.5
9006,25.772460937499996,116.56347656250003,430.5
9007,25.772460937499996,116.56542968749997,441.5
9008,25.772460937499996,116.5673828125,450.5
9009,25.772460937499996,116.5693359375,452.5
9010,25.772460937499996,116.5712890625,453.5
9011,25.772460937499996,116.57324218749997,451.0
9012,25.772460937499996,116.5751953125,447.5
9013,25.772460937499996,116.5771484375,442.0
9014,25.772460937499996,116.5791015625,437.5
9015,25.772460937500004,116.58105468750003,433.5
9016,25.772460937499996,116.58300781249997,430.5
9017,25.772460937499996,116.58496093749997,424.5
9018,25.772460937499996,116.58691406250003,419.0
9019,25.772460937499996,116.5888671875,414.0
9020,25.772460937499996,116.5908203125,411.5
9021,25.772460937499996,116.59277343749997,409.0
9022,25.772460937499996,116.5947265625,406.0
9023,25.772460937499996,116.5966796875,402.5
9024,25.772460937499996,116.5986328125,401.0
9025,25.772460937499996,116.60058593750003,399.5
9026,25.772460937499996,116.6025390625,400.5
9027,25.772460937499996,116.6044921875,401.0
9028,25.772460937499996,116.60644531250003,402.0
9029,25.772460937499996,116.60839843750003,401.5
9030,25.772460937499996,116.61035156250006,404.0
9031,25.772460937499996,116.61230468749997,404.5
9032,25.772460937499996,116.6142578125,405.5
9033,25.772460937499996,116.6162109375,409.5
9034,25.772460937499996,116.61816406249997,412.5
9035,25.772460937499996,116.6201171875,418.0
9036,25.772460937499996,116.6220703125,420.5
9037,25.772460937499996,116.62402343750003,421.5
9038,25.772460937499996,116.62597656250003,421.5
9039,25.772460937499996,116.62792968749997,421.0
9040,25.772460937499996,116.62988281250006,421.5
9041,25.772460937499993,116.63183593749997,421.0
9042,25.772460937499996,116.6337890625,421.0
9043,25.772460937499996,116.63574218749997,418.5
9044,25.772460937499996,116.63769531249997,416.0
9045,25.772460937499996,116.6396484375,415.0
9046,25.772460937499996,116.6416015625,413.5
9047,25.772460937499996,116.64355468750003,412.5
9048,25.772460937499996,116.64550781250003,414.0
9049,25.770507812499996,116.5009765625,367.5
9050,25.770507812499996,116.50292968749997,367.5
9051,25.770507812499996,116.5048828125,370.0
9052,25.770507812499996,116.5068359375,373.5
9053,25.770507812499996,116.50878906250003,378.5
9054,25.770507812499996,116.51074218749997,379.5
9055,25.770507812499996,116.5126953125,370.5
9056,25.770507812499996,116.5146484375,368.5
9057,25.770507812499996,116.51660156249997,364.5
9058,25.770507812499996,116.51855468750003,360.5
9059,25.770507812499996,116.52050781249997,355.5
9060,25.770507812499996,116.5224609375,350.0
9061,25.770507812499996,116.5244140625,345.0
9062,25.770507812499996,116.5263671875,339.0
9063,25.770507812499996,116.52832031250003,336.0
9064,25.770507812499996,116.53027343749997,332.0
9065,25.770507812499996,116.5322265625,330.0
9066,25.770507812499996,116.5341796875,331.5
9067,25.770507812499996,116.53613281250003,332.0
9068,25.770507812499996,116.53808593750003,333.5
9069,25.770507812499996,116.54003906249997,336.5
9070,25.770507812499996,116.54199218750003,338.5
9071,25.770507812499996,116.5439453125,342.0
9072,25.770507812499996,116.5458984375,358.5
9073,25.770507812499996,116.54785156250003,366.5
9074,25.770507812499996,116.54980468749997,373.5
9075,25.770507812499996,116.5517578125,381.0
9076,25.770507812499996,116.5537109375,388.0
9077,25.770507812499996,116.55566406250003,394.0
9078,25.770507812499996,116.5576171875,401.5
9079,25.770507812499996,116.5595703125,411.5
9080,25.770507812499996,116.56152343750003,422.5
9081,25.770507812499996,116.56347656250003,435.0
9082,25.770507812499996,116.56542968749997,445.0
9083,25.770507812499996,116.5673828125,454.5
9084,25.770507812499996,116.5693359375,456.5
9085,25.770507812499996,116.5712890625,458.0
9086,25.770507812499996,116.57324218749997,456.0
9087,25.770507812499996,116.5751953125,450.5
9088,25.770507812499996,116.5771484375,451.5
9089,25.770507812499996,116.5791015625,441.5
9090,25.770507812499996,116.58105468750003,435.5
9091,25.770507812499996,116.58300781249997,430.5
9092,25.770507812499996,116.58496093749997,421.5
9093,25.770507812499996,116.58691406250003,415.5
9094,25.770507812499996,116.5888671875,415.5
9095,25.770507812499996,116.5908203125,413.5
9096,25.770507812499996,116.59277343749997,414.0
9097,25.770507812499996,116.5947265625,411.5
9098,25.770507812499996,116.5966796875,409.5
9099,25.770507812499996,116.5986328125,410.5
9100,25.770507812499996,116.60058593750003,409.5
9101,25.770507812499996,116.6025390625,408.5
9102,25.770507812499996,116.6044921875,409.0
9103,25.770507812499996,116.60644531250003,409.0
9104,25.770507812499996,116.60839843750003,407.0
9105,25.770507812499996,116.61035156250006,408.0
9106,25.770507812499996,116.61230468749997,408.0
9107,25.770507812499996,116.6142578125,410.0
9108,25.770507812499996,116.6162109375,413.0
9109,25.770507812499996,116.61816406249997,414.0
9110,25.770507812499996,116.6201171875,417.0
9111,25.770507812499996,116.6220703125,417.5
9112,25.770507812499996,116.62402343750003,414.5
9113,25.770507812499996,116.62597656250003,412.5
9114,25.770507812499996,116.62792968749997,408.5
9115,25.770507812499996,116.62988281250006,408.0
9116,25.770507812499996,116.63183593749997,410.5
9117,25.770507812499996,116.6337890625,413.0
9118,25.770507812499996,116.63574218749997,412.0
9119,25.770507812499996,116.63769531249997,409.5
9120,25.770507812499996,116.6396484375,408.5
9121,25.770507812499996,116.6416015625,408.5
9122,25.770507812499996,116.64355468750003,408.0
9123,25.770507812499996,116.64550781250003,408.0
9124,25.7685546875,116.5009765625,376.5
9125,25.7685546875,116.50292968749997,376.0
9126,25.7685546875,116.5048828125,376.5
9127,25.7685546875,116.5068359375,377.5
9128,25.768554687499996,116.50878906250003,382.5
9129,25.7685546875,116.51074218749997,383.5
9130,25.768554687499996,116.5126953125,374.0
9131,25.768554687499996,116.5146484375,372.5
9132,25.768554687499996,116.51660156249997,367.5
9133,25.7685546875,116.51855468750003,362.0
9134,25.7685546875,116.52050781249997,355.5
9135,25.7685546875,116.5224609375,347.5
9136,25.7685546875,116.5244140625,344.0
9137,25.7685546875,116.5263671875,339.5
9138,25.768554687499996,116.52832031250003,337.0
9139,25.7685546875,116.53027343749997,336.0
9140,25.7685546875,116.5322265625,333.5
9141,25.768554687499996,116.5341796875,332.5
9142,25.7685546875,116.53613281250003,333.0
9143,25.768554687499996,116.53808593750003,338.5
9144,25.768554687499996,116.54003906249997,338.5
9145,25.7685546875,116.54199218750003,339.5
9146,25.768554687499996,116.5439453125,344.5
9147,25.7685546875,116.5458984375,361.0
9148,25.768554687499996,116.54785156250003,372.0
9149,25.7685546875,116.54980468749997,378.5
9150,25.768554687499996,116.5517578125,383.5
9151,25.7685546875,116.5537109375,393.0
9152,25.768554687499996,116.55566406250003,401.0
9153,25.7685546875,116.5576171875,408.0
9154,25.7685546875,116.5595703125,417.0
9155,25.7685546875,116.56152343750003,427.0
9156,25.768554687499996,116.56347656250003,438.5
9157,25.768554687499996,116.56542968749997,447.0
9158,25.768554687499996,116.5673828125,457.5
9159,25.7685546875,116.5693359375,460.5
9160,25.7685546875,116.5712890625,461.0
9161,25.768554687499996,116.57324218749997,460.5
9162,25.7685546875,116.5751953125,458.5
9163,25.7685546875,116.5771484375,456.0
9164,25.768554687499996,116.5791015625,446.0
9165,25.7685546875,116.58105468750003,435.5
9166,25.768554687499996,116.58300781249997,431.0
9167,25.7685546875,116.58496093749997,424.0
9168,25.768554687499996,116.58691406250003,418.0
9169,25.7685546875,116.5888671875,418.0
9170,25.7685546875,116.5908203125,418.0
9171,25.7685546875,116.59277343749997,418.5
9172,25.7685546875,116.5947265625,416.5
9173,25.7685546875,116.5966796875,417.0
9174,25.7685546875,116.5986328125,420.0
9175,25.768554687499996,116.60058593750003,419.5
9176,25.768554687499996,116.6025390625,419.0
9177,25.7685546875,116.6044921875,417.0
9178,25.768554687499996,116.60644531250003,416.0
9179,25.768554687499996,116.60839843750003,415.5
9180,25.7685546875,116.61035156250006,415.0
9181,25.768554687499996,116.61230468749997,413.0
9182,25.7685546875,116.6142578125,414.0
9183,25.768554687499996,116.6162109375,414.5
9184,25.768554687499996,116.61816406249997,413.0
9185,25.7685546875,116.6201171875,414.5
9186,25.768554687499996,116.6220703125,412.5
9187,25.7685546875,116.62402343750003,407.0
9188,25.7685546875,116.62597656250003,401.5
9189,25.7685546875,116.62792968749997,401.5
9190,25.7685546875,116.62988281250006,402.0
9191,25.768554687499996,116.63183593749997,405.5
9192,25.7685546875,116.6337890625,407.0
9193,25.768554687499996,116.63574218749997,406.0
9194,25.7685546875,116.63769531249997,402.5
9195,25.7685546875,116.6396484375,401.0
9196,25.7685546875,116.6416015625,403.5
9197,25.7685546875,116.64355468750003,403.0
9198,25.768554687499996,116.64550781250003,403.0
9199,25.7666015625,116.5009765625,384.5
9200,25.7666015625,116.50292968749997,384.5
9201,25.7666015625,116.5048828125,384.5
9202,25.7666015625,116.5068359375,384.0
9203,25.7666015625,116.50878906250003,385.0
9204,25.7666015625,116.51074218749997,384.0
9205,25.7666015625,116.5126953125,378.0
9206,25.7666015625,116.5146484375,373.5
9207,25.7666015625,116.51660156249997,369.0
9208,25.7666015625,116.51855468750003,361.0
9209,25.7666015625,116.52050781249997,351.5
9210,25.766601562500004,116.5224609375,343.0
9211,25.7666015625,116.5244140625,340.0
9212,25.7666015625,116.5263671875,340.0
9213,25.7666015625,116.52832031250003,339.5
9214,25.7666015625,116.53027343749997,339.5
9215,25.7666015625,116.5322265625,337.0
9216,25.7666015625,116.5341796875,336.0
9217,25.7666015625,116.53613281250003,336.0
9218,25.7666015625,116.53808593750003,341.5
9219,25.7666015625,116.54003906249997,341.5
9220,25.7666015625,116.54199218750003,346.5
9221,25.7666015625,116.5439453125,353.0
9222,25.7666015625,116.5458984375,363.5
9223,25.7666015625,116.54785156250003,375.0
9224,25.766601562500004,116.54980468749997,384.5
9225,25.7666015625,116.5517578125,389.5
9226,25.7666015625,116.5537109375,398.0
9227,25.7666015625,116.55566406250003,407.5
9228,25.7666015625,116.5576171875,415.5
9229,25.766601562500004,116.5595703125,424.5
9230,25.7666015625,116.56152343750003,434.5
9231,25.7666015625,116.56347656250003,442.0
9232,25.7666015625,116.56542968749997,448.5
9233,25.7666015625,116.5673828125,460.5
9234,25.7666015625,116.5693359375,463.0
9235,25.7666015625,116.5712890625,463.5
9236,25.7666015625,116.57324218749997,462.0
9237,25.7666015625,116.5751953125,459.0
9238,25.7666015625,116.5771484375,456.0
9239,25.7666015625,116.5791015625,447.0
9240,25.766601562500004,116.58105468750003,437.5
9241,25.7666015625,116.58300781249997,434.0
9242,25.766601562500004,116.58496093749997,427.5
9243,25.7666015625,116.58691406250003,421.0
9244,25.7666015625,116.5888671875,421.5
9245,25.7666015625,116.5908203125,422.5
9246,25.7666015625,116.59277343749997,422.0
9247,25.7666015625,116.5947265625,423.0
9248,25.7666015625,116.5966796875,425.5
9249,25.7666015625,116.5986328125,428.0
9250,25.7666015625,116.60058593750003,427.5
9251,25.7666015625,116.6025390625,428.0
9252,25.7666015625,116.6044921875,426.5
9253,25.7666015625,116.60644531250003,424.0
9254,25.7666015625,116.60839843750003,421.0
9255,25.7666015625,116.61035156250006,420.0
9256,25.7666015625,116.61230468749997,417.5
9257,25.7666015625,116.6142578125,415.0
9258,25.7666015625,116.6162109375,413.5
9259,25.7666015625,116.61816406249997,413.0
9260,25.7666015625,116.6201171875,414.0
9261,25.7666015625,116.6220703125,412.0
9262,25.7666015625,116.62402343750003,406.5
9263,25.766601562500004,116.62597656250003,403.5
9264,25.7666015625,116.62792968749997,398.5
9265,25.7666015625,116.62988281250006,400.0
9266,25.7666015625,116.63183593749997,402.0
9267,25.7666015625,116.6337890625,401.5
9268,25.7666015625,116.63574218749997,399.5
9269,25.7666015625,116.63769531249997,398.5
9270,25.7666015625,116.6396484375,397.0
9271,25.7666015625,116.6416015625,396.0
9272,25.7666015625,116.64355468750003,397.0
9273,25.7666015625,116.64550781250003,401.5
9274,25.764648437499996,116.5009765625,390.0
9275,25.764648437499996,116.50292968749997,389.0
9276,25.764648437499996,116.5048828125,390.5
9277,25.764648437499996,116.5068359375,391.0
9278,25.764648437499996,116.50878906250003,385.5
9279,25.764648437499996,116.51074218749997,386.5
9280,25.764648437499996,116.5126953125,378.0
9281,25.764648437499996,116.5146484375,374.0
9282,25.764648437499996,116.51660156249997,372.0
9283,25.764648437499996,116.51855468750003,364.0
9284,25.764648437499996,116.52050781249997,355.0
9285,25.764648437499996,116.5224609375,345.0
9286,25.764648437499996,116.5244140625,338.0
9287,25.764648437499996,116.5263671875,340.0
9288,25.764648437499996,116.52832031250003,343.5
9289,25.764648437499996,116.53027343749997,342.0
9290,25.764648437499996,116.5322265625,338.5
9291,25.764648437499996,116.5341796875,339.5
9292,25.764648437499996,116.53613281250003,341.0
9293,25.764648437499996,116.53808593750003,342.5
9294,25.764648437499996,116.54003906249997,345.5
9295,25.764648437499996,116.54199218750003,355.0
9296,25.764648437499996,116.5439453125,360.5
9297,25.764648437499996,116.5458984375,370.0
9298,25.764648437499996,116.54785156250003,377.5
9299,25.764648437499996,116.54980468749997,386.0
9300,25.764648437499996,116.5517578125,393.5
9301,25.764648437499996,116.5537109375,401.0
9302,25.764648437499996,116.55566406250003,412.0
9303,25.764648437499996,116.5576171875,420.5
9304,25.764648437499996,116.5595703125,429.5
9305,25.764648437499996,116.56152343750003,436.5
9306,25.764648437499996,116.56347656250003,443.5
9307,25.764648437499996,116.56542968749997,451.0
9308,25.764648437499996,116.5673828125,463.0
9309,25.764648437499996,116.5693359375,465.5
9310,25.764648437499996,116.5712890625,465.0
9311,25.764648437499996,116.57324218749997,462.0
9312,25.764648437499996,116.5751953125,461.0
9313,25.764648437499996,116.5771484375,458.0
9314,25.764648437499996,116.5791015625,446.5
9315,25.764648437499996,116.58105468750003,439.0
9316,25.764648437499996,116.58300781249997,436.5
9317,25.764648437499996,116.58496093749997,431.0
9318,25.764648437499996,116.58691406250003,427.5
9319,25.764648437499996,116.5888671875,426.5
9320,25.764648437499996,116.5908203125,428.5
9321,25.764648437499996,116.59277343749997,428.5
9322,25.764648437499996,116.5947265625,431.5
9323,25.764648437499996,116.5966796875,435.0
9324,25.764648437499996,116.5986328125,435.5
9325,25.764648437499996,116.60058593750003,434.0
9326,25.764648437499996,116.6025390625,434.5
9327,25.764648437499996,116.6044921875,435.0
9328,25.764648437499996,116.60644531250003,433.5
9329,25.764648437499996,116.60839843750003,427.5
9330,25.764648437499996,116.61035156250006,424.5
9331,25.764648437499996,116.61230468749997,421.0
9332,25.764648437499996,116.6142578125,416.5
9333,25.764648437499996,116.6162109375,416.0
9334,25.764648437499996,116.61816406249997,417.0
9335,25.764648437499996,116.6201171875,418.0
9336,25.764648437499996,116.6220703125,413.0
9337,25.764648437499996,116.62402343750003,407.5
9338,25.764648437499996,116.62597656250003,408.0
9339,25.764648437499996,116.62792968749997,398.0
9340,25.764648437499996,116.62988281250006,399.5
9341,25.764648437499996,116.63183593749997,399.5
9342,25.764648437499996,116.6337890625,397.0
9343,25.764648437499996,116.63574218749997,394.5
9344,25.764648437499996,116.63769531249997,394.5
9345,25.764648437499996,116.6396484375,392.5
9346,25.764648437499996,116.6416015625,391.5
9347,25.764648437499996,116.64355468750003,398.0
9348,25.764648437499996,116.64550781250003,403.0
9349,25.762695312499996,116.5009765625,393.0
9350,25.762695312499996,116.50292968749997,391.5
9351,25.762695312499996,116.5048828125,393.0
9352,25.762695312499996,116.5068359375,392.5
9353,25.762695312499996,116.50878906250003,389.5
9354,25.762695312499996,116.51074218749997,389.5
9355,25.762695312499996,116.5126953125,381.5
9356,25.7626953125,116.5146484375,379.5
9357,25.762695312499996,116.51660156249997,375.5
9358,25.762695312499996,116.51855468750003,368.0
9359,25.762695312499996,116.52050781249997,362.0
9360,25.762695312499996,116.5224609375,353.5
9361,25.762695312499996,116.5244140625,345.0
9362,25.762695312499996,116.5263671875,346.5
9363,25.762695312499996,116.52832031250003,346.5
9364,25.762695312499996,116.53027343749997,341.5
9365,25.762695312499996,116.5322265625,340.5
9366,25.762695312499996,116.5341796875,343.5
9367,25.762695312499996,116.53613281250003,348.0
9368,25.762695312499996,116.53808593750003,350.5
9369,25.762695312499996,116.54003906249997,355.0
9370,25.762695312499996,116.54199218750003,362.5
9371,25.762695312499996,116.5439453125,367.5
9372,25.762695312499996,116.5458984375,374.5
9373,25.762695312499996,116.54785156250003,380.5
9374,25.762695312499996,116.54980468749997,386.0
9375,25.762695312499996,116.5517578125,395.5
9376,25.762695312499996,116.5537109375,406.0
9377,25.762695312499996,116.55566406250003,414.5
9378,25.762695312499996,116.5576171875,422.5
9379,25.762695312499996,116.5595703125,433.5
9380,25.762695312499996,116.56152343750003,438.5
9381,25.762695312499996,116.56347656250003,446.5
9382,25.762695312499996,116.56542968749997,455.0
9383,25.762695312499996,116.5673828125,465.5
9384,25.762695312499996,116.5693359375,467.5
9385,25.762695312499996,116.5712890625,467.0
9386,25.762695312499996,116.57324218749997,464.5
9387,25.762695312499996,116.5751953125,462.5
9388,25.762695312499996,116.5771484375,458.5
9389,25.762695312499996,116.5791015625,447.0
9390,25.762695312499996,116.58105468750003,442.0
9391,25.762695312499996,116.58300781249997,441.0
9392,25.762695312499996,116.58496093749997,437.5
9393,25.762695312499996,116.58691406250003,434.0
9394,25.762695312499996,116.5888671875,430.0
9395,25.762695312499996,116.5908203125,434.0
9396,25.762695312499996,116.59277343749997,437.0
9397,25.762695312499996,116.5947265625,438.5
9398,25.762695312499996,116.5966796875,442.0
9399,25.762695312499996,116.5986328125,444.0
9400,25.762695312499996,116.60058593750003,443.5
9401,25.762695312499996,116.6025390625,442.5
9402,25.762695312499996,116.6044921875,441.5
9403,25.762695312499996,116.60644531250003,440.0
9404,25.762695312499996,116.60839843750003,435.5
9405,25.762695312499996,116.61035156250006,431.5
9406,25.762695312499996,116.61230468749997,427.5
9407,25.762695312499996,116.6142578125,424.0
9408,25.762695312499996,116.6162109375,424.0
9409,25.762695312499996,116.61816406249997,423.0
9410,25.762695312499996,116.6201171875,423.0
9411,25.762695312499996,116.6220703125,415.0
9412,25.762695312499996,116.62402343750003,409.5
9413,25.762695312499996,116.62597656250003,409.5
9414,25.762695312499996,116.62792968749997,402.5
9415,25.762695312499996,116.62988281250006,400.0
9416,25.762695312499996,116.63183593749997,398.5
9417,25.762695312499996,116.6337890625,394.5
9418,25.762695312499996,116.63574218749997,391.5
9419,25.762695312499996,116.63769531249997,388.0
9420,25.762695312499996,116.6396484375,386.5
9421,25.762695312499996,116.6416015625,389.5
9422,25.762695312499996,116.64355468750003,399.0
9423,25.762695312499996,116.64550781250003,404.0
9424,25.7607421875,116.5009765625,392.5
9425,25.7607421875,116.50292968749997,392.5
9426,25.7607421875,116.5048828125,393.0
9427,25.7607421875,116.5068359375,392.5
9428,25.7607421875,116.50878906250003,389.0
9429,25.7607421875,116.51074218749997,392.0
9430,25.7607421875,116.5126953125,387.0
9431,25.7607421875,116.5146484375,385.5
9432,25.7607421875,116.51660156249997,380.5
9433,25.7607421875,116.51855468750003,373.0
9434,25.7607421875,116.52050781249997,368.0
9435,25.7607421875,116.5224609375,363.0
9436,25.7607421875,116.5244140625,357.5
9437,25.7607421875,116.5263671875,357.0
9438,25.7607421875,116.52832031250003,354.0
9439,25.7607421875,116.53027343749997,347.5
9440,25.7607421875,116.5322265625,348.5
9441,25.7607421875,116.5341796875,351.5
9442,25.7607421875,116.53613281250003,357.0
9443,25.7607421875,116.53808593750003,359.5
9444,25.7607421875,116.54003906249997,365.5
9445,25.7607421875,116.54199218750003,367.0
9446,25.7607421875,116.5439453125,370.0
9447,25.7607421875,116.5458984375,374.5
9448,25.7607421875,116.54785156250003,381.0
9449,25.7607421875,116.54980468749997,389.5
9450,25.7607421875,116.5517578125,400.5
9451,25.7607421875,116.5537109375,411.0
9452,25.7607421875,116.55566406250003,417.5
9453,25.7607421875,116.5576171875,425.5
9454,25.7607421875,116.5595703125,435.0
9455,25.7607421875,116.56152343750003,440.5
9456,25.7607421875,116.56347656250003,450.5
9457,25.7607421875,116.56542968749997,459.5
9458,25.7607421875,116.5673828125,466.5
9459,25.7607421875,116.5693359375,467.5
9460,25.7607421875,116.5712890625,467.5
9461,25.7607421875,116.57324218749997,467.0
9462,25.7607421875,116.5751953125,464.0
9463,25.7607421875,116.5771484375,461.0
9464,25.7607421875,116.5791015625,452.5
9465,25.7607421875,116.58105468750003,445.0
9466,25.7607421875,116.58300781249997,443.0
9467,25.7607421875,116.58496093749997,440.0
9468,25.7607421875,116.58691406250003,441.0
9469,25.7607421875,116.5888671875,437.5
9470,25.7607421875,116.5908203125,441.5
9471,25.7607421875,116.59277343749997,444.5
9472,25.7607421875,116.5947265625,445.0
9473,25.7607421875,116.5966796875,447.5
9474,25.7607421875,116.5986328125,450.0
9475,25.7607421875,116.60058593750003,449.0
9476,25.7607421875,116.6025390625,446.5
9477,25.7607421875,116.6044921875,444.5
9478,25.7607421875,116.60644531250003,441.5
9479,25.7607421875,116.60839843750003,439.0
9480,25.7607421875,116.61035156250006,436.5
9481,25.7607421875,116.61230468749997,435.0
9482,25.7607421875,116.6142578125,432.5
9483,25.7607421875,116.6162109375,432.0
9484,25.7607421875,116.61816406249997,429.0
9485,25.7607421875,116.6201171875,428.0
9486,25.7607421875,116.6220703125,420.0
9487,25.7607421875,116.62402343750003,416.0
9488,25.7607421875,116.62597656250003,410.0
9489,25.7607421875,116.62792968749997,405.5
9490,25.7607421875,116.62988281250006,401.0
9491,25.7607421875,116.63183593749997,396.5
9492,25.7607421875,116.6337890625,392.5
9493,25.7607421875,116.63574218749997,389.0
9494,25.7607421875,116.63769531249997,385.0
9495,25.7607421875,116.6396484375,384.0
9496,25.7607421875,116.6416015625,387.5
9497,25.7607421875,116.64355468750003,394.0
9498,25.7607421875,116.64550781250003,401.0
9499,25.758789062499996,116.5009765625,389.0
9500,25.758789062500004,116.50292968749997,390.5
9501,25.758789062499996,116.5048828125,391.0
9502,25.758789062500004,116.5068359375,391.0
9503,25.758789062499996,116.50878906250003,391.5
9504,25.758789062500004,116.51074218749997,393.5
9505,25.758789062499996,116.5126953125,390.5
9506,25.758789062499996,116.5146484375,389.5
9507,25.758789062499996,116.51660156249997,385.5
9508,25.758789062499996,116.51855468750003,380.5
9509,25.758789062499996,116.52050781249997,375.0
9510,25.758789062499996,116.5224609375,370.5
9511,25.758789062499996,116.5244140625,366.0
9512,25.758789062499996,116.5263671875,365.5
9513,25.758789062499996,116.52832031250003,364.5
9514,25.758789062500004,116.53027343749997,362.0
9515,25.758789062500004,116.5322265625,362.5
9516,25.758789062499996,116.5341796875,362.0
9517,25.758789062499996,116.53613281250003,365.5
9518,25.758789062499996,116.53808593750003,369.5
9519,25.758789062499996,116.54003906249997,372.5
9520,25.758789062499996,116.54199218750003,370.0
9521,25.758789062499996,116.5439453125,370.5
9522,25.758789062499996,116.5458984375,377.0
9523,25.758789062499996,116.54785156250003,385.5
9524,25.758789062499996,116.54980468749997,394.0
9525,25.758789062499996,116.5517578125,404.0
9526,25.758789062499996,116.5537109375,415.5
9527,25.758789062500004,116.55566406250003,422.5
9528,25.758789062499996,116.5576171875,430.0
9529,25.758789062500004,116.5595703125,440.0
9530,25.758789062499996,116.56152343750003,446.0
9531,25.758789062499996,116.56347656250003,454.5
9532,25.758789062499996,116.56542968749997,460.5
9533,25.758789062499996,116.5673828125,468.5
9534,25.758789062499996,116.5693359375,469.0
9535,25.758789062499996,116.5712890625,468.0
9536,25.758789062499996,116.57324218749997,467.5
9537,25.758789062499996,116.5751953125,465.5
9538,25.758789062499996,116.5771484375,463.5
9539,25.758789062499996,116.5791015625,456.5
9540,25.758789062500004,116.58105468750003,447.0
9541,25.758789062499996,116.58300781249997,441.5
9542,25.758789062500004,116.58496093749997,443.0
9543,25.758789062499996,116.58691406250003,445.5
9544,25.758789062499996,116.5888671875,443.5
9545,25.758789062499996,116.5908203125,443.0
9546,25.758789062499996,116.59277343749997,445.0
9547,25.758789062499996,116.5947265625,448.5
9548,25.758789062499996,116.5966796875,453.0
9549,25.758789062499996,116.5986328125,453.0
9550,25.758789062499996,116.60058593750003,449.5
9551,25.758789062499996,116.6025390625,447.5
9552,25.758789062499996,116.6044921875,446.5
9553,25.758789062499996,116.60644531250003,443.0
9554,25.758789062499996,116.60839843750003,442.5
9555,25.758789062499996,116.61035156250006,441.5
9556,25.758789062500004,116.61230468749997,441.0
9557,25.758789062500004,116.6142578125,439.5
9558,25.758789062499996,116.6162109375,438.5
9559,25.758789062499996,116.61816406249997,435.0
9560,25.758789062499996,116.6201171875,432.0
9561,25.758789062499996,116.6220703125,424.0
9562,25.758789062500004,116.62402343750003,417.0
9563,25.758789062500004,116.62597656250003,410.5
9564,25.758789062499996,116.62792968749997,407.5
9565,25.758789062499996,116.62988281250006,400.5
9566,25.758789062499996,116.63183593749997,393.5
9567,25.758789062499996,116.6337890625,388.0
9568,25.758789062499996,116.63574218749997,383.0
9569,25.758789062500004,116.63769531249997,380.5
9570,25.758789062499996,116.6396484375,380.5
9571,25.758789062499996,116.6416015625,385.5
9572,25.758789062499996,116.64355468750003,391.5
9573,25.758789062499996,116.64550781250003,399.5
9574,25.756835937499996,116.5009765625,383.5
9575,25.756835937499996,116.50292968749997,387.0
9576,25.756835937499996,116.5048828125,389.5
9577,25.756835937499996,116.5068359375,387.0
9578,25.756835937499996,116.50878906250003,390.0
9579,25.756835937499996,116.51074218749997,396.0
9580,25.756835937499996,116.5126953125,393.0
9581,25.756835937499996,116.5146484375,395.0
9582,25.756835937499996,116.51660156249997,392.0
9583,25.756835937499996,116.51855468750003,388.0
9584,25.756835937499996,116.52050781249997,383.0
9585,25.756835937499996,116.5224609375,378.5
9586,25.756835937499996,116.5244140625,374.5
9587,25.756835937499996,116.5263671875,374.0
9588,25.756835937499996,116.52832031250003,375.0
9589,25.756835937499996,116.53027343749997,374.5
9590,25.756835937499996,116.5322265625,373.5
9591,25.756835937499996,116.5341796875,375.5
9592,25.756835937499996,116.53613281250003,379.5
9593,25.756835937499996,116.53808593750003,379.0
9594,25.756835937499996,116.54003906249997,378.5
9595,25.756835937499996,116.54199218750003,374.5
9596,25.756835937499996,116.5439453125,372.0
9597,25.756835937499996,116.5458984375,385.0
9598,25.756835937499996,116.54785156250003,395.0
9599,25.756835937499996,116.54980468749997,402.0
9600,25.756835937499996,116.5517578125,408.5
9601,25.756835937499996,116.5537109375,418.5
9602,25.756835937499996,116.55566406250003,426.0
9603,25.756835937499996,116.5576171875,432.5
9604,25.756835937499996,116.5595703125,441.5
9605,25.756835937499996,116.56152343750003,447.5
9606,25.756835937499996,116.56347656250003,455.5
9607,25.756835937499996,116.56542968749997,458.5
9608,25.756835937499996,116.5673828125,468.0
9609,25.756835937499996,116.5693359375,469.5
9610,25.756835937499996,116.5712890625,470.0
9611,25.756835937499996,116.57324218749997,468.0
9612,25.756835937499996,116.5751953125,465.5
9613,25.756835937499996,116.5771484375,463.5
9614,25.756835937499996,116.5791015625,460.5
9615,25.756835937499996,116.58105468750003,457.0
9616,25.756835937499996,116.58300781249997,451.5
9617,25.756835937499996,116.58496093749997,451.0
9618,25.756835937499996,116.58691406250003,450.0
9619,25.756835937499996,116.5888671875,448.5
9620,25.756835937499996,116.5908203125,442.5
9621,25.756835937499996,116.59277343749997,442.0
9622,25.756835937499996,116.5947265625,447.5
9623,25.756835937499996,116.5966796875,455.0
9624,25.756835937499996,116.5986328125,455.5
9625,25.756835937499996,116.60058593750003,453.0
9626,25.756835937499996,116.6025390625,452.0
9627,25.756835937499996,116.6044921875,449.0
9628,25.756835937499996,116.60644531250003,447.5
9629,25.756835937499996,116.60839843750003,449.5
9630,25.756835937499996,116.61035156250006,449.5
9631,25.756835937499996,116.61230468749997,449.5
9632,25.756835937499996,116.6142578125,447.0
9633,25.756835937499996,116.6162109375,444.0
9634,25.756835937499996,116.61816406249997,439.0
9635,25.756835937499996,116.6201171875,434.0
9636,25.756835937499996,116.6220703125,426.5
9637,25.756835937499996,116.62402343750003,418.0
9638,25.756835937499996,116.62597656250003,411.5
9639,25.756835937499996,116.62792968749997,406.0
9640,25.756835937499996,116.62988281250006,398.5
9641,25.756835937499996,116.63183593749997,390.5
9642,25.756835937499996,116.6337890625,382.0
9643,25.756835937499996,116.63574218749997,376.0
9644,25.756835937499996,116.63769531249997,376.0
9645,25.756835937499996,116.6396484375,378.5
9646,25.756835937499996,116.6416015625,384.5
9647,25.756835937499996,116.64355468750003,389.0
9648,25.756835937499996,116.64550781250003,396.5
9649,25.7548828125,116.5009765625,377.5
9650,25.7548828125,116.50292968749997,383.0
9651,25.7548828125,116.5048828125,387.0
9652,25.7548828125,116.5068359375,387.0
9653,25.7548828125,116.50878906250003,390.5
9654,25.754882812500004,116.51074218749997,398.5
9655,25.7548828125,116.5126953125,398.0
9656,25.7548828125,116.5146484375,401.0
9657,25.7548828125,116.51660156249997,398.5
9658,25.7548828125,116.51855468750003,394.0
9659,25.7548828125,116.52050781249997,389.5
9660,25.754882812500004,116.5224609375,385.5
9661,25.7548828125,116.5244140625,381.5
9662,25.7548828125,116.5263671875,382.5
9663,25.7548828125,116.52832031250003,384.0
9664,25.754882812500004,116.53027343749997,385.0
9665,25.7548828125,116.5322265625,385.0
9666,25.7548828125,116.5341796875,384.0
9667,25.7548828125,116.53613281250003,386.0
9668,25.7548828125,116.53808593750003,388.0
9669,25.7548828125,116.54003906249997,388.0
9670,25.7548828125,116.54199218750003,384.5
9671,25.7548828125,116.5439453125,384.5
9672,25.7548828125,116.5458984375,397.0
9673,25.7548828125,116.54785156250003,402.0
9674,25.7548828125,116.54980468749997,406.0
9675,25.7548828125,116.5517578125,412.0
9676,25.7548828125,116.5537109375,419.0
9677,25.7548828125,116.55566406250003,427.0
9678,25.7548828125,116.5576171875,433.0
9679,25.7548828125,116.5595703125,441.0
9680,25.7548828125,116.56152343750003,446.5
9681,25.7548828125,116.56347656250003,454.0
9682,25.7548828125,116.56542968749997,457.0
9683,25.7548828125,116.5673828125,467.5
9684,25.7548828125,116.5693359375,468.5
9685,25.7548828125,116.5712890625,468.5
9686,25.7548828125,116.57324218749997,467.5
9687,25.7548828125,116.5751953125,464.5
9688,25.7548828125,116.5771484375,461.5
9689,25.7548828125,116.5791015625,463.0
9690,25.7548828125,116.58105468750003,463.5
9691,25.7548828125,116.58300781249997,458.0
9692,25.7548828125,116.58496093749997,457.5
9693,25.7548828125,116.58691406250003,456.5
9694,25.7548828125,116.5888671875,453.0
9695,25.7548828125,116.5908203125,450.5
9696,25.7548828125,116.59277343749997,450.0
9697,25.7548828125,116.5947265625,453.0
9698,25.7548828125,116.5966796875,459.0
9699,25.7548828125,116.5986328125,460.5
9700,25.7548828125,116.60058593750003,457.0
9701,25.7548828125,116.6025390625,454.5
9702,25.7548828125,116.6044921875,451.0
9703,25.7548828125,116.60644531250003,451.5
9704,25.7548828125,116.60839843750003,454.5
9705,25.7548828125,116.61035156250006,455.0
9706,25.7548828125,116.61230468749997,455.5
9707,25.7548828125,116.6142578125,453.0
9708,25.7548828125,116.6162109375,447.0
9709,25.7548828125,116.61816406249997,441.5
9710,25.7548828125,116.6201171875,434.0
9711,25.7548828125,116.6220703125,425.5
9712,25.754882812500004,116.62402343750003,418.5
9713,25.7548828125,116.62597656250003,410.0
9714,25.7548828125,116.62792968749997,403.5
9715,25.7548828125,116.62988281250006,396.5
9716,25.7548828125,116.63183593749997,388.5
9717,25.7548828125,116.6337890625,379.5
9718,25.7548828125,116.63574218749997,371.5
9719,25.7548828125,116.63769531249997,371.0
9720,25.7548828125,116.6396484375,376.0
9721,25.7548828125,116.6416015625,382.5
9722,25.7548828125,116.64355468750003,385.5
9723,25.7548828125,116.64550781250003,390.5
9724,25.7529296875,116.5009765625,372.0
9725,25.7529296875,116.50292968749997,378.0
9726,25.7529296875,116.5048828125,384.0
9727,25.7529296875,116.5068359375,390.5
9728,25.7529296875,116.50878906250003,394.5
9729,25.7529296875,116.51074218749997,400.0
9730,25.7529296875,116.5126953125,403.0
9731,25.7529296875,116.5146484375,406.5
9732,25.7529296875,116.51660156249997,405.0
9733,25.7529296875,116.51855468750003,399.5
9734,25.7529296875,116.52050781249997,395.5
9735,25.7529296875,116.5224609375,395.0
9736,25.7529296875,116.5244140625,393.0
9737,25.7529296875,116.5263671875,394.0
9738,25.7529296875,116.52832031250003,395.0
9739,25.7529296875,116.53027343749997,394.5
9740,25.7529296875,116.5322265625,393.5
9741,25.7529296875,116.5341796875,394.5
9742,25.7529296875,116.53613281250003,398.5
9743,25.7529296875,116.53808593750003,396.5
9744,25.7529296875,116.54003906249997,397.0
9745,25.7529296875,116.54199218750003,393.5
9746,25.7529296875,116.5439453125,394.5
9747,25.7529296875,116.5458984375,400.5
9748,25.7529296875,116.54785156250003,401.5
9749,25.7529296875,116.54980468749997,406.0
9750,25.7529296875,116.5517578125,414.0
9751,25.7529296875,116.5537109375,422.5
9752,25.7529296875,116.55566406250003,429.0
9753,25.7529296875,116.5576171875,432.5
9754,25.7529296875,116.5595703125,441.5
9755,25.7529296875,116.56152343750003,446.5
9756,25.7529296875,116.56347656250003,452.0
9757,25.7529296875,116.56542968749997,457.5
9758,25.7529296875,116.5673828125,467.0
9759,25.7529296875,116.5693359375,468.5
9760,25.7529296875,116.5712890625,468.0
9761,25.7529296875,116.57324218749997,469.0
9762,25.7529296875,116.5751953125,469.5
9763,25.7529296875,116.5771484375,466.5
9764,25.7529296875,116.5791015625,469.0
9765,25.7529296875,116.58105468750003,467.5
9766,25.7529296875,116.58300781249997,464.0
9767,25.7529296875,116.58496093749997,463.5
9768,25.7529296875,116.58691406250003,463.5
9769,25.7529296875,116.5888671875,461.0
9770,25.7529296875,116.5908203125,460.5
9771,25.7529296875,116.59277343749997,460.0
9772,25.7529296875,116.5947265625,461.5
9773,25.7529296875,116.5966796875,464.0
9774,25.7529296875,116.5986328125,464.5
9775,25.7529296875,116.60058593750003,461.0
9776,25.7529296875,116.6025390625,458.0
9777,25.7529296875,116.6044921875,454.5
9778,25.7529296875,116.60644531250003,457.0
9779,25.7529296875,116.60839843750003,460.5
9780,25.7529296875,116.61035156250006,459.5
9781,25.7529296875,116.61230468749997,457.0
9782,25.7529296875,116.6142578125,452.5
9783,25.7529296875,116.6162109375,447.5
9784,25.7529296875,116.61816406249997,442.5
9785,25.7529296875,116.6201171875,433.5
9786,25.7529296875,116.6220703125,423.0
9787,25.7529296875,116.62402343750003,411.0
9788,25.7529296875,116.62597656250003,409.0
9789,25.7529296875,116.62792968749997,402.0
9790,25.7529296875,116.62988281250006,394.0
9791,25.7529296875,116.63183593749997,387.0
9792,25.7529296875,116.6337890625,378.5
9793,25.7529296875,116.63574218749997,369.5
9794,25.7529296875,116.63769531249997,367.0
9795,25.7529296875,116.6396484375,372.0
9796,25.7529296875,116.6416015625,377.5
9797,25.7529296875,116.64355468750003,383.0
9798,25.7529296875,116.64550781250003,388.0
9799,25.750976562499996,116.5009765625,366.5
9800,25.750976562499996,116.50292968749997,373.5
9801,25.750976562499996,116.5048828125,381.0
9802,25.750976562499996,116.5068359375,388.0
9803,25.750976562499996,116.50878906250003,394.5
9804,25.750976562499996,116.51074218749997,399.0
9805,25.750976562499996,116.5126953125,406.5
9806,25.750976562499996,116.5146484375,410.0
9807,25.750976562499996,116.51660156249997,409.5
9808,25.750976562499996,116.51855468750003,407.5
9809,25.750976562499996,116.52050781249997,404.5
9810,25.750976562499996,116.5224609375,406.0
9811,25.750976562499996,116.5244140625,407.0
9812,25.750976562499996,116.5263671875,406.5
9813,25.750976562499996,116.52832031250003,406.0
9814,25.7509765625,116.53027343749997,403.0
9815,25.750976562499996,116.5322265625,400.5
9816,25.750976562499996,116.5341796875,405.5
9817,25.750976562499996,116.53613281250003,405.5
9818,25.750976562499996,116.53808593750003,404.0
9819,25.750976562499996,116.54003906249997,403.0
9820,25.750976562499996,116.54199218750003,400.0
9821,25.750976562499996,116.5439453125,400.5
9822,25.750976562499996,116.5458984375,401.0
9823,25.750976562499996,116.54785156250003,402.5
9824,25.750976562499996,116.54980468749997,407.0
9825,25.750976562499996,116.5517578125,414.5
9826,25.750976562499996,116.5537109375,422.5
9827,25.750976562499996,116.55566406250003,427.5
9828,25.750976562499996,116.5576171875,432.0
9829,25.750976562499996,116.5595703125,440.5
9830,25.750976562499996,116.56152343750003,444.0
9831,25.750976562499996,116.56347656250003,450.0
9832,25.750976562499996,116.56542968749997,460.0
9833,25.750976562499996,116.5673828125,465.0
9834,25.750976562499996,116.5693359375,467.0
9835,25.750976562499996,116.5712890625,469.0
9836,25.750976562499996,116.57324218749997,471.5
9837,25.750976562499996,116.5751953125,476.5
9838,25.750976562499996,116.5771484375,475.0
9839,25.750976562499996,116.5791015625,474.5
9840,25.750976562499996,116.58105468750003,473.5
9841,25.750976562499996,116.58300781249997,470.5
9842,25.750976562499996,116.58496093749997,469.5
9843,25.750976562499996,116.58691406250003,467.0
9844,25.750976562499996,116.5888671875,467.5
9845,25.750976562499996,116.5908203125,466.0
9846,25.750976562499996,116.59277343749997,465.5
9847,25.750976562499996,116.5947265625,466.0
9848,25.750976562499996,116.5966796875,467.0
9849,25.750976562499996,116.5986328125,466.0
9850,25.750976562499996,116.60058593750003,465.5
9851,25.750976562499996,116.6025390625,462.5
9852,25.750976562499996,116.6044921875,461.0
9853,25.750976562499996,116.60644531250003,462.5
9854,25.750976562499996,116.60839843750003,463.5
9855,25.750976562499996,116.61035156250006,460.5
9856,25.750976562499996,116.61230468749997,457.5
9857,25.750976562499996,116.6142578125,451.5
9858,25.750976562499996,116.6162109375,447.5
9859,25.750976562499996,116.61816406249997,439.0
9860,25.750976562499996,116.6201171875,428.5
9861,25.750976562499996,116.6220703125,420.5
9862,25.750976562499996,116.62402343750003,412.5
9863,25.750976562499996,116.62597656250003,410.0
9864,25.750976562499996,116.62792968749997,401.0
9865,25.750976562499996,116.62988281250006,392.0
9866,25.750976562499996,116.63183593749997,385.5
9867,25.750976562499996,116.6337890625,378.5
9868,25.750976562499996,116.63574218749997,370.5
9869,25.750976562499996,116.63769531249997,368.5
9870,25.750976562499996,116.6396484375,371.0
9871,25.750976562499996,116.6416015625,376.5
9872,25.750976562499996,116.64355468750003,382.0
9873,25.750976562499996,116.64550781250003,385.5
9874,25.749023437499993,116.5009765625,358.0
9875,25.749023437499993,116.50292968749997,366.5
9876,25.749023437499993,116.5048828125,376.0
9877,25.749023437499993,116.5068359375,384.0
9878,25.749023437499993,116.50878906250003,391.0
9879,25.749023437499996,116.51074218749997,396.0
9880,25.749023437499993,116.5126953125,406.0
9881,25.749023437499993,116.5146484375,413.0
9882,25.749023437499993,116.51660156249997,414.5
9883,25.749023437499993,116.51855468750003,415.5
9884,25.749023437499993,116.52050781249997,416.0
9885,25.749023437499996,116.5224609375,417.5
9886,25.749023437499996,116.5244140625,417.0
9887,25.749023437499996,116.5263671875,416.0
9888,25.749023437499993,116.52832031250003,414.5
9889,25.749023437499993,116.53027343749997,412.0
9890,25.749023437499996,116.5322265625,412.0
9891,25.749023437499993,116.5341796875,417.0
9892,25.749023437499993,116.53613281250003,415.0
9893,25.749023437499993,116.53808593750003,409.5
9894,25.749023437499993,116.54003906249997,407.0
9895,25.749023437499993,116.54199218750003,405.0
9896,25.749023437499993,116.5439453125,404.0
9897,25.749023437499993,116.5458984375,402.5
9898,25.749023437499993,116.54785156250003,403.5
9899,25.749023437499993,116.54980468749997,406.5
9900,25.749023437499993,116.5517578125,411.0
9901,25.749023437499993,116.5537109375,418.0
9902,25.749023437499993,116.55566406250003,423.5
9903,25.749023437499993,116.5576171875,429.0
9904,25.749023437499993,116.5595703125,438.0
9905,25.749023437499996,116.56152343750003,444.0
9906,25.749023437499993,116.56347656250003,449.0
9907,25.749023437499993,116.56542968749997,459.0
9908,25.749023437499993,116.5673828125,465.0
9909,25.749023437499996,116.5693359375,468.0
9910,25.749023437499993,116.5712890625,469.0
9911,25.749023437499993,116.57324218749997,473.5
9912,25.749023437499993,116.5751953125,479.0
9913,25.749023437499993,116.5771484375,478.0
9914,25.749023437499993,116.5791015625,478.5
9915,25.749023437499996,116.58105468750003,476.5
9916,25.749023437499993,116.58300781249997,474.0
9917,25.749023437499993,116.58496093749997,473.5
9918,25.749023437499993,116.58691406250003,471.0
9919,25.749023437499996,116.5888671875,470.5
9920,25.749023437499993,116.5908203125,469.0
9921,25.749023437499996,116.59277343749997,467.0
9922,25.749023437499996,116.5947265625,468.5
9923,25.749023437499993,116.5966796875,469.0
9924,25.749023437499993,116.5986328125,468.0
9925,25.749023437499993,116.60058593750003,467.5
9926,25.749023437499993,116.6025390625,466.0
9927,25.749023437499993,116.6044921875,468.0
9928,25.749023437499993,116.60644531250003,468.5
9929,25.749023437499993,116.60839843750003,465.5
9930,25.749023437499993,116.61035156250006,460.0
9931,25.749023437499996,116.61230468749997,456.0
9932,25.749023437499996,116.6142578125,451.5
9933,25.749023437499993,116.6162109375,446.0
9934,25.749023437499993,116.61816406249997,436.5
9935,25.749023437499996,116.6201171875,427.0
9936,25.749023437499993,116.6220703125,421.0
9937,25.749023437499996,116.62402343750003,413.0
9938,25.749023437499993,116.62597656250003,411.0
9939,25.749023437499996,116.62792968749997,403.0
9940,25.749023437499993,116.62988281250006,394.5
9941,25.749023437499993,116.63183593749997,387.0
9942,25.749023437499996,116.6337890625,379.5
9943,25.749023437499993,116.63574218749997,373.0
9944,25.749023437499993,116.63769531249997,370.5
9945,25.749023437499996,116.6396484375,372.0
9946,25.749023437499993,116.6416015625,373.5
9947,25.749023437499993,116.64355468750003,377.5
9948,25.749023437499993,116.64550781250003,380.5
9949,25.7470703125,116.5009765625,351.0
9950,25.7470703125,116.50292968749997,361.5
9951,25.7470703125,116.5048828125,370.0
9952,25.747070312500004,116.5068359375,379.0
9953,25.7470703125,116.50878906250003,388.5
9954,25.7470703125,116.51074218749997,395.0
9955,25.7470703125,116.5126953125,404.0
9956,25.747070312500004,116.5146484375,415.5
9957,25.7470703125,116.51660156249997,419.0
9958,25.7470703125,116.51855468750003,421.0
9959,25.7470703125,116.52050781249997,425.0
9960,25.7470703125,116.5224609375,427.5
9961,25.7470703125,116.5244140625,426.0
9962,25.747070312500004,116.5263671875,422.5
9963,25.7470703125,116.52832031250003,420.5
9964,25.747070312500004,116.53027343749997,421.5
9965,25.7470703125,116.5322265625,422.5
9966,25.7470703125,116.5341796875,427.5
9967,25.7470703125,116.53613281250003,424.0
9968,25.747070312500004,116.53808593750003,413.5
9969,25.747070312500004,116.54003906249997,411.0
9970,25.7470703125,116.54199218750003,410.0
9971,25.747070312500004,116.5439453125,405.5
9972,25.7470703125,116.5458984375,404.5
9973,25.7470703125,116.54785156250003,404.0
9974,25.747070312500004,116.54980468749997,407.0
9975,25.7470703125,116.5517578125,409.5
9976,25.7470703125,116.5537109375,416.0
9977,25.7470703125,116.55566406250003,422.5
9978,25.747070312500004,116.5576171875,427.5
9979,25.7470703125,116.5595703125,436.0
9980,25.747070312500004,116.56152343750003,444.5
9981,25.7470703125,116.56347656250003,450.5
9982,25.7470703125,116.56542968749997,458.5
9983,25.7470703125,116.5673828125,463.5
9984,25.747070312500004,116.5693359375,470.0
9985,25.7470703125,116.5712890625,471.5
9986,25.7470703125,116.57324218749997,478.0
9987,25.747070312500004,116.5751953125,480.0
9988,25.747070312500004,116.5771484375,480.5
9989,25.7470703125,116.5791015625,480.5
9990,25.747070312500004,116.58105468750003,476.0
9991,25.7470703125,116.58300781249997,474.0
9992,25.747070312500004,116.58496093749997,475.0
9993,25.7470703125,116.58691406250003,475.0
9994,25.7470703125,116.5888671875,473.5
9995,25.7470703125,116.5908203125,473.5
9996,25.7470703125,116.59277343749997,472.5
9997,25.747070312500004,116.5947265625,474.0
9998,25.7470703125,116.5966796875,474.0
9999,25.7470703125,116.5986328125,472.5
10000,25.747070312500004,116.60058593750003,470.5
10001,25.7470703125,116.6025390625,469.5
10002,25.7470703125,116.6044921875,469.5
10003,25.7470703125,116.60644531250003,469.0
10004,25.7470703125,116.60839843750003,465.5
10005,25.7470703125,116.61035156250006,460.0
10006,25.7470703125,116.61230468749997,454.5
10007,25.7470703125,116.6142578125,449.0
10008,25.747070312500004,116.6162109375,442.5
10009,25.7470703125,116.61816406249997,436.0
10010,25.747070312500004,116.6201171875,427.0
10011,25.7470703125,116.6220703125,421.5
10012,25.747070312500004,116.62402343750003,411.5
10013,25.7470703125,116.62597656250003,409.5
10014,25.747070312500004,116.62792968749997,401.0
10015,25.747070312500004,116.62988281250006,392.0
10016,25.7470703125,116.63183593749997,385.5
10017,25.747070312500004,116.6337890625,378.0
10018,25.747070312500004,116.63574218749997,372.0
10019,25.747070312500004,116.63769531249997,369.0
10020,25.7470703125,116.6396484375,369.5
10021,25.7470703125,116.6416015625,371.0
10022,25.747070312500004,116.64355468750003,374.5
10023,25.7470703125,116.64550781250003,377.5
10024,25.745117187499996,116.5009765625,343.0
10025,25.745117187499996,116.50292968749997,354.0
10026,25.745117187499996,116.5048828125,364.5
10027,25.745117187499996,116.5068359375,375.5
10028,25.745117187499996,116.50878906250003,386.5
10029,25.745117187499996,116.51074218749997,392.5
10030,25.745117187499996,116.5126953125,404.0
10031,25.745117187499996,116.5146484375,414.0
10032,25.745117187499996,116.51660156249997,420.0
10033,25.745117187499996,116.51855468750003,422.5
10034,25.745117187499996,116.52050781249997,428.5
10035,25.745117187499996,116.5224609375,433.0
10036,25.745117187499996,116.5244140625,433.5
10037,25.745117187499996,116.5263671875,428.5
10038,25.745117187499996,116.52832031250003,428.5
10039,25.745117187499996,116.53027343749997,430.0
10040,25.745117187499996,116.5322265625,428.5
10041,25.745117187499996,116.5341796875,430.0
10042,25.745117187499996,116.53613281250003,429.5
10043,25.745117187499996,116.53808593750003,418.0
10044,25.745117187499996,116.54003906249997,414.5
10045,25.745117187499996,116.54199218750003,409.5
10046,25.745117187499996,116.5439453125,404.5
10047,25.745117187499996,116.5458984375,403.0
10048,25.745117187499996,116.54785156250003,404.0
10049,25.745117187499996,116.54980468749997,410.0
10050,25.745117187499996,116.5517578125,414.5
10051,25.745117187499996,116.5537109375,415.5
10052,25.745117187499996,116.55566406250003,422.0
10053,25.745117187499996,116.5576171875,429.5
10054,25.745117187499996,116.5595703125,437.5
10055,25.745117187499996,116.56152343750003,445.0
10056,25.745117187499996,116.56347656250003,451.5
10057,25.745117187499996,116.56542968749997,458.0
10058,25.745117187499996,116.5673828125,462.0
10059,25.745117187499996,116.5693359375,468.5
10060,25.745117187499996,116.5712890625,474.0
10061,25.745117187499996,116.57324218749997,478.5
10062,25.745117187499996,116.5751953125,480.5
10063,25.745117187499996,116.5771484375,481.0
10064,25.745117187499996,116.5791015625,481.5
10065,25.745117187499996,116.58105468750003,479.0
10066,25.745117187499996,116.58300781249997,478.5
10067,25.745117187499996,116.58496093749997,479.0
10068,25.745117187499996,116.58691406250003,480.0
10069,25.745117187499996,116.5888671875,478.5
10070,25.745117187499996,116.5908203125,477.5
10071,25.745117187499996,116.59277343749997,477.5
10072,25.745117187499996,116.5947265625,477.0
10073,25.745117187499996,116.5966796875,477.0
10074,25.745117187499996,116.5986328125,476.0
10075,25.745117187499996,116.60058593750003,475.0
10076,25.745117187499996,116.6025390625,473.5
10077,25.745117187499996,116.6044921875,470.0
10078,25.745117187499996,116.60644531250003,467.0
10079,25.745117187499996,116.60839843750003,463.0
10080,25.745117187499996,116.61035156250006,458.5
10081,25.745117187499996,116.61230468749997,454.0
10082,25.745117187499996,116.6142578125,447.5
10083,25.745117187499996,116.6162109375,439.5
10084,25.745117187499996,116.61816406249997,431.5
10085,25.745117187499996,116.6201171875,426.5
10086,25.745117187499996,116.6220703125,421.5
10087,25.745117187499996,116.62402343750003,408.0
10088,25.745117187499996,116.62597656250003,405.0
10089,25.745117187499996,116.62792968749997,396.5
10090,25.745117187499996,116.62988281250006,386.0
10091,25.745117187499996,116.63183593749997,379.0
10092,25.745117187499996,116.6337890625,373.0
10093,25.745117187499996,116.63574218749997,367.5
10094,25.745117187499996,116.63769531249997,366.0
10095,25.745117187499996,116.6396484375,366.0
10096,25.745117187499996,116.6416015625,367.0
10097,25.745117187499996,116.64355468750003,369.0
10098,25.745117187499996,116.64550781250003,369.5
