{"val_fbeta_score":0.3802683651447296,"accuracy":0.5485295653343201,"best_epoch":1,"epoch":27,"_runtime":177.041111,"val_loss":0.6929096579551697,"fbeta_score":0.39834001660346985,"loss":0.6929469108581543,"val_accuracy":0.5413539409637451,"_wandb":{"runtime":177},"val_mean_iou":0.27067697048187256,"_timestamp":1.730222681683172e+09,"_step":28,"best_val_loss":0.6927053332328796,"learning_rate":9.999999974752427e-07,"mean_iou":0.2784019708633423}