{"_timestamp":1.73022672789182e+09,"learning_rate":4.0000002627493814e-05,"val_accuracy":0.4829519987106323,"val_fbeta_score":0.4011770486831665,"best_epoch":8,"best_val_loss":0.6896984577178955,"_wandb":{"runtime":276},"epoch":48,"mean_iou":0.34107065200805664,"loss":0.6948419213294983,"_step":49,"fbeta_score":0.5119665861129761,"val_loss":0.6932266354560852,"_runtime":276.524812,"val_mean_iou":0.283284991979599,"accuracy":0.5117888450622559}