{"best_val_loss":0.6902965307235718,"_timestamp":1.730222235467686e+09,"best_epoch":3,"_step":15,"learning_rate":0.0003999999607913196,"val_loss":0.6929001212120056,"_runtime":99.038148,"mean_iou":0.2752913534641266,"val_mean_iou":0.27067697048187256,"epoch":14,"_wandb":{"runtime":99},"val_accuracy":0.5413539409637451,"accuracy":0.5505688190460205,"val_fbeta_score":0.3802683651447296,"loss":0.6929652094841003,"fbeta_score":0.39100053906440735}