{"best_epoch":1,"loss":0.693018913269043,"_timestamp":1.7302218977515059e+09,"_step":29,"val_fbeta_score":0.5051078796386719,"val_loss":0.6930813789367676,"best_val_loss":0.6926707625389099,"val_accuracy":0.5100917220115662,"val_mean_iou":0.33569222688674927,"_runtime":185.199778,"fbeta_score":0.5023075342178345,"accuracy":0.5011398196220398,"epoch":28,"learning_rate":9.999999974752427e-07,"mean_iou":0.3330666422843933,"_wandb":{"runtime":185}}