{"val_mean_iou":0.27067697048187256,"fbeta_score":0.3909863829612732,"mean_iou":0.27528420090675354,"loss":0.6929441094398499,"_step":45,"val_fbeta_score":0.3802683651447296,"accuracy":0.5505684018135071,"val_accuracy":0.5413539409637451,"_runtime":281.566078,"best_epoch":1,"epoch":44,"val_loss":0.6929057240486145,"best_val_loss":0.6927182078361511,"_timestamp":1.730223176200421e+09,"_wandb":{"runtime":281},"learning_rate":1.6000001323845936e-06}