{"loss":0.6938464641571045,"_wandb":{"runtime":78},"val_fbeta_score":0.5564513206481934,"_timestamp":1.730221024374679e+09,"_runtime":78.418221,"best_epoch":2,"fbeta_score":0.5146313905715942,"epoch":12,"mean_iou":0.34472376108169556,"best_val_loss":0.6890856623649597,"accuracy":0.5133953094482422,"learning_rate":1.9999999494757503e-05,"val_mean_iou":0.3833141624927521,"val_loss":0.691620945930481,"_step":12,"val_accuracy":0.5569231510162354}