{"val_fbeta_score":0.4521198272705078,"learning_rate":1.9999999494757503e-05,"fbeta_score":0.5085206031799316,"best_epoch":11,"_wandb":{"runtime":95},"_timestamp":1.730221995434565e+09,"loss":0.6929231882095337,"epoch":14,"_runtime":95.665864,"val_accuracy":0.5283359885215759,"accuracy":0.5092158317565918,"val_loss":0.6929028034210205,"val_mean_iou":0.3049902021884918,"best_val_loss":0.6928225159645081,"_step":15,"mean_iou":0.3377387225627899}