{"learning_rate":0.0003999999607913196,"best_val_loss":0.6918280720710754,"_runtime":139.208415,"fbeta_score":0.2787143886089325,"val_fbeta_score":0.28842663764953613,"loss":0.692958652973175,"_wandb":{"runtime":139},"_step":22,"val_loss":0.6932141184806824,"epoch":21,"val_accuracy":0.4586460590362549,"mean_iou":0.22471578419208527,"accuracy":0.44943156838417053,"best_epoch":0,"val_mean_iou":0.22932302951812744,"_timestamp":1.730222822671783e+09}