{"val_accuracy":0.5413539409637451,"best_epoch":6,"_step":41,"mean_iou":0.27909398078918457,"best_val_loss":0.6919770240783691,"_runtime":263.692535,"epoch":40,"val_fbeta_score":0.3802683651447296,"val_loss":0.6929121017456055,"accuracy":0.548950731754303,"learning_rate":9.999999974752427e-07,"_timestamp":1.730222501975971e+09,"_wandb":{"runtime":263},"loss":0.6929479837417603,"val_mean_iou":0.27067697048187256,"fbeta_score":0.3994857668876648}