{"one_hot_mean_io_u_1":0.14031054079532623,"best_epoch":0,"_wandb":{"runtime":164},"_step":0,"loss":1.1942849159240723,"fbeta_score":0.36721697449684143,"_runtime":163.834461,"accuracy":0.33563172817230225,"val_accuracy":0.01567382737994194,"val_fbeta_score":0.0004837553424295038,"val_loss":4.215963363647461,"one_hot_io_u_1":0.14031054079532623,"epoch":0,"best_val_loss":4.215963363647461,"val_one_hot_io_u_1":0.0017415364272892475,"learning_rate":9.999999747378752e-05,"_timestamp":1.729787882605079e+09,"val_one_hot_mean_io_u_1":0.0017415364272892475}