{"val_mean_iou":0.32487133145332336,"loss":0.6930485963821411,"mean_iou":0.3310949504375458,"_timestamp":1.730226163353261e+09,"val_accuracy":0.4922642409801483,"best_epoch":9,"_step":48,"val_fbeta_score":0.48635804653167725,"val_loss":0.693115234375,"_wandb":{"runtime":275},"accuracy":0.5170533061027527,"_runtime":275.501563,"fbeta_score":0.4999043345451355,"best_val_loss":0.6898654699325562,"epoch":47,"learning_rate":0.0003999999607913196}