{"_runtime":284.017523,"val_accuracy":0.4665074050426483,"val_fbeta_score":0.3493262231349945,"_step":50,"mean_iou":0.3364167809486389,"val_mean_iou":0.2556161880493164,"_timestamp":1.730226449458252e+09,"fbeta_score":0.5065200924873352,"epoch":49,"learning_rate":3.99999953515362e-05,"best_epoch":4,"best_val_loss":0.6900536417961121,"_wandb":{"runtime":284},"val_loss":0.6933084726333618,"loss":0.6932123899459839,"accuracy":0.5057971477508545}