{"_wandb":{"runtime":103},"val_fbeta_score":0.3802683651447296,"_timestamp":1.730223361078271e+09,"fbeta_score":0.4949549436569214,"val_mean_iou":0.27067697048187256,"loss":0.6931048631668091,"_step":17,"epoch":16,"learning_rate":0.004999999888241291,"best_val_loss":0.6919556260108948,"best_epoch":3,"val_accuracy":0.5413539409637451,"_runtime":103.026979,"mean_iou":0.32663464546203613,"val_loss":0.6922735571861267,"accuracy":0.4937220513820648}