{"epoch":33,"_step":34,"val_fbeta_score":0.5036628246307373,"loss":0.6930431723594666,"learning_rate":3.199999582648161e-06,"mean_iou":0.3289075493812561,"accuracy":0.49685412645339966,"_timestamp":1.7302215206220071e+09,"val_mean_iou":0.33430927991867065,"val_loss":0.6931047439575195,"fbeta_score":0.49786633253097534,"_wandb":{"runtime":206},"_runtime":206.552011,"val_accuracy":0.5067138671875,"best_epoch":8,"best_val_loss":0.6898236870765686}