{"learning_rate":0.009999999776482582,"mean_iou":0.3270221948623657,"_wandb":{"runtime":74},"epoch":11,"val_fbeta_score":0.3802683651447296,"loss":0.6931996941566467,"_step":12,"val_loss":0.6908966898918152,"accuracy":0.4929247796535492,"_timestamp":1.7302232525410109e+09,"_runtime":74.437158,"best_epoch":11,"best_val_loss":0.6908966898918152,"val_mean_iou":0.27067697048187256,"fbeta_score":0.4935130774974823,"val_accuracy":0.5413539409637451}