{"accuracy":0.6114112734794617,"val_accuracy":0.6099818348884583,"mean_iou":0.43141892552375793,"val_fbeta_score":0.6038050651550293,"_wandb":{"runtime":312},"_step":50,"learning_rate":7.99999907030724e-05,"best_val_loss":0.6607199907302856,"_runtime":312.98899,"epoch":49,"val_mean_iou":0.4301002025604248,"fbeta_score":0.6063657999038696,"_timestamp":1.7302245899621959e+09,"best_epoch":49,"loss":0.6628098487854004,"val_loss":0.6607199907302856}