{"_runtime":285.786369,"val_fbeta_score":0.7425543069839478,"val_mean_iou":0.5911850333213806,"_step":50,"fbeta_score":0.7552797198295593,"loss":0.5040378570556641,"val_accuracy":0.7431849837303162,"_timestamp":1.7302258857941918e+09,"best_epoch":47,"best_val_loss":0.5135094523429871,"_wandb":{"runtime":285},"learning_rate":0.0010000000474974513,"epoch":49,"mean_iou":0.6041868925094604,"accuracy":0.7552630305290222,"val_loss":0.5184894800186157}