{"val_accuracy":0.5413539409637451,"_wandb":{"runtime":281},"_runtime":281.598777,"loss":0.692945122718811,"val_mean_iou":0.27067697048187256,"_step":45,"val_loss":0.6929110288619995,"accuracy":0.5505684018135071,"best_val_loss":0.6927772164344788,"learning_rate":4.0000002627493814e-05,"fbeta_score":0.3909863829612732,"best_epoch":0,"mean_iou":0.27528420090675354,"epoch":44,"val_fbeta_score":0.3802683651447296,"_timestamp":1.730223644697593e+09}