{"learning_rate":9.999999974752427e-07,"_runtime":272.093037,"val_mean_iou":0.3156496286392212,"val_accuracy":0.5265136957168579,"val_fbeta_score":0.4707803726196289,"best_epoch":2,"_wandb":{"runtime":272},"_step":46,"_timestamp":1.7302248650344388e+09,"val_loss":0.6928529739379883,"epoch":45,"fbeta_score":0.502562940120697,"best_val_loss":0.6904764175415039,"mean_iou":0.3332099914550781,"loss":0.6934390068054199,"accuracy":0.5014532804489136}